,cid,votes,含calm,含calm中文翻译
19925,Ugy64b8Tc-CR9fv_DdR4AaABAg,807,why are there 10k dislikes ..like people her videos are extremely aesthetic and calming and a lot of effort is required for these videos and she's feeding her grandma and giving us amazing content. why would you dislike this :(,为什么有10k的不喜欢。就像她的视频非常美观和平静，这些视频需要付出很多努力，她正在喂奶，并给我们提供了惊人的内容。你为什么不喜欢这个:(
30794,UgwDVTXYsWe6xG0NRJp4AaABAg,424,watching your videos calm my soul. you always show me that nature provides and it's up to us on how we can use it efficiently.,看着你的视频平静我的灵魂。您总是向我展示自然提供的，这取决于我们如何有效使用它。
32783,Ugzdz9B1qq9i0ys8Jb54AaABAg,367,"no matter how many millions of money we have in our bank accounts..if there is no peace of mind,healthy body and calm life..nothing can replace these",无论我们在银行帐户中有多少钱。如果没有安心，健康的身体和平静的生活。
25059,Ugytvmc3UbnvGly8w114AaABAg,237,"accidentally click the video too,after that could not get enough of it!!...much more better than watching the kardashian/jenner all the time.i'm just so sick of watching the superficial world,where every girls on ig tries to have lips injection and buttock implants.this is the real world,where you could see the beauty of nature,calm,peace of mind and happiness!",偶然地单击视频，之后无法获得足够的时间！！……比整个观看Kardashian/Jenner都要好得多。要注射嘴唇和臀部植入物。这是现实世界，您可以看到大自然的美丽，镇定，心灵和平和幸福！
15819,Ugz9yIW0_sTfOVZcda54AaABAg,185,why is this so damn calming,为什么这么该死的平静
6585,Ugy3xkTYxlTAID94IdJ4AaABAg,107,"i wish one day could live in place like this,so calming,relaxing,quiet place",我希望有一天能像这样生活，如此平静，放松，安静
3418,UgzNKYkV0tCUPFX9ZQp4AaABAg,89,"every time i saw ziyi's video, i felt very calm in my heart ... this is her unique charm, right?",每次看到子柒的视频心里就觉得很平静.....这就是她独特的魅力吧
14712,UgxCv7t-PZ3g7-WyfWx4AaABAg,67,"the quality, music, sound of nature, the sound of the pots and cutting are so calming to me",质量，音乐，大自然的声音，花盆的声音和割ch的声音对我来说是如此平静
11163,UgzUVB8vI2wBd2A43_h4AaABAg,31,"calm piano music: exists
insects: shhhhhhhhhhhhhhhhhhhhhhhhhh","平静的钢琴音乐：存在
昆虫：shhhhhhhhhhhhhhhhhhhhhhhhhh"
24212,Ugz70msks_b7G0fXLRJ4AaABAg,25,"watching from jamaica 
such a peaceful and calming video
shout out to all the caribbean peeps watching this","从牙买加观看
如此和平与平静的视频
向所有加勒比海窥视大喊看着这个"
13349,Ugy2EFfv0hjylyXBje54AaABAg,19,"she is pretty, and calm.. how beautiful..",她很漂亮，镇定..多么美丽。
9955,UgykU8u40JDLh8OfSS14AaABAg,18,"so serene to watch her! so calm, so peaceful! 
love from india! โฅ๏ธ","如此安静地看着她！如此镇定，如此宁静！
来自印度的爱！ ♥谢"
18218,UgwFis8As12YuknLUBZ4AaABAg,15,"there are still pickles. just looking at my heart, i feel very calm, peaceful, and give me a comfortable feeling. i started to like you",竟然还会腌菜，光是看着内心就感到很平静，安祥，给我一种舒服的感觉。开始喜欢你了
480,Ugzk1P7bWFaCYfdVd4J4AaABAg,14,the video is calm. the sister paper is awesome.,视频看的让人心情平静，妹纸真棒、虽然也吃不太来螺丝丝，但是超爱酸笋
4285,UgylN_1HCuYRgVfFTu14AaABAg,12,"i really like all your videos.
the scenery on this mountain is so beautiful, calm and cool. all these videos show a sense of sincerity, gratitude and simplicity.","我真的很喜欢你所有的视频。
这座山上的风景是如此美丽，平静和凉爽。所有这些视频都展现出一种真诚，感激和简单的感觉。"
23824,UgwthuALnpC-hfbyZ014AaABAg,10,"this video,is beautiful, all of your videos are. 
they are so calming.","这个视频很漂亮，您的所有视频都是。
他们很平静。"
28000,Ugx1WY5JExPYRwUI8JR4AaABAg,10,your video are so lovely and it has a calming and peaceful effect on,您的视频是如此可爱，并且对保持良好工作的镇定和和平影响
15587,Ugxjrv2mKx5Vq8flEzV4AaABAg,9,she looks like mina from twice. this is so calming it's so gud.,她看起来像是两次的Mina。这太平静了，真是太糟糕了。
2629,Ugx0BAOT4AoUIWtTzOp4AaABAg,9,a nice moment of calm from the everyday stress of modern life.,从现代生活的日常压力中，一个平静的时刻。
6050,UgxsnsDTIITzGSsfuqx4AaABAg,8,"as much as we love her art of cooking, we need to understand, it is still hard work to plant/grow and maintain a healthy garden like this. 
just watching the video is very calming and satisfying. i think i will watch it again, ๐ฑ๐พ","尽管我们喜欢她的烹饪艺术，但我们需要了解，种植/种植和维持像这样的健康花园仍然是艰苦的工作。
仅观看视频非常平静和令人满意。我想我会再看一次，"
16682,Ugz6IOJ4bELIuB8MvT14AaABAg,6,"these videos are calming -- therepeutic for anybody suffering with hypertension, anxiety or, non-pysiological depression.",这些视频令人镇定 - 对于患有高血压，焦虑或非病理学抑郁症患者的任何人都在镇定。
29974,Ugz8MB3qs8Obi7esJ2h4AaABAg,5,love watching your videos. keeps me calm & relaxed!!,喜欢观看视频。让我保持镇定和放松！
33295,UgxMR6LIbUgNgGCiaKR4AaABAg,5,"its astonishing how calming her videos are...simply amazing.... superb video quality all organic food... 
i wish i could live there...
great video. looking forward for the next upload","令人惊讶的是她的视频的平静……简直令人赞叹。
我希望我能住在那里...
很棒的视频。期待下一个上传"
21942,Ugxqx5Mr07z9pd6YGOp4AaABAg,5,"when have panic attacking on me...i don’t want to see anything just yours videos 
and then tha calm is comoen to me
i don’t want feel like this on me .is soo sadthe depressing and ansiedad but thanks for yours videos i like to wan live ther on the montains","什么时候恐慌对我进行攻击...我不想看到您的视频
然后，我的平静是我的comoen
我不想在我身上感到这样。太可悲了，令人沮丧和安塞达德"
8409,UgwiePU6VscZJIwL2MR4AaABAg,5,"43million views... go onnnn liziki! 
just love the sense of calm, i think so many of us are missing that in our lives, that's another reason she has 43m views. so beautiful ๐ฅฐ","4,300万次观看...去Liziki！
只是喜欢平静的感觉，我认为我们当中的许多人都缺少，这就是她拥有4300万观点的另一个原因。如此美丽"
23402,Ugys54iUj9TTs_NqgDB4AaABAg.8zk0PxB5igA9-AHlFqSobX,5,slappy calm the fuck down who pissed in your cheerios this morning?,slappy平静下来的人今天早上在你的麦片中生气的人？
20130,UgzWDCM5VHlrVcjpwQ54AaABAg,4,i feel calm while watching this video by the scenic beauty of the nature,我在观看这部视频的自然风光时感到很镇定
26695,UgzOQoEoVjqVgD8dNCx4AaABAg,4,i am so hooked with her videos. they are so calming and informative. just wondering is there anything this woman can't do?,我很喜欢她的视频。他们是如此的平静和信息丰富。只是想知道这个女人不能做什么？
11290,UgwBDYyUsnSceJ3C_Xx4AaABAg,4,calming background music... and i love everything about you lady ❤️,平静的背景音乐...我爱你的一切
24536,Ugytrq4-TNi6cBd3mFp4AaABAg,4,"oh my how i wish my life was like that, you're very lucky to be living such a beautiful and calming life i really like your videos they make me relax but a little bit sad because i could never have such life :p i really wish i could visit you it would be like a dream ❤️",哦，我的我希望自己的生活是那样的，你很幸运能过着如此美丽而平静的生活，我真的很喜欢你的视频，让我放松，但有点难过，因为我永远不会过这样的生活：P我真的希望我可以拜访你，就像一个梦想❤️
10731,Ugx79jz9tMzg20_2tst4AaABAg.98U3qX1W-EW98ZYYph6Tjt,4,calm down sir. you probably are not good enough to marry her lol,先生冷静下来。你可能还不够嫁给她大声笑
15498,UgxpSmJXGUdxsrqLpTx4AaABAg,3,"it is very calming and relaxing to watch. i like how she preserved traditional craftsmanship and many more. but it is impossible to live like this. you will need to hire a team of gardener, makeup artist, chef, and housekeeper...",观看这是非常平静和放松的。我喜欢她保留传统工艺的方式等等。但是不可能这样生活。您需要雇用一支由园丁，化妆师，厨师和管家组成的团队...
3749,Ugyw_NU3ikg7NaIfpT94AaABAg,3,shes has the calmest videos so relaxing,她有最平静的视频，所以放松
29052,UgyxBFiqpKDryhlhXr14AaABAg,3,"what a smart woman she is! i just love to watch liziqi video. such a calm, kind atmosphere.",她是一个聪明的女人！我只是喜欢看Liziqi视频。如此平静，友善的氛围。
21092,UgwI--vwhvAJQ4z5UsF4AaABAg,3,"the music is really calming, n it reminds me of some old chinese movies",音乐真的很平静，它让我想起了一些古老的中国电影
6584,Ugy92fLMyLJ7yYHUoIp4AaABAg,3,"my first impression was watching .. i felt calm .. the atmosphere was so comfortable it was really beautiful. makes me interested in watching it again

๏ฟผ","我的第一印象是看着..我感到镇定。气氛非常舒适，真的很漂亮。让我有兴趣再次观看

￼"
5332,UgwfzR1Wxt6ralOi9q14AaABAg,3,idk but this is satisfying and calming to watch โค๏ธ,idk，但这是令人满意和平静的观看❤️
32800,Ugzdz9B1qq9i0ys8Jb54AaABAg.8yUmLaS9As08yVA06gobgU,2,"that was so cheesy also you do have to have peace of mind, a healthy body and especially a calm life to live a happy life because everyone would be so alike and it would make life seem sooo damn boring but i do agree with you.",那真是太俗气了，您确实必须安心，健康的身体，尤其是一种平静的生活才能过上幸福的生活，因为每个人都会如此相似，这会使生活看起来如此无聊，但我同意您的看法。
19873,UgwLVppGe_u_W9HKWp94AaABAg,2,"five thousand years of cultural precipitation, ordinary chinese girls are displayed in front of everyone with the most innocent image.
a trick on my hand, clean and uplifiers, skillful skills, the most authentic chai oil and salt.
with modern video interaction, it is widely announced, refueling.
take your heart and calm down china. this is beautiful everywhere.","五千年的的文化沉淀，普通的中国女孩以最纯真质朴的形象展现在大家面前。
手上的一招一式，干净麻利，技巧的娴熟，最原汁原味的柴米油盐。
有了现代视频交互方式得以广而宣之，加油
放下心，平静下来中国处处是这番美好。"
14757,Ugx1GnDcN21WHq6q5lh4AaABAg,2,"i like calmness 
another thing ..
all plants and planting, and everything around you make something strange from it 
as for the cooking issue, this is another research

my question is reasonable in the year 2020
ako hig shi

can i ask for resorting to you","我喜欢平静
另一件事 ..
所有的植物和种植，周​​围的一切都使它变得很奇怪
至于烹饪问题，这是另一项研究

我的问题在2020年是合理的
ako hig shi

我可以要求你求你吗"
3487,Ugx9MLwJZ7UFoOk1M6B4AaABAg,2,"i was often busy or engaged in other things! 
yet, whenener i come here, it is so soothing and calm!
thanks ziqi...","我经常忙或从事其他事情！
但是，当我来这里时，它是如此舒缓和镇定！
谢谢Ziqi ..."
33106,Ugx8FE089Sxi_DFEwzV4AaABAg,2,"i really like your videos - the aesthetic, the rustic ambience, the culture, the cinematography, the music, the variety of knowledge and skills you display - everything is just perfection. you make countryside lifestyle romantic, calming, and dare i say much better than urban lifestyle. ❤",我真的很喜欢您的视频 - 美学，乡村氛围，文化，摄影，音乐，您展示的知识和技能的多样性 - 一切都是完美的。您使乡村的生活方式浪漫，镇定和敢于说，我说的要比城市生活方式好得多。 ❤
16280,Ugy0kCO-C8c4ew6Z5aZ4AaABAg,2,"when you watch this video its like your in a haze, so relaxing and calm. good break from the hustle and bustle of working in the city! gotta visit china soon and learn about my cultural heritage, right now my perspective is muddled by western culture, so harsh and abbrrasive specially for my children. keep up the videos!",当您观看此视频时，它就像您的阴霾一样，令人放松和镇定。从城市工作的喧嚣中度过了良好的休息！要尽快参观中国并了解我的文化遗产，现在我的观点被西方文化所困扰，这对我的孩子们来说是如此苛刻和宽容。保持视频！
31187,UgwKSnU6fuOJ1v0dwgd4AaABAg,2,your work seems very calming although sometimes very strenuous. everything you make us so fresh. love watching you perform your talents.,您的工作似乎很平静，尽管有时很艰巨。你让我们如此新鲜的一切。喜欢看着你表演自己的才华。
26843,UgwPsqh0UqLzFY5BOH54AaABAg,2,"hello, i am an american, i am using a translation application. if it is a bit messy, i'm sorry. i really like your video, even if i can't understand it, they always calm me down. they let me calm down, and i emphasized from the school, so i watch your video now. you are a surprising chef, i like your embroidery skills! you are so talented, so maintain a good job!",你好，我是美国人，我正在使用翻译应用程序，如果它有点凌乱，那就很抱歉。我真的很喜欢你的视频，即使我不能理解它，它们总能让我冷静下来。他们让我冷静，并且我从学校强调，所以我现在看你的视频。你是一个令人惊讶的厨师，我喜欢你的刺绣技巧！你是如此有才华，所以保持良好的工作！
27377,UgwxXt64u2Xn7AH3Gnp4AaABAg,2,you are wonderful i get calm when i see you cook.,当我看到你做饭时，我很棒。
8532,UgziCXRd-TeTqbjqtY54AaABAg,2,it is a calming and wonderful video. the dishes are really great. we support. so prettyโก,这是一个平静而精彩的视频。这些菜真的很棒。我们支持。太漂亮了
27164,UgyRv5uEXzE0WSsa04x4AaABAg.8yhVtwY-4oB8ymGzBJpg9T,1,"jian miao has also entered the hustle and bustle, but she loves calmness and leisure.","jian miao 她也曾走入喧嚣,但是她更爱平静闲适。"
15974,Ugw-3gHeuMzpwgnKECB4AaABAg,1,"i want to live a life like this. peace, quiet, calm, i have to hunt and search for my daily meals.",我想过这样的生活。和平，宁静，镇定，我必须狩猎和寻找我的日常用餐。
20029,UgzesOY9m4nBBWpOWiB4AaABAg,1,whenever i see ur videos i feel very calm n pleasant ...,每当我看到您的视频时，我都会感到非常平静，很愉快...
19340,UgwWMWX7Iks51p8fLIJ4AaABAg,1,watching her video will always make people calm down,看她的视频总会让人宁静下来
28232,UgxNYhIa1VpG0L3nNqZ4AaABAg,1,"she seems to do everything with so much deep calmness and peacefulness. <3 
how can one reach that?","她似乎以如此深厚的平静与和平来做一切。 <3
一个人怎么能达到这一点？"
19347,UgzEkgrnLszQj5tIMKx4AaABAg,1,"i like this new concept of cooking video, so calming, got a bit of story too",我喜欢这个新的烹饪视频概念，所以平静，也有一些故事
35047,UgymGBA4J8HL0oQXadl4AaABAg,1,"i really love ur content liziqi, its so calm & refreshing!
continue what ur doing.

all the way from the philippines.","我真的很喜欢您的内容liziqi，它是如此的冷静和清新！
继续您的工作。

从菲律宾一直到。"
7543,UgyxuCZIFL8Cj6xawbl4AaABAg,1,"those other chinese mukbangers are sooo annoying.
liziqi is soo calm and the the bgm is so nostalgicโค๏ธ","那些其他中国的穆克邦人很烦人。
liziqi很镇定，而BGM如此怀旧"
11457,UgyjDiN9PtDWpqH88ZJ4AaABAg,1,her channel brings calm into my life while im surrounded by chaos.,当我被混乱包围时，她的频道使我的生活变得平静。
34929,Ugw4jPN7fasZ7cNk6YV4AaABAg,1,quite and calm videos ____❤,相当平静的视频____❤
2230,Ugw96r-aaP5Cm_nHL9V4AaABAg,1,"i really feel that such a virtuous woman is the most beautiful scenery in the world. looking at your busy look makes people feel calm. i don’t necessarily see your video next time, so i wish you a happy happiness first",真心觉得，这么贤惠的女子才是人世间最美的风景了吧。看着你忙忙碌碌的样子让人感到心情很平静。下次不一定会看到你的视频，所以先祝你美满幸福
33909,Ugw9KDu2nrHp36CBdWV4AaABAg,1,"i don't know the image of the taste, but somehow a calm landscape like a grandmother in the countryside",我不知道味道的形象，但是某种程度上是一个像祖母一样平静的风景
33847,Ugyk1ftA6GOwWRnyvM94AaABAg,1,"creativity, hallway, calm, and views of crazy followers from syria",叙利亚疯狂追随者的创造力，走廊，镇定和景色
5903,UgzlzO-1rE655wGM5il4AaABAg,1,"i am a simple people who want to meet a serious partner, polite and calm. i hate lies, hypocrisy and stupidity. i want a good life with my partner for her who will respect me and love me for who i am. if you are interested here is my whatsapp. 491782570178",我是一个简单的人，想见一个认真的伴侣，礼貌而镇定。我讨厌撒谎，虚伪和愚蠢。我想要与我的伴侣一起度过美好的生活，她会尊重我并爱我的身份。如果您感兴趣的话，这是我的WhatsApp。 491782570178
5928,UgwS7SB7D6tYicwC8ZZ4AaABAg,1,"i am a simple people who want to meet a serious partner, polite and calm. i hate lies, hypocrisy and stupidity. i want a good life with my partner for her who will respect me and love me for who i am. if you are interested here is my whatsapp. 491782570178",我是一个简单的人，想见一个认真的伴侣，礼貌而镇定。我讨厌撒谎，虚伪和愚蠢。我想要与我的伴侣一起度过美好的生活，她会尊重我并爱我的身份。如果您感兴趣的话，这是我的WhatsApp。 491782570178
5944,UgyqQ13ffx9dFaq0wGR4AaABAg,1,"i am a simple people who want to meet a serious partner, polite and calm. i hate lies, hypocrisy and stupidity. i want a good life with my partner for her who will respect me and love me for who i am. if you are interested here is my whatsapp. +491782570178",我是一个简单的人，想见一个认真的伴侣，礼貌而镇定。我讨厌撒谎，虚伪和愚蠢。我想要与我的伴侣一起度过美好的生活，她会尊重我并爱我的身份。如果您感兴趣的话，这是我的WhatsApp。 +491782570178
5969,UgxBZlK643skj4gvMxZ4AaABAg.9FF-ZvuKkMT9FK5UUKQCvp,1,"i am a simple people who want to meet a serious partner, polite and calm. i hate lies, hypocrisy and stupidity. i want a good life with my partner for her who will respect me and love me for who i am. if you are interested here is my whatsapp. 491782570178",我是一个简单的人，想见一个认真的伴侣，礼貌而镇定。我讨厌撒谎，虚伪和愚蠢。我想要与我的伴侣一起度过美好的生活，她会尊重我并爱我的身份。如果您感兴趣的话，这是我的WhatsApp。 491782570178
33039,Ugzmmp3o1lsdeUKdZih4AaABAg,1,i already fell in love with your videos and i can’t even describe how much i love seeing them. they are calming me down even today when i have to go somewhere that i hate visiting. thank you!,我已经爱上了您的视频，我什至无法描述我有多喜欢看到它们。即使在今天我不得不去我讨厌来访的地方，他们也使我平静下来。谢谢你！
9990,UgysJBRkFffqB7nmKAB4AaABAg,1,"what nature and what calm, and what a beautiful girl, and what kind of golden hands she has.
just a treasure for men, that is, for the future husband.
i wish her all that is on earth, the best !!!","什么天性，什么平静，一个美丽的女孩，她拥有的金色手。
只是男人的宝藏，即对未来丈夫的宝藏。
我祝她一切顺利，一切最好！！！"
29958,UgxT8YNVf6OA0Oqm2Dl4AaABAg,1,amazing and calming,惊人而平静
24003,Ugzz1spHGpGbq6xmJWV4AaABAg,1,it's a wonderful video. calm and tidy.,这是一个很棒的视频。平静而整洁。
13161,UgwiNjwgK5yh8sjR2PB4AaABAg,1,iove her life style it's hard working but calm and peaceful it seems nice,我使她的生活方式很难工作，但是平静而和平，看起来不错
30684,UgxnXJcAI1oGiTfgkEl4AaABAg,0,"every time i see your videos, my soul calms down, thanks",每当我看到您的视频时，我的灵魂都会平静下来，谢谢
25563,UgyyPyftsj8wEQx9fUx4AaABAg,0,i like your bamboo garden very shady and calm.,我喜欢你的竹制花园非常阴暗和镇定。
34108,Ugxy1nSwkcWaI6qngIB4AaABAg,0,"now in the troubled times of hong kong, watching her video can find the calmness of the soul. bleak",现在香港乱世，看会儿她的视频才能找回点心灵上的平静。
26178,UgwVEbvvq2a4zpZTHOV4AaABAg.8ytMvEtC0gE8yuZiRj3mO9,0,@xschan2256 calm down lol.,@xschan2256冷静下来大声笑。
25881,Ugxqh82xktopY5il5RN4AaABAg,0,these videos make me feel so calm and focused. watching her work with such trained elegance is so mesmerizing!,这些视频使我感到如此镇定和专注。用这种训练有素的优雅观看她的作品真是令人着迷！
25688,UgwnaF5RyWsmEp3KAiV4AaABAg,0,i do eat non veg but your video which shows fresh veggies from your farm making me think i should quit non veg food ... its slow process but i m sure i ll be pure vegetarian... love from me .. this is gentle way to show world how one can live in country side in cool calm way ... best way of life,我确实吃了非蔬菜，但是您的视频显示了您农场的新鲜蔬菜，使我认为我应该放弃非素食食品...这很慢，但我敢肯定我会纯粹是素食主义者...这是我的爱。展示世界如何以凉爽平静的方式生活在乡村方面...最佳生活方式
25566,UgxpJVLyLS05WIMM1Md4AaABAg,0,this video calm my anxiety... and gave me a peaceful mind...,这段视频使我的焦虑症平静...并给了我一个和平的头脑...
29038,UgzVX1s3HdmhWmmILgN4AaABAg.8yXyAuH9Z1Y8yf0AXGMkPq,0,"@user-dw6rn9zh6c pay attention, there are always a lot of both may 2018 and there are still 3 videos there, and for the last month there are. one that the np is growing)? or she loves the pappis so that she constantly selects them, and how she grows up in forest))!? just their culture is like this. t.b.do, see on liz: it also squeezes calories, carbohydrates, vitamins and fats for all that is around and gives nature: vegetable and animal, it is simply apparently popular in european countries, in the usa, with us, and not just in asia. and apparently she realizes that it will be living for us, and this is so: it is full of varieties! but the puppy, for them, like borsuk- superproof, even capable of treating tuberculosis with its fat. turn to me: such a ""practical"" korean, japanese woman, legged, chinese)) whoever she is, will not miss this product !! (therefore, the little puppies are always disturbed in the video. i can’t judge: such as a culture, for muslims shock and fu, that we eat pigs, i just think not to show, not to tell about it. if she prepares and uses everything that is in her household! and this is not honest according to her relations towards us. haith, i would have respected her more for honesty. i didn’t hide it particularly. imea is a little knowledge about their culture, seeing her video and a little in my head. it’s hard to understand. calm. by the way) by the way) by the way) i have today d.r. !!) and they gave me a puppy !! dobermanchik)",@user-dw6rn9zh6c注意，2018年5月总是有很多两者，那里仍然有3个视频，在上个月。他们，以及她在森林中长大的方式）！！！！！！！！！！！！！！！！！！它显然在欧洲国家，在美国，与我们一起在亚洲而受欢迎。显然，她意识到它将为我们生活，这就是如此：它充满了品种！但是小狗，因为那只小狗，因为他们像Borsuk-Supphrove，甚至能够用脂肪治疗结核病。转向我：这样的“实用”韩国，日本女性，腿，中文））无论她是谁，都不会错过此产品！小幼犬总是在视频中被打扰。我无法判断：例如一种文化，对于穆斯林震惊和fu，我们吃猪，我只是认为不要表现出来，不要说出它。如果她准备并使用一切那是在她的家中！根据她与我们的关系，这是不诚实的。海斯，我会以诚实的态度更尊重她。我并没有特别掩饰。我的脑海里有点。很难理解。顺便说一句），顺便说一句），我今天拥有的），他们给了我一只小狗！dobermanchik） 。
28826,UgxCpRiDGzrwuzVOfl94AaABAg.8yY6-41Td1g98VnEDyScrp,0,@cathyliu8694 calm down. it's ok everyone express one's thoughts. btw he's telling the truth...,@cathyliu8694冷静下来。没关系，每个人都表达自己的想法。顺便说一句，他说的是真相...
24781,UgxcnBBth62vg028lN54AaABAg,0,"without an exaggerated expression of internet celebrities, it presents the true feelings of chinese food culture. the old grandmother's calm smile is the true love of li ziyi filial piety! i like snail powder, more pink plums!",没有网红夸张的表情，呈现的是中华美食文化返璞归真的感情。老奶奶从容的笑意，是李子柒孝心大爱的真情流露！喜欢螺蛳粉，更粉李子柒！
34520,UgxR315UhS7tsW9BhGR4AaABAg,0,thank u for helping me calm down my mind. these really help me relax and remind me how beautiful our earth is. life is a game. we will sometimes stay stuck on a level but we will keep going up until it’s game over. ahh it would be a bummer to leave this beautiful world. it’s sad but it’s life. a game called life which we all play without noticing. each one of u guys are precious,感谢您帮助我平静下来。这些确实可以帮助我放松身心，并提醒我我们的地球有多美丽。生命是一场游戏。有时我们会停留在一个水平上，但我们会继续上升到比赛结束。啊，离开这个美丽的世界将是令人沮丧的。很可悲，但这是生活。一个名为“生活”的游戏，我们都没有注意到。你们每个人都是宝贵的
34545,UgwX0jzxDP8G51-NlcB4AaABAg,0,i really want to taste a few dishes by her. they look sooo good! i use her videos as therapy to calm down after a hectic day!,我真的很想品尝她的一些菜。他们看起来很好！我用她的视频作为疗法，在忙碌的一天后冷静下来！
29043,UgxrxlDmInXxSqPwncJ4AaABAg.8yXxwnokw6P8yeZ-_vrJPG,0,"@user-zn7y1cw9g can be later, i will write, although we have half the eleventh, i'm tired of household chores. you know, i look at the channels in non -russian, i write comments, knowing that no one will answer. but you will not believe how nice it is when people write in russian. i have been watching the asian channels for a long time, i leave comments, no one answers, i am calm. and then the comments went, i'm surprised !!!",@user-zn7y1cw9g可以稍后写，我会写信，尽管我们有一半，但我厌倦了家务。你知道，我看着非俄罗斯人的渠道，我写评论，知道没有人会回答。但是，当人们用俄语写作时，您不会相信它是多么的好。我很长一段时间以来一直在观看亚洲频道，我发表评论，没有人答案，我很镇定。然后评论发表了，我很惊讶！！！
24141,UgxTPaVsk8T9DAmQtel4AaABAg,0,this is so calming. and the food looks delicious,这太平静了。食物看起来很美味
29881,Ugxyst4GnKFNoJepKGx4AaABAg,0,"her channel is not only beautifully done, but it is calming as well. i’d love to spend a week with her and her grandmother.",她的频道不仅完成了，而且也很平静。我很想和她和她的祖母共度一周。
33628,UgzdBAdM6B2a90jymop4AaABAg,0,the bgm is like mushiishi. so calm.,BGM就像Mushiishi。如此冷静。
27813,UgysH2r2jWXUjB6HVIl4AaABAg,0,i don't know why but it is calm to see this girl cook,我不知道为什么，但是看到这个女孩厨师很平静
28556,UgxCpRiDGzrwuzVOfl94AaABAg.8yY6-41Td1g8zNTthblXBL,0,calm down ladies and gentleman ... baku hantam sadja is more gg,平静下来的女士和先生们...巴库·汉塔姆·萨迪亚（Baku Hantam Sadja）更加gg
26229,UgzlNNIgClbXIhtHid54AaABAg,0,simply amazing beyond words!! suddenly while watching liziqi life seems much more calm and peaceful,简直令人惊奇的是超越言语！！突然看着Liziqi生活似乎更加平静与和平
30017,UgxUTdhLJ9-2bUBJJuV4AaABAg,0,"so soothing and calming, fills me with peace. i love your videos!",因此，舒缓和平静，使我充满了和平。我爱你的视频！
30043,Ugz6rpxMRABvdGbCEhN4AaABAg,0,"ziqi’s way of wild gathering and cooking are calm and patient. she really focuses on her work. that is such a great feeling, when the cooking work is fun and absorbing. i learn so much from her!",Ziqi的野外聚会和烹饪方式保持镇定和耐心。她真的专注于自己的工作。当烹饪工作很有趣和吸收时，这真是一种很棒的感觉。我从她那里学到了很多东西！
33232,UgyR0dL4lUk8mpmzt4p4AaABAg,0,liziqi...i dont know if you know this....you ve been doing great service to depressed people through your ever so calming videos...your life surrounded by nature..family bond...and so much hardwork adds beauty to everything you do...god bless u and grandma.,liziqi ...我不知道您是否知道这一点。...您所做的一切的美...上帝保佑你和奶奶。
29397,UgzMGzF_N5Mmsmo4t7J4AaABAg,0,the music is very calming,音乐很平静
26734,UgxIx1-E98tJxtjkpuN4AaABAg,0,these videos are always so calming,这些视频总是如此平静
27878,UgwD7NTuOtx9YzNuhuN4AaABAg,0,i really love liziqi..i find her videos soothing and calming.,我真的很喜欢Liziqi ..我发现她的视频舒缓和镇定。
32807,Ugzdz9B1qq9i0ys8Jb54AaABAg.8yUmLaS9As08z_sy-sJtXz,0,then she has so many millions of money and calm life…lol,然后她拥有数百万的钱和平静的生活……大声笑
27362,UgxSviAXfgmamr3YcuV4AaABAg,0,what a beauty that does not describe every time you see calm prevailing my soul and reassuring my soul,每当您看到平静占上风我的灵魂并让我的灵魂放心时
32003,UgyzicNg6rP3dOkDRol4AaABAg,0,when ever i feel stressed i watch ur vedios.. the music made me calm nd cool nd the visual provides peace of mind.... love u lot liziqi... thank u for making such peacefull vedios,每当我感到压力时，我都会看着ur vedios ..音乐使我冷静下来，视觉效果让您放心。
31300,UgwVyr4HgxjJxgiX3w54AaABAg,0,"wow, it was strange how i stumbled upon your channel but i am thankful i did. you have such a calmness and tranquility to you. whatever you were eating looked amazing! now i am starving and i know where i live i could never find what you just cooked",哇，我偶然发现了你的频道很奇怪，但我很感激我做到了。您对您有如此镇定和宁静。无论您吃什么，看起来都很棒！现在我饿了，我知道我住在哪里，我永远找不到你刚煮的东西
29158,Ugw6rOdNw7Y8mBWTOw14AaABAg,0,"the strength of this little angel is amazing! the weight she carries around would be impossible for many western women. her beautiful spirit is really unique. calm, peace, love for her beloved family/granny and for nature around her. a blend of what we humans should all have. just another 1000 of her would make our world a better place. i am sure she touches deeply all that watch her videos. such a blessing to have this channel!",这个小天使的力量很棒！对于许多西方妇女来说，她所携带的体重是不可能的。她美丽的精神确实是独一无二的。平静，和平，对她心爱的家庭/奶奶的爱以及周围的大自然。融合了我们人类应该拥有的一切。她只有1000人将使我们的世界变得更美好。我相信她会深入观看她的视频。拥有这个频道真是太幸运了！
79,UgwTfXh_rIp72NkjESh4AaABAg,0,i miss you liziqi. i miss seeing your beautiful calming videos. its been a while and there's no new notification pop up on my phone. hope everything goes well. god bless you dear,我想念你liziqi。我想念您美丽的平静视频。已经有一段时间了，我的手机上没有弹出新的通知。希望一切顺利。上帝保佑你亲爱的
23723,Ugw8CSQWA-Zt6aR-BR54AaABAg,0,i love the animals and how calm it all is.,我爱动物，这一切都很镇定。
14842,UgxRgzDuoaoboaqIKuR4AaABAg,0,"where are you, arabs, see calmness and psychological comfort. we are not like worries that kill us and run after things that do not benefit",您，阿拉伯人在哪里看到平静和心理舒适。我们不像担心会杀死我们并追求对不利于
14488,Ugzw4irteFs9j0KbmEx4AaABAg,0,"feel when i look at this woman as if i was in a mango film. very harmonious and calming. it would be nice if it were only everywhere, which unfortunately it is not.",当我看着这个女人时，就好像我在芒果电影中一样。非常和谐与平静。如果只有到处都是，那就不错了，不幸的是不是。
14371,UgxTbLxG2qCln2f2Pnp4AaABAg,0,"i felt that my mind was calm while watching a few videos.
but when i used dangerous tools, i had a personal thought that i wanted to wear gloves.","我觉得看几个视频时我的想法很平静。
但是，当我使用危险工具时，我有一个个人想到要戴手套的想法。"
13811,Ugwp5pzP1Ui0to8HK8N4AaABAg,0,"what a beauty around, like in a fairy tale. and the girl is beautiful and kind, and how many talents she has. squeezed on these videos, they calm down, i also want to live far from everyone, surrounded by such a nature, signed up and waiting for new videos.",周围真是美，就像在童话中。女孩是美丽而善良的，她拥有多少才能。挤在这些视频上，他们冷静下来，我也想远离每个人，被这种性质包围，注册并等待新视频。
13347,Ugy4eGKgQ1FghhLVhmN4AaABAg,0,peaceful and calm and comfortable country pictures. also she is very charming lady.,和平，平静，舒适的乡村照片。她也是非常迷人的女士。
12678,Ugyc09DyPFwoKZrbjgV4AaABAg,0,i have a calm impression.,我有一个冷静的印象。
11921,Ugw9vtVexqqKYe6Fdld4AaABAg,0,i dont know why but these videos are calming to me,我不知道为什么，但是这些视频让我平静
11050,UgyXF2jKwDEXEEIObO94AaABAg,0,it's so calming to watch her work,看着她的工作真是太平静了
11008,Ugy4SRDcmz0tcnkReEp4AaABAg,0,"wondeful, lovely, peaceful, calming, soothing, beautiful, creative........",奇妙，可爱，和平，平静，舒缓，美丽，创造力........
10081,UgxAMTj23YxKUErPZ7N4AaABAg,0,"busy with work but comfortable...
it's a calm and peaceful video.","忙于工作，但很舒服...
这是一个平静而和平的视频。"
10055,UgwV7GWiwagqLOwidDR4AaABAg,0,"idk why, but this is the most calming thing to watch",idk为什么，但这是观看的最平静的事情
9909,UgwWDhSlRZNOgDUpgah4AaABAg,0,i don't know what she was preparing.....but whatever she was doing it was soo calming...neat and soo natural....,我不知道她正在准备什么.....但是她在做什么都很平静...整洁而天然...。
9901,Ugxhd76Uif3HfLtio3l4AaABAg.99ObePYf7Ds99_bvFC2s35,0,"china is very calm now, i hope that traveling abroad can protect themselves, try to go out as little as possible, come on, come on",中国现在很平静，希望身在国外的游子能保护好自己，尽量少出门，加油
8159,Ugw0ohEoSL9M_r1KMEl4AaABAg,0,so calm and peacefull,如此镇定与和平
7895,UgwW2Cd3NAxx9yRMCfp4AaABAg,0,"relaxation music& calm music

mind relax music","放松音乐和镇静音乐

介意放松音乐"
5992,UgydA7zSxbUwaEtSiGV4AaABAg,0,it is not only say how cook meals but also shows the calmness and beuty of the nature i am very much happy about looking the surroundings it gives me mental relaxationโคโค,这不仅说烹饪饭，而且还表现出了自然的平静和善良，我很高兴看到周围的环境使我心理放松
5943,Ugwruoo5kyusmhmTD_p4AaABAg,0,"some are complaining about their own lives and how cities are bad and so on and on. but you can also live at least a bit like that. maybe you can stile your room differently, buy new kitchen pottery similar to the one she uses (of course do not throw away the old stuf, but give it to someone that needs it or sell it or...) you can also learn how to cook and sew (there are plenty tutorials on youtube and i believe that if you set your mind to it, you can learn. maybe not as fast as some, but practise makes perfect and besides, even she had to learn things. no one is born with skills, some are just a bit more talented, but that does not mean that you can not learn it.) and do it in your free time instead of watching tv and youtube. you can also try and plant some vegetables in your apartment, at least some herbs. there is a thousant things you can do to live a bit more like her and reduce stress. it is true that she inspires people, but if they do nothing but watch her videos, then what purpose does it have? yes, even watching her videos calms you and makes you feel beter, but imagine how much better you would feel if you lived a bit differently? or at least if you try to make your home look better, so that you would be able to admire it every day you return exsausted from work/school. (believe me, even the dullest room can look perfect with a bit of imagination and/or some tips/diys from internet.) but the most important thing is that you try to admire your own soroundings. follow her lead, she admires every flower and raindrop. so can you. at first it will be hard, but in time, you will notice small, but precious pearls even in the busiest city and this little surprises will make you smile.",有些人抱怨自己的生活以及城市如何不好等等。但是您也至少可以这样生活。也许您可以以不同的方式静止，购买类似于她使用的厨房陶器（当然不要扔掉旧的STUF，而要丢给需要它或出售的人或...）您也可以学习如何学习要烹饪和缝制（YouTube上有很多教程，我相信，如果您确定它，就可以学习。也许不像某些人那样快，但是练习是完美的，而且她不得不学习东西。没有人天生具有技能，有些人的才华更加有才华，但这并不意味着您无法学习。）在业余时间进行，而不是看电视和YouTube。您也可以尝试在您的公寓中种植一些蔬菜，至少一些草药。您可以做一些事情要做的事情可以像她一样生活并减轻压力。的确，她启发了人们，但是如果他们除了观看视频外什么都不做，那么它有什么目的？是的，即使看着她的视频使您平静下来，让您感到沮丧，但是想象一下，如果您的生活有所不同，您会感觉好多？或至少如果您试图使房屋看起来更好，以便您每天都可以欣赏它在工作/学校中遭到屠杀。 （相信我，即使是最沉闷的房间也可以通过一些想象力和/或互联网上的一些提示/Diys看起来很完美。）但是最重要的是，您尝试欣赏自己的sor脚。跟随她的领导，她欣赏每朵花和雨滴。你可以。起初很难，但是随着时间的流逝，您会注意到很小的，但是即使在最繁忙的城市中，珍贵的珍珠也会让您微笑。
5335,Ugxg_AgRj66lqRsoMqJ4AaABAg,0,"i am new in here i don't know that where is she from i am so curious. she is so hardworking girl. sometimes i think when my life would be like that peace full, relaxing and calming.",我是新来的，我不知道她从哪里我好奇。她是如此勤奋的女孩。有时，我认为当我的生活就像和平一样，放松和平静。
5144,UgzXsPeqrGnrblmLVzx4AaABAg,0,its just so calm and nice u know i love it i love ur videos so cool ๐๐,它是如此的镇定和很好，你知道我爱它，我喜欢你的视频，太酷了
4139,UgxMnEcaPf5myaQfnRJ4AaABAg,0,always excited to see life stories that make you calm,总是很高兴看到让你冷静的生活故事
2547,Ugw-QDiLJhl15WRZLaJ4AaABAg,0,"it is really a good show to make me calm, happy. 
https://www.youtube.com/channel/uc7fc0_bxmayoelm5rdpsxla","这确实是一个很好的表演，让我冷静，快乐。
https://www.youtube.com/channel/uc7fc0_bxmayoelm5rdpsxla"
2168,Ugy134T0O0l0M_zW6JN4AaABAg,0,"i saw it for the first time. beautiful wooden, beautiful evening, clever food, gentle mother, you will be happy. ️however, you can't afford to be frustrated. please show a beautiful smile with your heart.
bible's allegement 14:10, the calm heart is good for your body.","我第一次看到了。美丽的木制，美丽的夜晚，聪明的食物，温柔的母亲，你会快乐的。配没有，您无法沮丧。请用你的心向美丽的笑容展现出美丽的笑容。
圣经的指称14:10，平静的心对你的身体有益。"
2013,Ugz5cSmOWhej__tIdLZ4AaABAg,0,thank you ka liziqi for making a very calm video,谢谢Ka Liziqi制作了非常平静的视频
1904,UgyzZOtw8wgTo-nXsid4AaABAg,0,"disciples regulations (3)
❤ panai
everyone. all must be love. god overwhelmed.
together.

[easy to solve] as long as it is a person, it is similar, regardless of ethnic, human, gender, and religious beliefs, they should love each other. it is also the transformation of the heavens and the earth, and it should not be distinguished by you and me, and cooperate with each other to maintain this symbiotic and prosperous life community.
❤
those who are tall. the name is high. people are emphasized.
non -appearance. great person. look at it.
people are convinced. nothing.
❤
[easy to solve] the nobility of virtue is naturally high. everyone respects his virtue, not appearance. those who have talented people have excellent ability to deal with things, and their reputation is naturally extraordinary. however, what people admire and admire are his ability to do things, not because he is good at boasting.
❤
i have the ability. don't be selfish. people can.
don't be light. don't be rich. don't be proud.
don't hate it. don't like new. people are not idle.
don't stir. people are uneasy. don't disturb.

[easy to solve] when you have the ability to serve everyone, don't be selfish, just consider yourself, reluctant to pay. for the talents of others, you should learn, appreciate, and admire, not criticism, jealousy, and slander. don't please be rich, and don't be proud of themselves in front of the poor, or despise them. you should not like the new and hate the old. you must cherish old friends or old things, and do not be greedy for new friends or new things. when others are busy, don't disturb him. when others are in a bad mood or are physically and mentally arbitrary, don't gossip to interfere with him and increase his troubles and anxiety.
❤
people have short. don't unveil it. people have private.
don't say. taoist is good. that is good.
people know it. the more thoughtful. promote evil.
that is evil. different. mainly.
good persuasion. germany is built. out of irregularity.
two losses.

[easy to solve] don't expose the shortcomings of others. the privacy of others should not be publicized. the advantages or good deeds of praise of others are good deeds. when the other party hears your praise, it will definitely encourage good deeds. zhang yang's faults or disadvantages of others are to do evil. if criticism is too much, it will also recruit themselves. friends should have persuaded each other and build good moral cultivation together. if there are mistakes, you can't persuade each other, both of them will have defects.
❤
whenever. it is expensive. there are many.
take less. will add people. ask yourself first.
i don't want to. that is, ourselves. encounter.
forgotten. short resentment. the reward is long.

[easy to solve] the acquisition or granted of property must be clearly understood. it is better to give others more people. before you add things to others, or ask others to do things, you must ask yourself: ""if you change it to me, would i like it?"" if you do n’t even want to do it, you must stop immediately. remember to repay. others are sorry for themselves, and they should forget it. don't remember the resentment for too long in your heart, even if you're in the past. other people have to remember to be in mind, grateful, and often repay.
❤
wait for the servant. you are expensive. although expensive.
mercy and wide. attocked. no heart.
take care of people. fang wuyan.

[easy to solve] to treat the maids and servants in the home, we must pay attention to the righteousness and lead by example. although it is important, it is more valuable. if the battle is forced to obey, the other party will inevitably be convinced. only by serving people can others not complain.

the same person. elastic category. vulgar.
benevolence. relief. how fearful people are.
unexpectedly. the color is not charming. can kiss.
infinite. germany and japan advance. live days.
not kiss. infinite harm. villain enter.
bailing bad.

[easy to solve] it is also human, good, evil and evil, and mental heights are uneven. there are many people affected by the vulgarity, and there are few people with kindness and generosity. if they are really benevolent, everyone naturally fears him, because he speaks fair and selflessly without concealment, and does not please others, so everyone will naturally be awesome. those who can get close to rende and learn from him are very lucky, because he will make our virtue progress every day, and the fault will decrease one day. if you are not willing to get close to the gentlemen of the people, there will be endless scourge, because the unscrupulous villain will approach us while it is false, and our words and deeds will be affected by bad words, and even the whole life will enter the wrong direction.

文 ❤ 
do not work. but learn text. long flashy.
whoever. but do it. don't learn text.
let's see it. amazing.

[easy to solve] can't do filial piety, 悌, jin, faith, pan -loving, and relatives, and blindly study. even if there are some knowledge, it is just a habit that has increased its fascinating and unrealistic. what is the use? if you just keep your teachings and refuse to study, it is easy to do it because of unknown things and cause mistakes according to your own prejudice. this is also wrong.

reading. three arrives. eye.
believe. read this. don't admire.
this is not the end. don't get up. width is limited.
tightly use it. worked. stady.
suspicious. sui notes. just ask.
seeking meaning.

[easy to solve] the method of reading should be focused on three arrival: eye, mouth, and heart, the three are indispensable, so that the effect of getting more effort can be received. study science must be dedicated to deepen, and you ca n’t start reading this book before it can be read. he also enviouss other books and wants to read other books. this will never be able to read a book in depth. you must read this book to read another one. when setting a reading plan, you may wish to relax. in actual implementation, you must step up hard work and strictly implement it. you must not be lazy. the daily accumulation of the month was deeply worked, and the original unreasonable and doubtful doubts were naturally solved. when you have any questions in your heart, you should take notes at any time. as soon as you have a chance, you should ask the good teacher yiyou. be sure to understand its true meaning.

the room is clear. the wall is clean. several cases are clean.
the pen is zheng. ink grind. both heart.
the word is disrespectful. heart disease. list of classics.
there is a fixed. after reading. restore.
although there is anxiety. crushed. there is a shortage.
just make up. non -holy books. don't look at the screen.
well. bad heart. don't violently.
don't give up. holy and xian. tame.

[easy to solve] the study should be sorted and cleaned, and the walls should be kept clean. when reading, stationery such as pen and ink, paper, and other stationery should be neat and messy, and all of them are in order to calm down to read. the ancients should use a brush to write ink first. if they were absent, the ink would be missed. if the words written are crooked, it means that you are impetuous and your heart cannot be determined. books should be divided into different categories, arranged neatly, placed in a fixed position, and they must be returned to the restore place after reading. although there is an urgent matter to leave, take the book and leave it before leaving. the book is the crystallization of wisdom. if there is a defect, it must be repaired and keeps complete. it is not a book that preach the words and deeds of sages and bad books that are harmful to physical and mental health. they should abandon and not read, so as not to be polluted, wisdom, and ambitions to become unhealthy. when you encounter difficulties or setbacks, don't abandon yourself, don't have to be cynical, complain about the world, you should be angry and study hard. although the realm of sages is high, it can be achieved in order. ❤

disciples are easy to solve (end)
title: disciples three -character sutra
filial scriptures are easy to solve. welcome to print.
❤ minglun teach filial piety
read thousands of times. it is self -explanatory.
implement life. it really does.

the disciples' name is ""xunmengwen"", which was made by li yuxiu, a talented talent in the kangxi period of the qing dynasty. its content adopts the sixth articles of ""the analects of confucius"": ""the disciples enter the filial piety, and they are brothers, and they believe in the people, and they love the public, and they have the power to learn."" sentence yiyun compilation is divided into five parts to perform; specifically listed on the etiquette and norms that the children are at home, out of the country, taking care of people, studying, and studying. later, after the revision of jia cunren in the qing dynasty, it was renamed ""disciples regulations"". it was the best reading of enlightenment and educating children dunlun to prevent evil and consciousness, and develop a loyal family style.
title: changli
1. family affairs, do not say to outsiders.
for example, if you talk about the economic situation at home, the place where your family usually goes out, or when the family is expected to go, in case of the thief or someone who is interested, they will break through the empty door and do bad things.
in addition, the ancients said that the family was ugly. if complains and accusing their families of listening to outsiders, others could not help you solve the problem. it would not only hurt the dignity of the family, but also made outsiders impress your family. or outsiders pass the housework you said as a gossip. if the sky is chaotic and then spread back to your ears, it will not only be unable to argue, but also increase the family's heart.

2. buddhism: knowing that more methods are actually giving.
❤ faiba: wisdom and wisdom.
i often read the ancient sage books and do their best. let the general public pay attention to moral cultivation and distinguish between right and wrong, so that they will not argue with others or sin.
❤ 富。。.
foreign wealth is something outside of the body, money, clothes, food, etc., provided to those in need.
inner wealth is his own body. at home, we help our family to do housework, serve our family with our bodies, and help the poor to help the poor disadvantage. this is all fortune. only can it be available.
❤ the fearless giving is the reason, the obtained fruit is healthy and longevity.
everything is terrifying, fearful, and threatened by life. you help him leave all horror and let him be physically and mentally stable. this is called fearless giving.

3. see the person who is lost, don't say proud.
(those who understand the feelings of others can always think about others.)
when he encounters frustrated, sad, and lost people, he has been hit in all aspects and is very unhappy. it should be said that he can comfort him, instead of saying how much he is.
when others break their fortunes and lose their jobs, you say that you are promoted to get rich, which will make the other party even more unbearable. pride and pride itself is evil, let alone hurt people?
on the contrary, the mood that can be eliminated by others' nervousness or anxiety is good. even if you ca n’t help you, do n’t go down. don't do it because of goodness, don't do it because of evil.
it is not only violence and crime called evil deeds. the evil thoughts that people often can't stop are the source of disaster.
welcome to print. bleak","弟子规（3）
❤泛爱众
凡是人。皆须爱。天同覆。
地同载。

【易解】 只要是人，就是同类，不分族群、人种、性别、宗教信仰，皆应相亲相爱。同是天地所化育覆载的，应该不分你我，互助合作，才能维持这个共生共荣的生命共同体。
❤
行高者。名自高。人所重。
非貌高。才大者。望自大。
人所服。非言大。
❤
【易解】 德行高尚者，名望自然高显，大家所敬重的是他的德行，不是外表容貌。有才能的人，处理事情的能力卓越，声望自然不凡，然而人们所欣赏佩服的，是他的处事能力，而不是因为他擅于夸耀。
❤
己有能。勿自私。人所能。
勿轻訾。勿谄富。勿骄贫。
勿厌故。勿喜新。人不闲。
勿事搅。人不安。勿话扰。

【易解】 当你有能力可以为众人服务的时候，不要自私自利，只考虑到自己，舍不得付出。对于他人的才华，应当学习、欣赏、赞叹，而不是批评、嫉妒、毁谤。不要去讨好巴结富有的人，也不要在穷人面前骄傲自大，或者轻视他们。更不可以喜新厌旧，对于老朋友或旧事物要珍惜，对于新朋友或新事物不要贪恋。当别人正在忙碌的时候，不要去打扰他，当别人心情不好或身心欠安的时候，不要闲言闲语去干扰他，增加他的烦恼与不安。
❤
人有短。切莫揭。人有私。
切莫说。道人善。即是善。
人知之。愈思勉。扬人恶。
即是恶。疾之甚。祸且作。
善相劝。德皆建。过不规。
道两亏。

【易解】 别人的缺点，不要去揭穿。别人的隐私，切忌去张扬。赞美他人的优点或善行，就是行善。当对方听到你的称赞之后，必定会更加勉励行善。张扬他人的过失或缺点，就是行恶，如果指责批评太过分了，还会给自己招来灾祸。朋友之间应该互相规过劝善，共同建立良好的品德修养。如果有错不能互相规劝，两个人的品德都会有缺陷。
❤
凡取与。贵分晓。与宜多。
取宜少。将加人。先问己。
己不欲。即速己。恩欲报。
怨欲忘。报怨短。报恩长。

【易解】 财物的取得或给予，一定要分办清楚明白，宁可多给别人，自己少拿一些，才能广结善缘，与人和睦相处。要将事物加到别人身上，或要托别人做事之前，先要反问自己：「如果换成是我，我愿意吗？」如果连自己都不愿意，就要立刻停止。受人恩惠要记得报答。别人有对不起自己的事，应该宽大为怀把它忘掉。怨恨不平的事不要记在心中太久，过去就算了。别人对我们的恩德，则要铭记在心，感恩不忘，常思报答。
❤
待婢仆。身贵端。虽贵端。
慈而宽。势服人。心不然。
理服人。方无言。

【易解】 对待家中的婢女与仆人，要注重自己的品行端正并以身作则。虽然品行端正很重要，但是仁慈宽大更可贵。如果仗势强逼别人服从，对方难免口服心不服。唯有以理服人，别人才会心悦诚服没有怨言。

同是人。类不齐。流俗众。
仁者希。果仁者。人多畏。
言不讳。色不媚。能亲仁。
无限好。德日进。过日少。
不亲仁。无限害。小人进。
百事坏。

【易解】 同样是人，善恶邪正、心智高低却是良莠不齐。受风气流俗影响的人多，仁慈宽厚的人少。如果是真正有仁德的人，大家自然敬畏他，因为他说话公正无私没有隐瞒，又不讨好他人，所以大家自然会起敬畏之心。能够亲近仁德的人，向他学习，是很幸运的事，因为他会使我们的德行一天比一天进步，过错也跟着一天天减少。如果不肯亲近仁人君子，就会有无穷的祸害，因为不肖的小人会趁虚来接近我们，日积月累，我们的言行思想都会受到不良的影响，甚至使整个人生走入错误的方向。


不力行。但学文。长浮华。
成何人。但力行。不学文。
任己见。昧理真。

【易解】 不能身体力行孝、悌、谨、信、泛爱众、亲仁这些本分，一味死读书，纵然有些知识，也只是增长自己浮华不实的习气，变成一个不切实际的人，如此读书又有何用？如果只是谨守教诲，却不肯读书学习，就容易因不明事理，而依自己的偏见行事，造成错误而不自知，这也是不对的。

读书法。有三到。心眼口。
信皆要。方读此。勿慕彼。
此未终。彼勿起。宽为限。
紧用功。工夫到。滞塞通。
心有疑。随札记。就人问。
求确义。

【易解】 读书的方法要注重三到：眼到、口到、心到，三者缺一不可，如此方能收到事半功倍的效果。研究学问要专一、专精才能深入，不能这本书才开始读没多久，又欣羡其他的书，想看其他的书，这样永远也定不下心把一本书好好深入读通。必须把这本书读完，才能再读另外一本。在订定读书计画的时候，不妨宽松一些，实际执行时，就要加紧用功，严格执行，不可以懈怠偷懒。日积月累功夫深了，原先窒碍不通、困顿疑惑之处，自然而然都迎刃而解了。求学当中，心里有疑问时，应随时笔记，一有机会，就向良师益友请教，务必确实明白它的真义。

房室清。墙壁净。几案洁。
笔砚正。墨磨偏。心不端。
字不敬。心先病。列典籍。
有定处。读看毕。还原处。
虽有急。卷束齐。有缺坏。
就补之。非圣书。屏勿视。
蔽聪明。坏心志。勿自暴。
勿自弃。圣与贤。可驯致。

【易解】 书房要整理清洁，墙壁要保持干净。读书时，书桌上笔墨纸砚等文具要摆放整齐不凌乱，触目所及皆是井然有条，才能静下心来读书。古人写字使用毛笔先要磨墨，如果心不在焉，墨就会磨偏了。写出来的字如果歪歪斜斜，就表示你浮躁不安，心定不下来。书本应该分门别类，排列整齐，放在固定的位置，阅读完毕须归还原处。虽有急事要离开，也要把书本收好再离开。书本是智慧的结晶，有缺损就要修补，保持完整。不是传述圣贤言行的著作，以及有害身心健康的不良书刊，都应该摒弃不看，以免身心受到污染、智慧遭受蒙蔽、心志变得不健康。遇到困难或挫折的时候，不要自暴自弃，也不必愤世嫉俗、怨天尤人，应该发愤向上努力学习。圣贤境界虽高，循序渐进，也是可以达到的。 ❤

弟子规易解（终）
书名：弟子规 三字经 
孝经 易解。欢迎翻印。
❤明伦教孝
读书千遍。其意自现。
落实生活。确实做到。

弟子规原名＜训蒙文＞，为清朝康熙年间秀才李毓秀所作。其内容采用《论语》学而篇第六条：「弟子入则孝，出则弟，谨而信，泛爱众，而亲仁，行有余力，则以学文。」的文义以三字一句，两句一韵编纂而成，分为五个部份加以演述；具体列举出为人子弟在家、出外、待人接物、求学应有的礼仪与规范，特别讲求家庭教育与生活教育。后经清朝贾存仁修订改编，并改名为＜弟子规＞，是启蒙养正，教育子弟敦伦尽份防邪存诚，养成忠厚家风的最佳读物。
书名：常礼举要
1.家庭之事，不可向外人言。
举例来说，如果你讲到家里的经济状况、家人平常出入的地点，或是什么时间家人预计要去哪里，万一被小偷或是有心人士打听到了，他们会闯空门、做坏事。
另外，古人说家丑不可外扬，若是抱怨、指责家人给外人听，别人也不能帮你解决问题，不仅会伤害家人的尊严，也让让外人对你们一家印象不佳。又或者外人把你说的家务事都当成闲谈八卦传出去，若是说得天花乱坠再传回你耳中，不仅百口莫辩，也徒增一家人心里难受。

2.佛教：知道得到更多的方法其实是布施。
❤法布施：得聪明智慧。
常常读古圣贤书，并身体力行。让社会大众能够注重品德修养，能够分辨是非，才不会与人争执或是犯罪。
❤财布施得财富、功德。
外财就是身外之物，钱、衣服、食物等，提供给需要的人。
内财是自己身体。我们在家里面，帮助家人做家事，用我们的身体为家人服务，在外做义工帮助贫困弱势这都是财布施。能舍才有得。
❤无畏布施是因，得到的果报是健康长寿。
万物有恐怖、有畏惧、生命受到威胁，你帮助他离开一切恐怖，让他身心安稳，这叫无畏布施。

3.见失意人，不说得意语。
（明白别人感受的人总是能够多为别人着想呢。）
遇到失意、伤心、失落的人，他各方面都受到打击，很不得意，应该说点让他得到安慰的话，而不是说自己有多在行、多厉害。
当别人破了财，丢了工作，你却说自己升官发财，这会让对方更加不堪忍受。傲慢、骄傲本身即是恶，更何况用来伤人？
相反的，能够免除别人紧张恐惧或是忧虑的心情即是善，即便帮不上忙也千万不要落井下石。勿因善小而不为，勿因恶小而为之。
并非只有暴力、犯罪才叫恶行，人常常止不住的恶念也是灾难的源头。
欢迎翻印。"
14758,UgwgrdTzVnY_Q88zset4AaABAg,0,the environment is so relaxing and calm plus the food looks really healthy and super delicious,环境是如此放松和镇定，而且食物看起来非常健康，超级美味。
14843,UgxHPz4G1dNscsZnpOx4AaABAg,0,"where are you, arabs, see calmness and psychological comfort. we are not like worries that kill us and run after things that do not benefit",您，阿拉伯人在哪里看到平静和心理舒适。我们不像担心会杀死我们并追求对不利于
23404,Ugys54iUj9TTs_NqgDB4AaABAg.8zk0PxB5igA90aBkI2xAyu,0,calm down guys it was just an appreciation jeez xdxd,冷静下来，这只是一个赞赏jeez xdxd
14998,UgyptaRQW4xvlsuF-pF4AaABAg,0,these videos are so calming & interesting!,这些视频是如此的平静和有趣！
23363,UgwFgYbTYSXV4DMciv94AaABAg,0,"sometimes i wish i was born and die in this place. its so calming, refreshing air and far away from city's hustle and bustle. this video showed she really raised well by her grandparents",有时我希望我出生并在这个地方死亡。它如此平静，令人耳目一新，远离城市的喧嚣。这段视频显示她真的由祖父母抚养长大
23307,UgwNbVrbfKBmG9PGYFB4AaABAg,0,this is the world that human beings have lost and calm is lacking human function,这是人类失去的世界，平静缺乏人类的功能
23246,UgwHvqFv0e4FLP1MI9d4AaABAg,0,did anyone besides me find the sound of the scraping of the wok very satisfying and calming. keep up the amazing work. thankyou.,除了我之外，还有人发现炒锅的声音非常令人满意和平静吗？保持惊人的工作。谢谢。
23234,UgyyTDKK8nL0YHjAqC54AaABAg,0,so i’m confused by this content (obvs beautiful and i love it) but is a tutorial is it for calming is it just a chill artsy piece what is it......,因此，我对这些内容感到困惑（exps teautiful，我喜欢它），但教程是一个教程，是为了平静而已，这只是一个寒冷的艺术作品，这是什么……
22741,Ugyg2OXlrPykw5RZVfB4AaABAg,0,her video is so calming. i love it,她的视频是如此平静。我喜欢它
22585,UgwOmhNcXJUluURnR6B4AaABAg.9--5CrdeP009-BSx9A7UbL,0,"@choink2558 i am just human...not the best one because i need to learn to really love myself more so i can love the others in the way they deserve but i think i am progressing...i hope women can have more respect,freedom and more opportunities in this planet...we know how is hard to be woman...
but my respect goes to woman,man,child,babies,animals,for the ones who is really trying to make these world better somehow... like liziqi i am becoming so calm after her videos and i was so stressed ,so negative...but after her i feel piece in my mind because she make us feel a lot feelings by her videos...i am glad about it ❤","@choink2558我只是人类...不是最好的人，自由和在这个星球上更多的机会...我们知道很难成为女人...
但是我的尊重是对女人，男人，孩子，婴儿，动物的敬意，那些真正试图使这些世界变得更好的人……就像Liziqi一样，我的视频后，我变得如此镇定，我感到非常压力，如此负面。 。"
22574,UgyQ0N9LJx9fk_naMMx4AaABAg,0,"your video is very calm, and your channel wishes you a happy life.
i made a video of my motherland like you and told me the peasant's father. i'm a vietnamese
bleak","您的视频一切都非常平静，您的频道祝您终身幸福。
我像你一样制作了我祖国的视频，告诉我农民的父亲。我是越南人
"
21958,UgzrBqwxFZNLHf2GeP54AaABAg,0,my mind was boggling around bt after seeing her videos it’s calm,看到她的视频后，我的脑子里绕着BT感到困惑，这很平静
19915,Ugx3zuXyOf11s3dxiwp4AaABAg.91GSbollkUx92E97OqG3pT,0,"david hutchins there are still many people living similar lifestyle like she does in china. one point i really like about ziqi is that she has a dedication and passion of sharing chinese culture to the world. it’s something that many people would like to do but somehow lack of ability or determination. we should all believe her because as audiences, we feel it. we should offer more encouragement and appreciation. what’s most important that she really delivers peace and calmness to audiences and we all receive positive influences or energy from her videos. and i reallyyyy like her temperament.",大卫·哈钦斯（David Hutchins）仍然有许多人过着与中国相似的生活方式。我真的很喜欢Ziqi的一点是，她对与世界分享中国文化的奉献精神和热情。这是许多人想做的事情，但某种程度上缺乏能力或决心。我们都应该相信她，因为作为观众，我们感受到了。我们应该提供更多的鼓励和赞赏。最重要的是，她真正为观众提供和平与平静，我们都从她的视频中获得了积极的影响或精力。我真的很喜欢她的气质。
19394,Ugw83Rl_KWiSyc3L3Dt4AaABAg,0,"warning !
watching these videos can cause calmness, joyfulness, lower blood pressure and a strong urges to meditate. 
thank you .","警告 ！
观看这些视频会导致镇定，快乐，降低血压以及冥想的强烈冲动。 
谢谢"
18540,Ugz7vX27tY0R8YBBwyB4AaABAg.92TOl30agtK92iKPHXND6_,0,"this is also the rural life that traditional chinese is longing for, calm, peaceful and natural",这也是中国传统所向往的乡村生活，平静且安详且自然
18460,Ugz4oEoSLF-Q6PFOcHB4AaABAg,0,"longing for childhood, calm without burden and a lot of needs to want this and that",渴望童年，镇定而没有负担，也需要很多需要这个
18299,Ugw2K1aCWiJZ-4kzvwZ4AaABAg,0,watching her videos will calm down,看她的视频心会静下来
16850,UgysOcg8tD57faQaztl4AaABAg,0,"seeing her cooking makes me feel comfortable, calm, and happy. praise",看她煮饭让我感觉很舒服，平静，很幸福。赞啊
16729,Ugxr2hiRlSs3ldFpCpd4AaABAg,0,i am a great admirer of your work. your videos bring me a lot of calm. i ask you to show subtitles with the names of the foods and spices you make because i would like to know more about your culture. hello from brazil.,我是您工作的敬佩。您的视频给我带来了很多镇定。我请您以您制作的食物和香料的名字显示字幕，因为我想更多地了解您的文化。来自巴西的您好。
16511,Ugznq24UnPQrwR-xMj54AaABAg,0,i feel calm,我感到镇定
15766,UgxpMUsS6JKh6d7J4jh4AaABAg,0,"much better than asmr bs, so soothing and calm to just watch and listen!^^",比ASMR BS好得多，所以要舒缓和镇定，只能观看和听！^^
15746,UgxlvpxuAenQmPU9njh4AaABAg,0,"food look tasty, but i enjoy when look at her... she beauty, calm, gentleness...its liar if you said you dont want marry with a girl like her...",食物看起来很美味，但是当看着她时，我很喜欢...她美丽，镇定，温柔...如果您说您不想和像她这样的女孩结婚，这是骗子...
15629,UgyvLNeEcLr0YjBgX2Z4AaABAg,0,watching this lady makes me so calm and miss walking next to the corn fields,看着这位女士让我如此镇定，错过了在玉米田旁边走路
15583,UgwhFyfMQXa7VvElSXx4AaABAg,0,"calm and sounds are comfortable, and the most wonderful add the girl sweet, god. you change me",平静和声音很舒适，最美妙的女孩，天哪，上帝。你改变我
15535,UgzxQ7xU6Un0w8H-iWB4AaABAg,0,"none of what i just watched looked appetizing at all...... like, nothing, literally. but was calming 2 watch, that’s for sure. looks can be deceiving though, that i know. i’d try it, just wouldn’t want 2 watch it be prepared! lol",我刚刚看过的一切都没有看起来像是开胃的……就像，一无所有。但是正在平静2手表，这是肯定的。我知道，看起来可能是欺骗的。我会尝试的，只是不想2观看它做好准备！哈哈
15192,UgxZzFGhv4_7Umvh8NF4AaABAg,0,it's really calm. the landscape of nature is very nice.,真的很平静。大自然的景观非常好。
15124,UgzYaG8q1xN2uXktZBp4AaABAg.93XMX1w-pmD94V5SdyKXuP,0,"some (who claim to be her classmates in highschool or so) say that this girl doesn't really live this lifestyle, it is all fake, and that she is actually pretty rich.

but i wouldn't really care, whether it's real or fake. her videos calm me before sleep and i enjoy it. that's all. even if it's a show, it is certainly a great show.","有些人（自称是高中生的同学）说，这个女孩并没有真正过这种生活方式，这都是假的，她实际上很富有。

但是我真的不在乎，无论是真实的还是假的。她的视频在睡觉前让我平静下来，我喜欢它。就这样。即使这是一场演出，这肯定是一个很棒的表演。"
19140,UgyJjNhCwS565EOQ1Kd4AaABAg,0,"i somewhat now have a bit of a glimpse of rare hope of planet earth still giving of its nourichment in the midst of dire massacring by human across times and spaces through greediness and selfishness.capitalism has denatured mother earth.climate is turning wild because of pollution from guns cannons bombs and nuclear trials.
it is calming and soothing to see so much green and basic amenities and supplements.","我现在有点瞥见地球的罕见希望仍然在人类跨越时代和空间通过贪婪和自私的繁殖中滋养其滋养。资本主义使地球母亲变成了污染。来自枪支炸弹和核试验。
看到这么多绿色和基本的便利和补品，这是一种平静而舒缓的。"
