,cid,votes,含lifestyle,含lifestyle中文翻译
33747,UgxQ4obKp7Mzrv-Mbi54AaABAg.8vAAkm2tSd48vFGectdxIJ,3000,"absolutely. we live in a system created by mankind that is designed for us to become ""successful"". i ask you. being stressed, overworked, depressed is better than this simple, satisfying, honest, hardworking lifestyle?",绝对地。我们生活在人类创建的系统中，该系统旨在使我们变得“成功”。我问你。压力，劳累过度，沮丧比这种简单，令人满意，诚实，勤奋的生活方式更好？
36216,Ugw3qr-9--BZV3PyiBJ4AaABAg,426,even a millionier will feel jealousy with your lifestyle dear...very hard-working girl.!! โฎ๏ธ,即使是百万富翁也会对您的生活方式感到嫉妒...非常勤奋的女孩。 ☮️
38611,UgzLsfWhfAh-os8v8Jt4AaABAg,227,"now...that's a productive busy lifestyle. very nice and nostalgic, makes you forget of the urban unhealthy hysteria.
by the way, those people who put thumbs downs are very ungratefull ignorants.","现在...这是一种繁荣的生活方式。非常友善和怀旧，让您忘记了城市不健康的歇斯底里。
顺便说一句，那些放下大拇指的人是非常不知所措的人。"
46847,Ugzy9Ytt29Kbh9V16id4AaABAg,222,"i come from the same place with you, li ziqi. everytime i watch your videos, it reminds me of my childhood and my grandmother. we also lived in the small and beautiful village in sichuan province. my grandmother even has the same skills as you, she knows how to planting, cooking and making some useful tools. i'm so glad that you introduce our traditional rural lifestyle to the people all over the world. and let them know there are not only beijing, shanghai and shenzhen in china, but also a land of abundance which last a unique lifestyle for more than thousand years, and named sichuan, also the land of heaven in chinese. but i can't back to sichuan because of exams this year, and your video will accompany with me in the chinese new year. support from a chinese and szechuanese in italy. happy chinese new year!!!!",我和你一起来自同一个地方，李齐。每当我观看您的视频时，它都会让我想起我的童年和祖母。我们还住在四川省美丽而美丽的村庄。我的祖母甚至具有与您相同的技能，她知道如何种植，烹饪和制造一些有用的工具。我很高兴您将我们传统的乡村生活方式介绍给世界各地的人们。让他们知道，中国不仅有北京，上海和深圳，而且还有一片丰富的土地，持续了一千年的独特生活方式，并命名为Sichuan，也是中国人的天堂之地。但是由于今年的考试，我无法回到四川，您的视频将在农历新年陪伴我。意大利的中国和锡古扬人的支持。农历新年快乐!!!!
10680,UgzggH3LcmPPa1jXggR4AaABAg,184,"it's all very cool, but these people have some lands!! there's so much abundance of everything. they are rural rich. it's not easy to have that lifestyle.",一切都很酷，但是这些人有一些土地！一切都有很多。他们是农村富人。拥有这种生活方式并不容易。
46446,Ugx3xkI2JGadhTYqM0Z4AaABAg,133,when i was a lil girl i had a book of chinese folk tale (written in bengali) which was very close to my heart.there was a girl in that story who used to stay with her granny in a beautiful villlage of china .she too used have a gang of pet...she would also do many household chores just like this girl and her lifestyle was my childhood fantasy..i used have a pretend play just like the lifestyle of that girl mentioned in the story....when i watch this channel i feel very much nostalgic to see this pretty girl and her life....she is an amazing girl...god bless her and her granny..,当我还是个小女孩的时候，我有一本中国民间故事（用孟加拉语写的），它非常接近我的心。这个故事中有一个女孩曾经和她的奶奶一起住在一个美丽的中国村庄里。曾经有一群宠物...她也会像这个女孩一样做很多家务，而她的生活方式是我的童年幻想。我二手的假装就像故事中提到的那个女孩的生活方式一样。当我观看这个频道时，我很怀旧地看到这个漂亮的女孩和她的生活。...她是一个了不起的女孩...上帝保佑她和她的奶奶..
33762,UgxQ4obKp7Mzrv-Mbi54AaABAg.8vAAkm2tSd48vdso7ou4My,68,"i really wish to experience lifestyle like this someday. if not now, then when i retire.",我真的很想有一天能体验到这样的生活方式。如果不是现在，那我退休。
4231,UgybaqlaPDXgQ89PPld4AaABAg.9Re070FLoFc9SJwqBQjELa,62,"@quito787 staged in what way? well, of course she has to prepare certain camera angles before she records her actions... but are you implying that her ""real"" lifestyle is not according to the way that she shows in her videos?",@quito787以什么方式上演？好吧，当然，她必须在记录自己的动作之前准备某些相机角度……但是您是否暗示她的“真正”生活方式并不符合她在视频中显示的方式？
32487,UgyIxvPyiC8eDoOzRfB4AaABAg.8vpQsjhrFL18wBclm413Dd,56,"@ultramaryna00 so you're saying this entire channel is just an actress and instead of living a ""normal"" life she proceeds to act every single day and produces all this just for the sake of clout? right, because having a different lifestyle, upbringing, and culture is just so unheard of",@ultramaryna00，所以您要说的整个频道只是一名女演员，而不是过着“正常”的生活，而是每天都会表演并为影响力而产生所有这些生活吗？是的，因为拥有不同的生活方式，养育和文化是如此闻所未闻
4233,UgybaqlaPDXgQ89PPld4AaABAg.9Re070FLoFc9STnLfU3qNM,47,@miukeefeng4951 so u telling me all of these videos are fake lifestyle,@miukeefeng4951，所以你告诉我所有这些视频都是假的生活方式
10688,UgzggH3LcmPPa1jXggR4AaABAg.9FeQNDjrQiy9FizG66SKWG,30,"yes it might not be easy lifestyle but better than urban city life where people are obessed with all junk food, unhealthy lifestyle, smoke of vehicles and factories.",是的，这可能不是一个容易的生活方式，而是比城市城市生活更好的生活方式，在这些生活中，人们遵守了所有垃圾食品，不健康的生活方式，汽车和工厂的烟雾。
17608,UgzNv4azBWM4KY1hR414AaABAg.97m90yxmeTh982DXstbU_V,24,"@heardistance i have no idea about other chinese area's rural life but in sichuan, more specifically, the countryside area around chengdu, the environment, the village, the landscape and the lifestyle, the food are pretty much the same as what they showed in ziqi's video. i know it because i also come from this area. i agree with it looks too perfect but why it can not even look perfect? she works really hard and shares with us how beautiful and how peaceful life can be...why would she show how sad she is how realistic and shitty the life look like? it doesn't make sense. i guess you have some wrong identifications of this channel or you just misunderstand what things she would like to share us about. it's like doing a project, your boss gives you an appraisal and says ok, it's well done but looks too perfect so it's fake it's impossible....hmmm. i don't think anyone will give any appraisal like that. and this channel is not a documentary about recording how poor chinese people are in china. i would suggest you can look for those videos from bbc or cnn or anywhere on youtube, online etc. i am sure there are a lot of videos or whatever news will keep rising your doubt about the reality of ziqi's video.",@heardistance我不知道其他中国地区的乡村生活，但是在四川，更具体地说，是成都周围的乡村地区，环境，村庄，景观和生活方式，食物与他们在Ziqi中所展示的食物几乎相同视频。我知道，因为我也来自这个领域。我同意它看起来太完美了，但是为什么它甚至看上去都不完美呢？她真的很努力，与我们分享了多么美丽和和平的生活……为什么她会向她表现出多么可悲的生活，这是多么现实和卑鄙的生活？这没有道理。我想您对此频道有一些错误的识别，或者您只是误解了她想分享我们的事情。这就像在进行项目一样，您的老板给您评估，说得好，做得很好，但看起来太完美了，所以这是假的，这是不可能的....嗯。我认为没有人会这样评价。这个渠道并不是关于记录中国人在中国的多么可怜的纪录片。我建议您可以从BBC或CNN或YouTube，Online等任何地方查看这些视频。我敢肯定，有很多视频，或者任何新闻都会不断提高您对Ziqi视频现实的疑问。
41520,Ugx6Kg-s6YnCahHDxrN4AaABAg,23,these videos are truly amazing. it really makes me want to enjoy and appreciate that kind of lifestyle as it is so different from living in an urban society!,这些视频确实很棒。这确实使我想享受和欣赏这种生活方式，因为它与生活在城市社会中截然不同！
15469,UgyjBdbZkjS2XC_c5hd4AaABAg,22,"2020 - this time of pandemic, it seems that i wanna go back to our province, and do all these kinds of living, so simple but pure of happiness no stress and so relaxing.
i like your lifestyle ms. liziqi, keep it up and god bless u always.
i'm your avid fan's from the philippines.","2020年 - 这一次大流行，似乎我想回到我们的省，做所有这些生活，如此简单但纯净的幸福没有压力和放松。
我喜欢您的生活方式Liziqi女士，请继续前进，上帝永远保佑您。
我是菲律宾的狂热球迷。"
37516,UgygxPB5Nnh5LDT2LDx4AaABAg.8u1NbgRB1NN8uC6fzJaBYp,20,yes definitely! iโ€m an introvert who unreservedly loves my family and nature so this lifestyle would fit me perfectly. i really have a tough time working with jerks in the city so yeah...,当然是！我是一个性格内向的人，他不保留我的家人和自然，所以这种生活方式将非常适合我。我真的很难与城市的混蛋一起工作，所以是的...
47268,UgyYeNzLAX0sWDEo2T54AaABAg,18,i'm enraged with jealousy. beautiful is too weak a word for this lifestyle,我很嫉妒。美丽对于这种生活方式来说太虚弱了
40689,UgxIUWO7nNOZ09huCH94AaABAg,17,it's official. i am in love with this lifestyle.,这是官方的。我爱上了这种生活方式。
35027,UgyoQ22FTE7CBFzC4qx4AaABAg.8ukF8x1n6m-8vDWl-ovE46,17,"@petphotomaster who cares? it's still a beautiful lifestyle and many people continue traditions like this throughout different countries and cultures to this day. 
it's not completely unheard of, it's just that most westerners cannot wrap their heads around this type of living.","@petphotomaster谁在乎？这仍然是一种美丽的生活方式，许多人在不同国家和文化中继续这样的传统。
这并不是完全闻所未闻的，只是大多数西方人都无法围绕这种生活。"
30948,UgzE40l6rTlYiv3zGrt4AaABAg,15,"hello liziqi!
i recently found your channel. your lifestyle is very beautiful and inspiring. the videos you make are very calming. thank you!","你好liziqi！
我最近找到了你的频道。您的生活方式非常美丽和鼓舞人心。您制作的视频非常平静。谢谢你！"
35032,UgyoQ22FTE7CBFzC4qx4AaABAg.8ukF8x1n6m-8vE5yI2EshD,14,"@jadesohpuppy you guys are missing the entire point to his comment. we can all ""learn stuff"" but if our modern lifestyle does not require certain things, it's not the same as years worth of culture past down as a means to survival. 
if she was thrown into city life, she would still have the knowledge, of course but she wouldn't need to do and couldn't do most of these things.","@jadesohpuppy你们错过了他的评论的全部要点。我们都可以“学习东西”，但是，如果我们的现代生活方式不需要某些事情，那与过去的文化年代不一样，而不是生存的一种手段。
当然，如果她被扔到城市生活中，她仍然会有知识，但是她不需要做，也不能做大多数事情。"
4253,UgybaqlaPDXgQ89PPld4AaABAg.9Re070FLoFc9UMR55s_ngs,13,"@diogomelo3705 i mean if she's purely a chinese farmer, there's no way she can afford such good food and ingredients. this is an ideal rural life style but definitely not the real lifestyle unless she's a very rich person who retired from work.",@diogomelo3705我的意思是，如果她纯粹是中国农民，她就无法负担得起这种美味的食物和食材。这是一种理想的乡村生活方式，但绝对不是真正的生活方式，除非她是一个非常有钱的人，他退休了。
17083,UgySOGhSCZ8IzTgrISt4AaABAg,12,her lifestyle reminds me of studio ghibli's animation.,她的生活方式让我想起了吉卜力工作室的动画。
39901,Ugzyd6YIBPmBDwWvsJd4AaABAg.8shCkzYM9Xt8sr4favbMoz,10,puneeth kumar itโ€s sichuan in china. life is a lot harder than it looks in the video but you can choose to complain or create your quality of life. she chose the latter and became very famous in mainland china (20m+ followers) for sharing such lifestyle. sheโ€s a gem.,浦那库玛（Puneeth Kumar）是中国的四川。生活比视频中的看法要困难得多，但是您可以选择抱怨或创造自己的生活质量。她选择了后者，并在中国大陆（20m+追随者）分享了这种生活方式。她是宝石。
4541,UgyGeXOxmdPlHTcHa2N4AaABAg,9,amazing lifestyle. wish everyone can live like that. connected closely to the nature and its beauty. every aspect of this video is unique!,惊人的生活方式。希望每个人都能这样生活。与自然及其美丽紧密相连。该视频的每个方面都是独一无二的！
22457,Ugzk2hZzSJPMNCq5HPR4AaABAg.92v_huHNonN93N-OpVdmYy,9,"โ€ @theroyalfight lol, she's a wealthy lifestyle blogger nowadays. a video with 1 million views can make $3000 โ€“ $7000 in adsense and she gets several million views per upload along with accumulating views. so that's a little bit of a stretch to act like shes actually roughing it, but nevertheless i love her and shes very talented and her and her grandmothers land is beautiful.",@theroyalfight大声笑，她是当今富裕的生活方式博客作者。一百万次观看次数的视频可以使$ 3000 - $ 7000的Adsense录制，她每个上传获得数百万次观看次数以及累积的观看次数。因此，这有点像她实际上是在粗糙的，但是我爱她，她非常有才华，她和她的祖母的土地很美。
36490,UgyvmxmPJmXATBXTYnV4AaABAg.8uUOtMcYkny8uWleMWisrS,8,its not talent. its her lifestyle.,它不是才华。它的生活方式。
9670,Ugxmi1WsGKgCgWurZgV4AaABAg,7,"this was really satisfying, quite and a nice lifestyle",这真的很令人满意，一种美好的生活方式
22506,Ugw93MiOcqW02pI7bJx4AaABAg.92v2O1F4NaK92y0aUNd1l7,7,"tian
even if this is china propaganda, i am impressed. promoting healthy lifestyle. although i think not many people can follow her works but its still interesting to watch.","天
即使这是中国的宣传，我也给我留下了深刻的印象。促进健康的生活方式。尽管我认为没有多少人可以关注她的作品，但仍然很有趣。"
16181,Ugz2Gjpul13TiuoJj9F4AaABAg.98rhLA7jw4W99cQZTm-Ip0,7,"she made money out of this but her friend said liziqi is just so humble. so much simplicity n her. she chose this kind of lifestyle bcause its how she'd been raised. most of her life, she spent it with her grandparents so i dont understand that there are still hate towards her.",她从中赚了钱，但她的朋友说利兹基太谦虚了。她这么简单。她选择了这种生活方式，因为她的成长方式。她一生的大部分时间，她都与祖父母一起度过，所以我不知道仍然对她有仇恨。
48602,UgwHkMfQczbqxT3CB6t4AaABAg,7,please invite me to tell me your lifestyle. love from brussels.,请邀请我，告诉我你的生活方式。来自布鲁塞尔的爱。
27588,UgzQwnmjnXh7tNb6x3V4AaABAg,6,"thatโ€s it. iโ€m moving to china or idk where the heck this place is....



when iโ€m done w college or going to college. 
i want this lifestyle.","就是这样。我要搬到这个地方到处的中国或IDK。



当我完成大学或上大学时。
我想要这种生活方式。"
34227,Ugw2qMjwG_DrnDR_9AV4AaABAg,6,"i would trade my lifestyle for hers, she's living the life, thats what i call life! i love it!",我会为她的生活方式换去，她过着生活，那就是我所说的生活！我喜欢它！
31969,UgzEkrQekheBiIkcQOJ4AaABAg,5,"dude, imagine if we have vr version video of her lifestyle ๐ฒ uuugh straight to the heaven",杜德，想象一下，如果我们有她的生活方式的VR版本视频
24318,Ugy3VCXm4fKGRjMEfBd4AaABAg,5,if billionaires see this and compare their concrete houses to this natural mountain farm they will know that they ain't having a life but slave of unnatural lifestyle.,如果亿万富翁看到这一点，并将他们的混凝土房屋与这个自然的山区农场进行比较，他们将知道他们没有生命，而是奴隶不自然的生活方式。
8484,UgwuE5yITGppq25ujcx4AaABAg,5,"this is the kind of lifestyle humanity should be living. she deserves a lot of recognition because not only do we witness their lifestyle, but also the culture that many may never experience living in cities. god bless you sister much love from nz❤",这种生活方式应该是一种生活方式。她应该得到很多认可，因为我们不仅目睹了他们的生活方式，而且还看到许多人可能永远不会在城市生活的文化。上帝保佑你姐姐来自nz❤
5782,UgxBth9tP0YUew3FHY54AaABAg,4,i think i’m in love with this lifestyle and totally captivated by this real woman!,我认为我爱上了这种生活方式，并完全被这个真正的女人迷住了！
4259,UgybaqlaPDXgQ89PPld4AaABAg.9Re070FLoFc9UYa-NN9T-G,3,"@xueivetts6348 true everything is true and she made it on docu series like but the lifestyle is true and she needs to maintain it because lets say she has 30 topics like life of sweets, radiah, spicy etc and other things like furniture so everything is done everyday then segregate per topic. take note she is the one editing it",@xueivetts6348是的，一切都是真实的，她在docu系列中做到了，但是生活方式是真实的，她需要维护它，因为让我们说她有30个主题，例如糖果，里亚迪亚，辣，辣等等，例如家具，所以一切都完成了然后每天每个主题隔离。请注意，她是一个编辑的人
4252,UgybaqlaPDXgQ89PPld4AaABAg.9Re070FLoFc9UCppqG1Whn,3,@diogomelo3705 let’s suppose it’s fake but the shootings take around 5 days out of a week . that’s enough time to make it a real lifestyle,@Diogomelo3705假设它是假的，但是枪击事件大约需要一周的时间大约5天。那是足够的时间来使其成为一种真正的生活方式
20679,UgxjTD4XqaTiT1bIBNl4AaABAg,3,this positive girl made me love her lifestyle.,这个积极的女孩让我爱她的生活方式。
42658,UgxnbhWtD8x5eTg19fR4AaABAg,3,"you are one of the best people who could ever exist on this earth :) you are beautiful, so hardworking, so skilled so amazing in everything.....

your videos are like medicine to me.... what a lifestyle","您是地球上有史以来最好的人之一：)您很漂亮，如此勤奋，如此熟练的一切都如此惊人.....

你的视频对我来说就像药一样。"
4278,UgybaqlaPDXgQ89PPld4AaABAg.9Re070FLoFc9W9sPXh59Fn,3,"@miukeefeng4951 just because she's being filmed while she does it doesn't mean it's fake. she gets help in her videos but her lifestyle doesn't magically change once the cameras stop rolling. she still lives in the mountains with her grandma, that doesn't change.",@Miukeefeng4951仅仅因为她在拍摄时被拍摄并不意味着它是假的。她在视频中获得了帮助，但是一旦相机停止滚动，她的生活方式就不会神奇地改变。她仍然和祖母一起住在山上，这不会改变。
35095,UgyoQ22FTE7CBFzC4qx4AaABAg.8ukF8x1n6m-8x19Hky1DM0,3,"@felix.mp3639 exactly! she is obviously smart with the geometry put into building furniture and all. my point is that everyone should not praise a lifestyle that, potentially, in her shoes, they would not be able to get everything they take for granted now.",@felix.mp3639完全！她显然很聪明，因为几何形状用于建造家具和所有人。我的观点是，每个人都不应该赞美一种生活方式，即可能是在她的鞋子中，他们将无法获得现在理所当然的一切。
33811,UgxQ4obKp7Mzrv-Mbi54AaABAg.8vAAkm2tSd48y6agUN2-OS,3,i totally agree! this lifestyle is really healthy and calm. just what we need in the actual days: health and calm,我完全同意！这种生活方式确实是健康和镇定的。正是我们在实际日子里需要的：健康与镇定
25012,Ugyvb9Or9onsafDZ5Mt4AaABAg,3,"hello everyone, liziqi, i really like your channel and your lifestyle. do you want to know what you put in front of marshmallow? thank you",大家好，liziqi，我真的很喜欢您的频道和您的生活方式，您想知道在棉花糖前面放什么吗？谢谢啦
52359,Ugye_CaLn2X3UHnlxql4AaABAg,3,"many people said they desired her lifestyle. it's not that easy folks. not even for the old folks. i live in the city but my parents hometown are in the countryside, so i occasionally come to visit. let's just say it's extremely boring. not even my parents can handle it. i think you need to reach a certain ""i can't stand this bs, toxic city and lifestyle anymore"" threshold, then you can commit to an uneventful lifestyle.",许多人说他们想要她的生活方式。这不是那么容易的人。甚至不适合老年人。我住在这座城市，但我的父母家乡在乡下，所以我偶尔来参观。我们只想说这很无聊。甚至我的父母也无法应付。我认为您需要达到某种“我不能忍受这个BS，有毒的城市和生活方式”的门槛，然后您可以致力于一种前所未有的生活方式。
4124,UgyUrXRsMA8pgAIACYd4AaABAg.9Rx3e3xqjGI9URpLCc5oSs,2,"it’s all fake though, please don’t deceive yourself. a life like this is completely unrealistic in any part of the world. you will not find anything remotely similar to this lifestyle in china.",这都是假的，请不要欺骗自己。像这样的生活在世界的任何地方都是完全不现实的。您不会发现与中国这种生活方式相似的东西。
33781,UgxQ4obKp7Mzrv-Mbi54AaABAg.8vAAkm2tSd48w3o6S1tw-T,2,"park chimmin yeah, this is actually also part of their lifestyle, the labour is just being seen in the video, pretty sure usually they sell what they make.",是的，是的，这实际上也是他们生活方式的一部分，刚刚在视频中看到了工作，通常可以肯定的是，他们通常会出售自己的生产。
37923,Ugz4J84OBqwxJuH93hB4AaABAg.8tkNoWBxn9R8uQDNIx6t-4,2,"@sumichan7901 i find it important to note that although she does a lot of things according to traditions, chinese women before the industrial revolution definitely didn't have as much freedom to walk around and do the chores as she does. they stayed in house and most of the stuff he does would be done by servants. or maybe there would be some very poor households where the parents weren't able to footbind their daughters, where a girl would even be able to walk around and would have to do these chores on her own. so her lifestyle is not as traditional.",@sumichan7901我发现重要的是要注意，尽管她按照传统做了很多事情，但工业革命之前的中国妇女绝对没有那么多自由地走动，做家务。他们呆在家里，他所做的大多数事情都是由仆人做的。或者，也许会有一些非常贫穷的家庭，父母无法脚步，一个女孩甚至能够四处走走，不得不自己做这些琐事。因此，她的生活方式并不那么传统。
48134,Ugxsgf77Op-o-xNSbWh4AaABAg,2,"so lovely craftsmanship of her food and lifestyle. i love the scenery and also love,care that is put in all of her food.",她的食物和生活方式是如此可爱的工艺。我喜欢风景，也喜欢爱，照顾她所有的食物。
35067,UgyoQ22FTE7CBFzC4qx4AaABAg.8ukF8x1n6m-8voDbHS4W1Q,2,look at there lifestyle thatโ€s why america is obese ๐ซ,看看那里的生活方式，这就是为什么美国肥胖
4267,UgybaqlaPDXgQ89PPld4AaABAg.9Re070FLoFc9Ufyfa3udRC,2,also she started alone she got rich she hires crew but she directs everything and she edit it and also shoot it herself... tsk tsk as you said again even if shes undergrad she has the skills thats why she is rich. just enjoy her work okay regardless if she has crews she is a self made millionaire as you said so meaning even this videos she work hard on it. meaning she made a lifestyle in rural and shared it to us in high level of video editing compressing a nine month cycle of video editing into 10-15 minutes.,另外，她独自一人富裕，她雇用了船员，但她指导了所有内容，她会编辑并自己拍摄... Tsk tsk，即使她的本科生也有自己的技能，这就是为什么她很富有。无论她是否有船员，她都是一个自我制造的百万富翁，就像您所说的那样，即使是她在努力工作的视频，她都会享受自己的工作。这意味着她在乡村度过了一种生活方式，并在高水平的视频编辑中分享了它，将视频编辑的九个月周期压缩到10-15分钟。
27272,UgwoBK95SLTCe-m60uJ4AaABAg.8zKMCb-XwpB92HqS49mZx5,2,maryna mnassa she doesnโ€t need help. especially after she got famous through youtube she should be quite rich now. she just want to show people natural lifestyle and also telling people where the food came from. people feel relax after watching her videos. as you can see she is using a lot of old equipments but everything looks beautiful and organized. she is presenting old natural lifestyle by modern way. thatโ€s why people like it.,玛丽娜·姆纳萨（Maryna Mnassa）她不需要帮助。特别是在她通过YouTube出名之后，她现在应该很富有。她只想向人们展示自然的生活方式，还告诉人们食物的来源。观看视频后，人们会感到放松。如您所见，她正在使用很多旧设备，但一切看起来都很漂亮且井井有条。她正在以现代方式展示旧的自然生活方式。这就是为什么人们喜欢它。
4266,UgybaqlaPDXgQ89PPld4AaABAg.9Re070FLoFc9UfyFmwf9Me,2,"so if she gets rich before this and her point is to show people the rural life which she chose so whats the problem you said it yourself there alot of millionaires out of poverty so whats the difference with her videos. her videos showing culture, old style cooking a lifestyle. lol... fake? why would you call fake if she can really do all those things you said it yourself even if you did not finish highschool you can still be millionaire and she did that",因此，如果她在此之前变得富有，而她的观点是向人们展示她选择的乡村生活，那么您自己说的问题是什么，这是有贫穷的很多百万富翁，所以与她的视频有何不同。她的视频显示文化，旧式烹饪生活方式。大声笑...假吗？如果她真的可以做所有这些事情，即使您没有完成高中，为什么还可以打电话给假货，您仍然可以成为百万富翁
19775,UgzmQ-ENkjs0c6wmtyh4AaABAg.95Jnp0OjZJ095ixavB5jol,2,actually it is hard to find such a lifestyle in china now.,实际上，现在很难在中国找到这种生活方式。
33870,UgxQ4obKp7Mzrv-Mbi54AaABAg.8vAAkm2tSd4935tJbdEtlt,2,"imagine living like this with a community of people who all value each other, nature, and this kind of lifestyle? it would be amazing!",想象一下，与一个彼此珍视的人，自然和这种生活方式的社区生活在一起？这将是惊人的！
47514,UgwMHlc_RSCeUpwsFwp4AaABAg.8qo_Wnb9HLm8qtRqeXa9Y5,2,"my hometown~ mianyang city,sichuan province, located in the southwest of china. but if you wanted to visit the places which are showed in the video, you need to go to the area of mountains. and most villages in mountains still keep the traditional rural lifestyle. but it seems very hard for foreigners to go to these places because people there almost can't speak english ,even mandarin, most people speak another tones of chinese with accent. so you can go to the same places not in the deep mountain areas like emei mountain, siguniang mountain,etc. and you can taste the food in chengdu city which is the capital of sichuan province, most food that liziqi made are sichuan food. it would be helpful to find the traditional sichuan food if you found a local guider. hope my suggestions would be useful to you.",我的家乡〜Mianyang City，四川省，位于中国西南部。但是，如果您想访问视频中显示的地方，则需要去山区。而且，山区的大多数村庄仍然保持传统的乡村生活方式。但是，外国人似乎很难去这些地方，因为那里的人们几乎不会说英语，即使是普通话，大多数人都会说中文的另一种色调。因此，您可以去Emei Mountain，Siguniang Mountain等深山地区的相同地方。您可以品尝到成都城的食物，这是四川省的首都，Liziqi制作的大多数食物都是四川食品。如果您找到当地的指导者，找到传统的四川食品将很有帮助。希望我的建议对您有用。
10696,UgzggH3LcmPPa1jXggR4AaABAg.9FeQNDjrQiy9GdyCl4b4hD,1,"no guyss.. i think he meant that this lifestyle is not easy to get. since they are rural rich, you canโ€t easily have this kind of life too.",没有人..我认为他的意思是这种生活方式并不容易获得。由于它们是农村富人，因此您也不容易拥有这种生活。
34475,UgwC72wbL_HvXEoXb414AaABAg.8v1GcQpcY7U8vatI6efHlY,1,@sharmishtaa dude no this is her lifestyle,@sharmishtaa家伙不，这是她的生活方式
47203,UgwiLRXMx98XPHsjQ2h4AaABAg,1,"i really love lifestyle like that, everything really natural and cute",我真的很喜欢这样的生活方式，一切都真正自然而可爱
527,UgyoVcx73Vd-HljSyEx4AaABAg,1,i feel like watching something came from heaven. this lifestyle was the most beautiful thing i saw for the day.,我觉得看着天堂来了。这种生活方式是我当天看到的最美丽的东西。
26179,UgwQdehRp_7a7Gz3Xz94AaABAg.8zoNNAQmde-90-uB4gTyHL,1,@user-sc8cy5qc6e now a days... many people have their own youtube channel. and among those some of them really don't deserve it... they make unnecessary/useless or fake stuffs. so maybe you are right she is making million. but that's not a crime...and also...her videos are not unnecessary or useless.... many people loved her because she is prioritizing village lifestyle and cooking and all the village activities... that's what's people love...it's also meditative to watch her videos. so i hope you won't get offended by her.... cause we are not...๐๐๐’—๐’—,@user-sc8cy5qc6e现在是几天...许多人都有自己的YouTube频道。其中有些确实不值得……他们制作了不必要的/无用或假的东西。所以也许你是对的，她正在赚百万。但这不是犯罪……而且...她的视频不是不必要的或没有用的。...许多人爱她，因为她优先考虑乡村生活方式和烹饪以及所有乡村活动...这就是人们喜欢的。 。观看她的视频也是冥想的。所以我希望你不会被她生气。...因为我们不是...
27287,UgwoBK95SLTCe-m60uJ4AaABAg.8zKMCb-XwpB92YVedp62k3,1,"@oshadiamarak0on237 of course ,what she presented was real,the food ,the culture is real,but the lifestyle is not real.we don't work in traditional clothes.",@oshadiamarak0on237当然，她所呈现的是真实的，食物，文化是真实的，但生活方式不是真实的。我们不穿传统衣服。
34400,Ugzk3_mKZwjDJHBt9o14AaABAg,1,the different lifestyles we have. ;-;,我们拥有的不同生活方式。 ; - ;
33865,UgxQ4obKp7Mzrv-Mbi54AaABAg.8vAAkm2tSd492PEAxBqeHi,1,kathaleen wood i love her lifestyle. thats my dream to life like that.away from towns and cities and noise. i love,凯瑟琳·伍德（Kathalen Wood）我爱她的生活方式。那就是我这样的梦想。远离城镇和噪音。我爱
27866,UgxToQHV5hwOZEQlf2t4AaABAg,1,"she is living in a true paradise , in this kind of lifestyle, she may be the one left in this world if everyone is gone",她生活在一个真正的天堂中，在这种生活方式中，如果每个人都走了，她可能是这个世界上留下的那个人
28061,UgxRCqNyAugB1eul1Np4AaABAg,1,"i envy ziqian's pastoral life is not only foreign friends, but i am also very envious of sichuan people like her. i also grew up in rural sichuan. she is mianyang, northeast of sichuan, and i am in southwestern sichuan. the green mountains and green water scenery are very good. although she is not as delicate and her lifestyle is not as traditional, it is naturally real. vegetables and some fruits (strawberries, apples, pears, plums ...) are really self -sufficient. essence nothing to live in my childhood life ~",羡慕子柒田园生活的不仅是各位外国朋友，和她一样同是四川人的我也非常羡慕。我也在四川农村长大，她是川东北绵阳，而我在川西南。青山绿水风景非常好，虽然吃的没有她精致，生活方式也没有她那么传统，但亲近自然是真的，蔬菜和部分水果（草莓、苹果、梨、李子...）真的能自给自足。怀恋一去不复返的童年生活了～
37059,UgyEGa7S8OEs6vHDGF14AaABAg.8uKAG1ThWGP8vMns7LHrx4,1,this is suppose to show the simple and beautiful also hardworking lifestyle of a village life,这应该表明乡村生活的简单而美丽的生活方式
28688,UgwgiTDrORTKxoXyiMh4AaABAg,1,comparing your lifestyle with us we understood where you are living and where we are dying......,将您的生活方式与我们进行比较，我们了解您的住所以及我们正在垂死的地方……
10036,Ugz7EOlZg7XO4bSVI0V4AaABAg,1,wow that is amazing i would pick that lifestyle living off the land instead of normal suburban life any day :),哇，这真是太神奇了，我会选择这种生活方式在土地上而不是普通的郊区生活:)
3936,UgwotmtFc10S3wLypwl4AaABAg.9SWvgNNv8U79UMRmaVwRAG,1,real lifestyle but upgraded quality.,真正的生活方式，但质量升级。
7185,Ugy1pHYzCPBSOUWymON4AaABAg,1,"i love your lifestyle as cultivation of your food and the cosina look delicious the dishes you must admire for all your skills continues to do it from el salvador, san miguel greets you blanca",我喜欢您的生活方式，因为您对食物的种植，而cosina看起来很美味，您必须欣赏所有技能，继续从El Salvador做到这一点，San Miguel向您致意。
24081,Ugw4gkRchDcumi0yZE54AaABAg,1,omg i want to live in your exact house and lifestyle :(,天哪，我想住在您的确切房屋和生活方式中:(
22761,UgyzjyaVBd5_zxk-wX54AaABAg,1,so it starts out as asmr then turns into cooking and ends as lifestyle,因此，当ASMR随后变成烹饪并以生活方式结束时，它开始
33939,UgxQ4obKp7Mzrv-Mbi54AaABAg.8vAAkm2tSd499ZTFv-KgpC,1,we're trained in the way that we'll get bored of such lifestyle right after 3-4 days,我们以3-4天后对这种生活方式感到无聊的方式进行了培训
21619,UgzUJG9ewiAMfSubFQF4AaABAg,1,"i m in love with this lifestyle,can i come to visit you ๐๐๐",我爱上了这种生活方式，我可以来拜访你
33959,UgxQ4obKp7Mzrv-Mbi54AaABAg.8vAAkm2tSd49BQt92kGu1W,1,"@warpnin3 
it is mind-boggling how so many have decided to air grievances because of this video, which shows how these people gather and prepare foods, which cost a pretty penny in health food stores.
the very ones throwing darts back and forth either have to pay the high cost of natural nutritious food or ""junk it"".
no one asked them nor expects them to give up their high mortgages and credit card debts.
it is some other ones lifestyle, not for all, but nevertheless, an excellent one.
(i think it's the sugar or something in the water being out all that anger.)
i am 70, living in a bit of not too rural area, but away from the town in my homeland.
finally, i am planting food and more ""overjoyed"" than stevie because it's a truly lovely experience, after years in the corporate world.
i never wanted it, but my mother impressed upon me that going to school, then getting a good job and hopefully, a pension, was necessary.
no!
i wanted to draw, sketch, paint, design!
i did some, and custom make my clothes all of my life.
but, i never continued with that part of my desires.
so, this skinny grandmother is learning five languages and gardening.
i'm not done living yet!","@warpnin3
令人难以置信的是，由于这段视频，有多少人决定宣布申诉，这显示了这些人如何收集和准备食物，这在健康食品商店中花费了一分钱。
那些来回扔飞镖的人要么必须支付自然营养食品的高昂费用，要么必须“垃圾”。
没有人要求他们也没有期望他们放弃他们的高抵押贷款和信用卡债务。
它是其他一些生活方式，不是所有的生活方式，但仍然是一种出色的生活方式。
（我认为这是糖或水中的某些愤怒。）
我今年70岁，住在不太农村地区，而是远离我家乡的小镇。
最后，我正在种植食物，比Stevie更“高兴”，因为这是一次真正可爱的经历，经过多年的企业世界。
我从来没有想要它，但是我母亲给我留下了深刻的印象，那就是上学，得到一份好工作，希望退休金是必要的。
不！
我想画，素描，绘画，设计！
我做了一些，并习惯了一生。
但是，我从未继续遵守自己的欲望。
因此，这个瘦的祖母正在学习五种语言和园艺。
我还没有生活！"
36243,Ugw3qr-9--BZV3PyiBJ4AaABAg.8uWwTpNqXib8unC0Sl9a7U,1,"cant agree more, im sooo jealous with that girl lifestyle!!!",不能同意更多，我对那个女孩的生活方式嫉妒！！！
33496,Ugw-c8XsHqsDWa3VKP14AaABAg,1,"for people envying her lifestyle, you can take a small step by learning how to cook. make some dried fruits, roast some nuts. you might not have her lifestyle but at least you cn be very sure you can feed yourself.",对于嫉妒她的生活方式的人们，您可以通过学习做饭来迈出一小步。制作一些干果，烤一些坚果。您可能没有她的生活方式，但至少您可以非常确定自己可以养活自己。
4255,UgybaqlaPDXgQ89PPld4AaABAg.9Re070FLoFc9UMRWgKuiff,1,"@nilssjoberg4574 i mean the lifestyle is real, but definitely not this good quality.",@nilssjoberg4574我的意思是生活方式是真实的，但绝对不是这种好的质量。
36542,UgyzWftfxsT1zb2rV1l4AaABAg,0,"whar a simple, but very nice lifestyle she has! she is so hardworking ๐๐ค—",她的生活方式很简单，但非常美好！她是如此努力
36345,UgxlxABCXEuUSnYdYOd4AaABAg,0,your lifestyle blogs fantastic and the food laks sotasty๐‘,您的生活方式博客很棒，而食物laks sotasty则
35103,UgyoQ22FTE7CBFzC4qx4AaABAg.8ukF8x1n6m-8xPsR0rAdk9,0,"@hongweigeng5546 this does not mean that this is a bad thing, but it should not be a valuable lifestyle.","@hongweigeng5546 这并不意味着这是一件坏事,但它不应该是一个有价值的生活方式。"
36910,UgzUSUJQfK3hcWcZ7SJ4AaABAg,0,woow..this is the type of lifestyle i want to live...,哇..这是我想生活的生活方式的类型...
35785,UgyHt1jlgAoRWeRasr54AaABAg,0,what a lifestyle๐ฉ i would love this but in a penthouse,我会喜欢的生活方式
35144,UgyoQ22FTE7CBFzC4qx4AaABAg.8ukF8x1n6m-92YTHh1hBPD,0,"@therewasnochill8997 that is not real.women have the equal opportunity to get education .of course ,she is good at other things,this lifestyle is what she choosed.",@the When Wwasnochill8997不是真实的。妇女有平等的机会接受教育。当然，她擅长于其他事情，这种生活方式是她选择的。
36503,UgwS3044xsBqPQae_ZV4AaABAg,0,i think the world should live like her lifestyle,我认为世界应该像她的生活方式一样生活
35971,UgxmifX_hFeHn8_Qg5d4AaABAg,0,"if someone says to me "" you choose 2.000.000.000$ /โฌ or this life-living"".....i would honestly choose this lifestyle",如果有人对我说“您选择2.000.000.000 $ /€或这种生活生活” .....我会选择这种生活方式
35289,UgwzDRydxofJh4_--2h4AaABAg,0,i love ur lifestyle and everything abt u,我爱你的生活方式和一切
469,UgznvIafE-0FNuLtsFJ4AaABAg,0,"the way your videos help me. thank you so much! wish i could live this slow pace of life one day. doesnt have to be in village, city okay too but this kind of slow pace. i will hardworking so i could live this lifestyle :)",视频对我的帮助。太感谢了！希望我有一天能过着这种缓慢的生活节奏。不必在乡村，城市也可以，但是这种缓慢的步伐。我会努力工作，这样我就可以过这种生活方式:)
37229,UgyF0tHb3A3Nj9BLDcJ4AaABAg,0,"anyone know who is the cameramen of her videos? :"" i am so thankful of him/her so i know her lifestyle",有人知道她的视频的摄影师是谁吗？ ：“我非常感谢他/她，所以我知道她的生活方式
48317,Ugy7YJlQHa1Qg9Eh6bl4AaABAg,0,"she is so skillful and hard -working, i really like her lifestyle",她是如此熟练和努力，我真的很喜欢她的生活方式
45609,UgwadGDIuNalvzlSG7d4AaABAg,0,"should i point out that what was labelled as ""roasted melon seeds"" was actually very obviously sunflower seeds? that part was a bit weird.
apart from that, i loved watching this, and have watched many other vids of yours, and they're all so beautiful! 
you're living in a dream village that ever so many people wish they could escape to - such is the stressful complexity of our lives.
i legit expected totoro to show up or something, lol! that's how surreal your lifestyle is to the rest of us. :) 
thank you for sharing! your camera person is on point! :)","我是否应该指出，标有“烤瓜子”的标签实际上是非常明显的葵花籽？那部分有点奇怪。
除此之外，我喜欢观看它，并且已经看过您的许多其他视频，而且它们都很漂亮！
您住在一个梦想中的村庄，有很多人希望他们能逃脱 - 这就是我们生活中压力很大的复杂性。
我合法期望托托罗出现，大声笑！这就是您的生活方式对我们其他人的超现实。 :)
感谢你的分享！您的相机人在点！ :)"
45800,UgxyF6EtxppIRP5tSul4AaABAg.8r-zcZtw6-O8r9k7iHOqzY,0,"in fact, i bought these things in china. the degree of development can already be compared with tokyo, new york. the reason why everyone likes her so much is that she has found all the memories of our forgotten. the most precious lifestyle is the most desirable",其实在中国这些东西随便哪儿都买的到，发达程度已经可以和纽约东京相比了，之所以大家这么喜欢她的视频，是她把我们遗忘的记忆都找了回来，其实那个最纯真最纯粹的生活方式才最珍贵才最让人向往
46390,UgxUgT2-YqHwzl4ZH3x4AaABAg,0,i love ur lifestyle!,我爱你的生活方式！
46563,Ugy9e2A-d5lvKHyvFLl4AaABAg,0,i am writing to you from 'italy ... happy new year to you to your grandmother and your lifestyle .. this video give me a lot of peace especially in my heart .. you are very good and unique .. compromises! and thanks for giving us these videos of peace in the nature and sense of family. .ti greeting☺,我是从“意大利”写信给您的...新年快乐给您的祖母和您的生活方式。.这段视频给我带来了很多和平，尤其是在我心中..您非常好，非常独特..妥协！并感谢您在本质和家庭意识上给我们这些和平的视频。 .ti问候☺
47359,UgzYZMgJAINkwqGpVAV4AaABAg,0,"even making popcorns is fun! omg, i wish i had a lifestyle like that ❣",即使制作爆米花也很有趣！天哪，我希望我有这样的生活方式❣
48067,UgySir8nlqjs_ObmU8Z4AaABAg,0,live in paradise .. i love that lifestyle,生活在天堂中..我喜欢那种生活方式
48919,UgxFNvPsbj8yUcmiOB94AaABAg,0,"does anyone know what is going on? like, why are these videos so well produced? who produces them? where on earth are they filmed? these videos baffle me so much i wish i could read chinese so i could understand. it's like a cooking show/lifestyle vlog/also making furniture and stuff, but it's also obviously scripted and produced? i'm so confused. anyway the videos are lovely they're like live action studio ghibli",有人知道发生了什么吗？就像，为什么这些视频如此精心制作？谁生产它们？他们在哪里拍摄？这些视频使我感到困惑，我希望我能阅读中文，以便我能理解。这就像烹饪表演/生活方式视频博客/也制作家具和东西，但显然也是脚本和生产的？我很困惑。无论如何，这些视频很可爱
38253,UgyMiCvNNxMj2WFkqld4AaABAg,0,amazing lifestyle..โค๏ธ,惊人的生活方式..❤️
49084,UgzKDubI2RCayXdzZYx4AaABAg,0,your lifestyle is amazing. those who thumbs down need to get a life.,您的生活方式很棒。那些颤抖的人需要谋生。
50107,Ugz08Y_ddr_KNA3SNbR4AaABAg,0,she really manages to show the beauty of rural chinese lifestyle. i know it is not 100% realistic but the essence is there. really nice work refining chinese culture in these high quality videos!,她确实设法展示了中国农村生活方式的美丽。我知道这不是100％现实的，但本质在那里。在这些高质量的视频中，非常出色的工作精炼中国文化！
50835,Ugz1Rgi9TscFE1PGhUp4AaABAg,0,i'm in love with this beautiful lifestyle,我爱上了这种美丽的生活方式
51037,UgyTyXKc9qB6fOXpOh54AaABAg,0,multi tasking multi talented sweet lady.love the nature binding lifestyle . great preparation . regards from france,多任务多个才华横溢的甜蜜女士。精彩的准备。来自法国的问候
51603,UgycOIJkfZROtFp-m614AaABAg,0,what a dreamy lifestyle!,多么梦幻的生活方式！
52213,Ugxq7t-wAgg5kzVSTkd4AaABAg,0,"always feeling jealous about your lifestyle,, lot's of love from bangladesh ❤️",总是对您的生活方式感到嫉妒，孟加拉国的很多爱
44696,UgzIO6bQYCoEIKnMuJx4AaABAg,0,what you’ve been doing and the places your staying now is my longtime dream since childhood i never think it could happen but i see with my two eye... i really envy your simple lifestyle with all the nature beauty around you. i wish i could be at least your sister coz u have all my imagination dream,您一直在做的事情以及您现在住的地方是我的长期梦想，因为童年以来我从不认为会发生，但我两只眼睛看到了……我真的很羡慕您对周围所有自然美景的简单生活方式。我希望我至少可以成为你的姐姐，因为你有我所有的想象梦想
44404,UgwRE62a2ZycSWiUA5V4AaABAg,0,you chinese people dont know how much we loves u..the lifestyle..everything..lol from rest of the country.,你们中国人不知道我们有多爱你。
43848,UgzMHuwW3pllQShkloN4AaABAg,0,"inspiring video for simpler, healthier and happier lifestyle",鼓舞人心的视频，以更简单，更健康，更快乐的生活方式
43724,UgxNzJ6PZiQymaiNV3R4AaABAg.8rIvoP8deLE8revtqhh6VL,0,"don't want to sound mean, but this seems to good to be true. it gives me huge propaganda feels. perfect mix of cultural revolution, traditional lifestyle and modern world reduction. a huge big add for a more sustainable way of life? china 2050? 
the message itself is a beautiful one: work hard, live simple, honour your elders and don't copyy the west.","不想听起来卑鄙，但这似乎是真的。它给了我巨大的宣传感觉。文化革命，传统生活方式和现代世界的完美结合。为更可持续的生活方式增添了巨大的巨大添加吗？中国2050年？
信息本身是一个美丽的信息：努力工作，生活简单，尊重您的长者，不要在西方复制。"
43401,Ugw7H0whSEOQHa301354AaABAg,0,"miss, i'm ready to leave my city lifestyle and live there with you, i love gardening too and been doing it since i was little and i'm a pretty good cook too, dunno if i fit to be your husband.",小姐，我准备离开我的城市生活方式，和你住在一起，我也喜欢园艺，因为我很小，而且我也很不错，如果我适合你的丈夫，我也很不错。
43154,Ugz6dAt-owFpgdhn0TN4AaABAg,0,i wanna lifestyle like this,我想这样的生活方式
41905,UgxnMSyvh0ywHDPkp054AaABAg,0,"omg i want to live with her at least for 2 weeks and share her lifestyle, it's so beautiful",天哪，我想和她一起生活2周，分享她的生活方式，真是太美了
41616,Ugx3lVHp7Bz2nMU50Xt4AaABAg,0,"what a beautiful lifestyle, this is how we all could live,wow!!!!",多么美好的生活方式，这就是我们所有人都可以生活的方式，哇！！！
35093,UgyoQ22FTE7CBFzC4qx4AaABAg.8ukF8x1n6m-8x18RG_YbqB,0,"426firefly yes, i can understand. many of my chinese friends thought this was the person i would become and how many people would be like this. this is definitely not like that, and always prejudice. i don't want to steadily stereotyy and stereotypes of any woman in that area. i just say that maybe people should appreciate what they have, rather than hopeful lifestyles, which may be the only chance of someone in life.","426firefly 是的,我能理解。我的许多中国朋友都以为这就是我会成为的人,以及有多少人会这样。这绝对不是那样的,而且总是有成见。我并不是想刻板地刻板地刻板地把她和那个地区的任何女人。我只是说,也许人们应该欣赏他们拥有的东西,而不是希望的生活方式,这可能是某人唯一的机会在生活中。"
41321,UgyztUQScLYeaDusWjZ4AaABAg,0,"thanks for the video, healthy food and an active lifestyle",感谢您的视频，健康的食物和积极的生活方式
41161,UgwKBjiPhklEF4YziQt4AaABAg,0,"really i feel shy , you did alooot of hard work ! hard house works by hard ways! without any tecknology! how that! and how you can live happy like that lifestyle! i cook the lunch and feel so tired and hate my life! i hope be like u and feel like you",我真的很害羞，你做了艰苦的工作！硬屋用艰难的方式工作！没有任何tecknology！那怎么了！以及如何像这种生活方式一样幸福！我煮午餐，感到非常疲倦，讨厌我的生活！我希望你像你一样，感觉就像你一样，让你很高兴
41115,UgwH6Snqn7lSfYj-_cJ4AaABAg,0,what a lovely lifestyle i like this so mcch,我喜欢这个多么可爱的生活方式
40575,Ugx2cezCV2gYqlwe1T54AaABAg,0,youtube actually saw you too! really good lifestyle! longing,YouTube 居然也看见你了！真的特别好的生活方式！令人向往
39602,Ugxh4GG2LF2uU9coUbp4AaABAg,0,her puppies are soo cute ๐ญ. i subscribed even though thereโ€s a language barrier- thanks for the subtitles. your videos are wonderful- they are both a lifestyle and an art. thank you for sharing.,她的小狗太可爱了。即使有语言障碍，我也订阅了一些字幕，即使有语言障碍。您的视频很棒 - 它们既是生活方式又是艺术。感谢你的分享。
39529,Ugx2cJEEtvloVQRlifB4AaABAg,0,i'm so envious of your lifestyle you eat so well and everything is fresh and you take good care of your grandparents. here in the uk most foods are frozen and even the fresh stuff is not that fresh.and our grandchildren don't take care of us.they are to busy running their own families.,我非常羡慕您的生活方式，您吃得很好，一切都是新鲜的，您会很好地照顾您的祖父母。在英国，大多数食物都是冷冻的，甚至新鲜的东西都不是新鲜的。我们的孙子们不照顾我们，他们忙于经营自己的家庭。
39164,UgzSZRYPpyGdRks698l4AaABAg.8swEwD7lEa78swLTe2W53-,0,"it is truly rural life in some regions of china. and she just filmed it with a camera. her villiage might be poor in terms of economic life compare to your city. but the life there doesn't need to be so rich like nyc, la or shanghai. she is satisfied and happy with this self -sufficient lifestyle.",在中国某些地区，这确实是乡村生活。她只是用相机拍摄了它。与您的城市相比，她的村庄在经济生活方面可能很差。但是，那里的生活不必像纽约市，洛杉矶或上海那样富裕。她对这种充实的生活方式感到满意和满意。
38479,Ugx5v8sRL4gPWGuzs6l4AaABAg,0,most ofd channels they are showing talents but here she is showing traditional chinese lifestyle... i love it from tamil nadu,他们表现出才华的大多数频道，但在这里她展示了中国传统的生活方式...我喜欢泰米尔纳德邦
35094,UgyoQ22FTE7CBFzC4qx4AaABAg.8ukF8x1n6m-8x19751aqwu,0,"@user-mf5ot3wu5c, i am sorry for this confusion. i never want to offend anyone, but i have given up my time and live in working women's shoes. i have done a lot of work for the charity there, and i like to understand the culture there. americans should be grateful to what they have, not unreal lifestyles they will never pursue.","@user-mf5ot3wu5c 哦,我为这种混乱感到抱歉。我从来不想冒犯任何人,但我已经放弃了我的时间,住在工作女鞋那里。我为那里的慈善事业做了很多工作,我喜欢了解那里的文化。美国人应该感激他们拥有的东西,而不是他们永远不会追求的不真实的生活方式。"
32032,UgxxeH8Siw90ZkOryrV4AaABAg.8w-QnfZHEcm8w2-E-vt7PY,0,"@justicefornicholealloway maybe you're right. they may have a whole team to produce these videos or they may have been doing everything by themselves. we cannot know that. moreover, it is actually doesn't matter if their lifestyle is real or not (which i think is real because i guess she is from china and i kinda know that they are pretty neat people). i think, what viewers care about is the authenticity of the environment and the modesty of the characters like granny and the skillful girl. ultimately it's all about storytelling and the visuals that is why we are here. :)",@JusticeFornicholealLoway也许您是对的。他们可能有一个整个团队来制作这些视频，或者他们可能自己做所有事情。我们不知道。此外，他们的生活方式是否真实并不重要（我认为这是真实的，因为我想她来自中国，我有点知道他们是非常整洁的人）。我认为，观众关心的是环境的真实性和诸如奶奶和熟练女孩之类的角色的谦虚。最终，这就是讲故事和视觉效果，这就是我们在这里的原因。 :)
35090,UgyoQ22FTE7CBFzC4qx4AaABAg.8ukF8x1n6m-8x17TkqAup_,0,"@user-zd7wg5ji1d this is exactly what i agree with !! listening, i mean that there is no ham and disrespect to anyone, including her! i like these videos, i think she is really cool, but at the same time, there is no reason to let a group of computer monkeys come here, hoping that they have her lifestyle instead of appreciating what they have.","​ @user-zd7wg5ji1d 这正是我同意的观点!!听着,我的意思是没有哈姆和不尊重任何人,包括她!我喜欢这些视频,我认为她所做的真的很酷,但与此同时,没有理由让一群电脑猴子来到这里,希望他们拥有她的生活方式,而不是欣赏他们所拥有的。"
12859,UgxsKuvNecArJeawo9t4AaABAg,0,li zipi i really love your lifestyle its so simple and perfect i wish my life is same as your i love ur vids by the way!!,李Zipi我真的很喜欢您的生活方式，它是如此简单和完美，我希望我的生活和您的我爱您的视频一样！
20880,Ugz2VkOHQ2WoYbyQzNd4AaABAg,0,how does one person know how to do all of this and also how do i know nothing about so much of this food? amazing channel and lifestyle. beautiful living.,一个人如何知道如何做所有这一切，以及我如何对这些食物一无所知？惊人的渠道和生活方式。美丽的生活。
20467,UgwBEY2oRT7yFyTmFXl4AaABAg,0,fuck this bull shit!!! pretentious ass lifestyle ๐–•๐–•๐–•๐–•,他妈的这个公牛狗屎！！！自负的屁股生活方式
19199,UgwwnFHxKCwcuJuxWGl4AaABAg,0,allah blessed her with beautiful lifestyle....,阿拉以美丽的生活方式祝福她。
18883,UgwECP07wJwozCCvvq14AaABAg,0,i feel like even though shes portraying a humble/country rustic lifestyle that it's probably very expensive to live like that now days.. or i could be wrong...,我觉得即使她描绘了一种谦虚/乡村质朴的生活方式，现在像现在这样生活可能非常昂贵。或者我可能错了...
18840,UgxdfhIBHtcMprsHF294AaABAg.96U_wjWL5Lw9qKwZRXwtaZ,0,"hay day/ nayekgaming 
youtube -https://youtu.be/b8figsqfgo0
atoplay-https://atoplay.com/videos/163eb6f43d4de41676373827
______
earn money/part time job 
modicare direct selling company or network marketing 
joining time use 
sponsored mca no -76222019
joining link -https://www.modicare.com
atoplay-https://atoplay.com/videos/16430275717ac11680877399
youtube -https://youtu.be/dwmyegmjo-q
______
asclepius wellness private limited
become a direct seller
direct selling or network marketing
if you join 
register time use
sponsored i'd -28f281e
name-debojyoti nayek 
joinlink-https://asclepiuswellness.com/login.aspx
atoplay-https://atoplay.com/videos/1639cc099a7d771671217305
youtube - https://youtu.be/dcwzucpyauu
_________
mi lifestyle marketing pvt ltd
direct selling/network marketing 
joining time use
sponsored i'd -4419335214
joining link- https://www.milifestylemarketing.com/
youtube -https://youtu.be/zvgh3zi6cn0
atoplay-https://atoplay.com/videos/1643b8b5428d2e1681623892
_________
4) vestige marketing pvt ltd
sponsored i'd -49777081
_________
5)rcm marketing pvt ltd
sponsored i'd -39470226
________
nayekfashion
shop link-
https://myshopprime.com/nayekfashion/25cycqs

#nayekgaming #bhootoo #nayek #nayekkidschannel #nayekhealthchannel #nayekhindistory 
#nayekblogschannel #nayekfashion 
#debojyotinayek","干草日/ nayekgaming
youtube -https：//youtu.be/b8figsqfgo0
atoplay-https：//atoplay.com/videos/163eb6f43d4de41676373827
______
赚钱/兼职工作
Modicare Direct Selling Company或网络营销
加入时间使用
赞助MCA No -76222019
加入链接-https：//www.modicare.com
atoplay-https：//atoplay.com/videos/16430275717AC11680877399
youtube -https：//youtu.be/dwmyegmjo-q
______
Asclepius Wellness Private Limited
成为直接卖家
直接销售或网络营销
如果您加入
注册时间使用
赞助我是-28F281E
名称debojyoti nayek
joinlink-https：//asclepiuswellness.com/login.aspx
atoplay-https：//atoplay.com/videos/1639cc099a7d771671217305
YouTube -https：//youtu.be/dcwzucpyauu
_________
MI生活方式营销Pvt Ltd
直接销售/网络营销
加入时间使用
赞助我是-4419335214
加入Link- https://www.milifestymarketing.com/
youtube -https：//youtu.be/zvgh3zi6cn0
atoplay-https：//atoplay.com/videos/1643b8b5428d2e1681623892
_________
4）Vestige Marketing Pvt Ltd
赞助-49777081
_________
5）RCM Marketing Pvt Ltd
赞助我是-39470226
________
Nayekfashion
商店链接 - 
https://myshopprime.com/nayekfashion/25cycqs

#nayekgaming #bhootoo #nayek #nayekkidschannel #nayekhealthchannel #nayekhindistory
#nayekblogschannel #nayekfashion
#debojyotinayek"
18219,UgxqS3ndP51GJaxOJVZ4AaABAg,0,can i come to your place i love your lifestyle...,我可以来你的家，我爱你的生活方式吗？
17633,UgzNv4azBWM4KY1hR414AaABAg.97m90yxmeTh98QmR_0Iteu,0,"at least she is doing all the hard work by herself which part can't you hates see? well i guess you haters can always find something to judge and hate, i highly doubt that if you actually have a life in reality or this is how pathetic you guys are, don't appreciate a different culture, the beautiful side of countryside lifestyle...it just can't be something nice in your eyes, it has to be poor, dirty, not developed or even not educated. where does your self priority come from mr. know-it-all? in the end you are just a human like everyone else. righteousness doesn't make you a wise man but demonstrates that you have ugly soul.",至少她自己正在做所有艰苦的工作，您无法讨厌看到哪一部分？好吧，我想您仇恨的人总是会找到一些可以判断和仇恨的东西，我高度怀疑，如果您实际上有现实的生活，或者这就是你们的可悲，不要欣赏不同的文化，这是乡村生活方式的美丽一面。 ..这在您的眼中不可能是一件好事，它一定是贫穷，肮脏，没有发展甚至没有受过教育的东西。您的自我优先级来自智力先生？最后，您就像其他人一样。公义并不能使您成为一个明智的人，而是表明您有丑陋的灵魂。
16021,Ugw1bhelK3cCy-EULAd4AaABAg,0,her hand skin is kinda rough.. so i pretty sure she done all of these things not just because to film it.. but it just her lifestyle..,她的手皮有点粗糙。所以我很确定她做了所有这些事情，不仅是因为拍摄它。而且只是她的生活方式..
15016,UgwmP_NKRdZSznkAVRZ4AaABAg,0,i love your lifestyle,我爱你的生活方式
14187,UgyzT_26Ds5H-I28hAl4AaABAg,0,"i have smaller gardens like that in my village, but i'm too lazy to make planting , so i guess this kind of lifestyle only suit for industrious and smart people…not for lazy girl like me…sad",我在村里有这样的较小的花园，但是我懒得种植，所以我想这种生活方式只适合勤奋和聪明的人……不适合像我这样的懒惰女孩……悲伤
13593,UgyemusJUIlnmmjhBrp4AaABAg,0,your lifestyle is sooo good,你的生活方式很好
13369,UgwqljrhGSDjtWXjuTR4AaABAg,0,i like ur lifestyle it's a very peaceful life,我喜欢你的生活方式，这是一种非常和平的生活
12996,UgyVZf0MWZyfUUapQ7l4AaABAg,0,want to be like this i love her lifestyle.,想这样我爱她的生活方式。
12666,UgwT1gDAxj3u5Py3Xn14AaABAg.9Cu4gC8q40r9DyqK-b-YkT,0,"​thatoneasianbrochick only an idiot will assume philippines was part of china. geographically speaking it is not even close in culture, lifestyle, and knowledge. ah i will not argue with idiots. please comment away.",Thatonoesianbrochick只有一个白痴会假设菲律宾是中国的一部分。从地理上讲，它在文化，生活方式和知识方面甚至都不是亲密的。啊，我不会和白痴争论。请发表评论。
22145,UgwAF86DFqCyjaaE4_Z4AaABAg.933vdtTbrag93B_W3myG_C,0,"deng kai doesn't wash it. i also like to watch li's videos, which can bring me tranquility and peace of mind. i also know very well that there is no such poetic lifestyle in rural china. come and talk about how you have such poetry and painting",邓凯 别洗了，我也很喜欢看李的视频，能给我带来宁静和安心感，我也很清楚知道中国农村没有这样的诗情画意的生活方式。来你说说你的那里如何有这般的诗情画意
11918,Ugw2z34R0hkh2RnABTt4AaABAg,0,hai sister i like your videos very much very nice videos. my youtube channel is thamizhini's lifestyle please subscribe to my channel sister thanks in advance take care. i love your cooking very much.,hai Sister，我非常喜欢您的视频。我的YouTube频道是Thamizhini的生活方式，请订阅我的频道姐姐，谢谢。我非常喜欢你的烹饪。
9663,UgyF9ONH0Fw9h_oCgM94AaABAg,0,wow. just wow.. what a fantastic lifestyle.,哇。哇..多么美好的生活方式。
9353,Ugx3M0Dv2asQ-oU5ait4AaABAg,0,please watch bangladeshi village lifestyle: https://www.youtube.com/watch?v=zzbcfruagre,请观看孟加拉国乡村生活方式：https：//www.youtube.com/watch?v=zzbcfruagre
8953,Ugw149YYxFqIh4KMYXt4AaABAg,0,"nice
visit my channel plz
#kitchenandlifestylewithambreen","好的
访问我的频道PLZ
#kitchenandlifestylewithambreen"
7866,Ugwi5VEQCe3Spx7cht54AaABAg,0,amazing lifestyle,惊人的生活方式
7332,Ugxbf2_7_rr9S72PRON4AaABAg.9JwzlYQW9wa9LrTlmN-YwW,0,"@joanniebb6459 her lifestyle will make her always naturally beautiful! she has everything: looks, talent and personality. she deserves the compliment.",@joanniebb6459她的生活方式将使她总是自然美丽！她拥有一切：外观，才华和个性。她值得称赞。
6830,Ugwt7y4_-Yq_FSrM0L94AaABAg,0,"u️ hotslut.live/xxx1ovem0de1539 ⤵️
b.e.s.t f'u'l'l d.a.t.i.n.g h.o.t g.i.ra.l's
—l — o — e — e-x —— ❤️
..

in the history of human beings, strong people, rich and cunning people predatory tribes, clan, towns, cities, and villages in the weak people, without members of the poor and poor. however, people's willingness to survive forces those who are rejected, deprived or destroyed, and have found a lifestyle and continue to integrate their dna into the development of human society.
when it comes to food, don't think those who are rejected only eat garbage. instead, they learned to find nutrition in the neglected meat and vegetables. they learned to clean, cut pieces, seasoned and stewed wild vegetables and meat, some household vegetables and meats ignored in the food market, and learned to use aromatic wood cigarettes (such as mountain walnuts, walnuts and bean shrubs
when the food is cooked ..","➡️ hotslut.live/xxx1ovem0de1539 ⤵️ 
B.e.S.T f'u'l'l D.a.T.i.n.G h.o.T G.i.r.L's
—L—o—V—e—S—e-X———❤️
..

在整个人类历史上，强者，富人和具有狡猾特质的人捕食部落，氏族，城镇，城市和乡村中的弱者，无`'守和贫穷成员。然而，人类的生存意愿迫使那些被拒绝，被剥夺或摧毁的基本需求的人们找到了一种生活方式，并继续将其DNA融入不断发展的人类社会。
说到食物，不要以为那些被拒绝的人只吃垃圾。相反，他们学会了在被忽视的肉类和蔬菜中寻找营养。他们学会了清洁，切块，调味和慢炖慢炖的野菜和肉类，在食品市场上被忽略的部分家用蔬菜和肉类，并且学会了使用芳香的木烟（如山核桃，山核桃和豆科灌木
来调味食物煮的时候.."
6446,UgzTaGTmJAEfEgSv9Ep4AaABAg.9M0NeUCmqSi9MN5MS4fmmS,0,@alvinca647 i’m saying her lifestyle is not like this.,@alvinca647我是说她的生活方式不是这样。
4973,Ugzzioq4AfbxK4yK8Up4AaABAg,0,lots of love from arg lifestyle and love from tripura love u,Tripura Love u
4754,UgwBDBvgBIxzLSZfuph4AaABAg,0,impressesd by her lifestyle,她的生活方式印象深刻
4298,UgybaqlaPDXgQ89PPld4AaABAg.9Re070FLoFc9Z5_Pos6vg8,0,"@justjite15 read my previous reply again. i don't know what assumptions you are talking about? all i said was that the video is staged because there's no way a real farmer in china can afford to live like her. but the lifestyle, except the quality of food and decorations, is real.",@justjite15再次阅读我以前的答复。我不知道您在说什么假设？我所说的是，该视频是在上演的，因为中国真正的农民无法像她一样生活。但是，除食物和装饰的质量外，生活方式是真实的。
3372,UgySZSNZDb--4S6IsYd4AaABAg,0,"the ordinary people of the chinese nation have been living like this for thousands of years. manual work, farming economy, pure natural and pollution-free, until the advent of western civilization changed everything. when the entire chinese nation is like li ziqi, industrializing and informatizing the entire country with diligence and wisdom. and at the same time there is a higher pursuit of a higher and better future for mankind, such as artificial intelligence, the internet of everything, and space technology. li ziqi's video appeared before our eyes like an angel's performance. when we (western, eastern...) stand in the reinforced concrete forest of the city, at the moment of the pandemic of the world. we fell in love with li ziqi's lifestyle. li ziqi never expected that she would be loved by so many audiences all over the world. this is a hint. at the crossroads of this turbulent world, where shall we go?",中国民族的普通百万生活已经数千年了。手动工作，农业经济，纯粹的自然和无污染，直到西方文明的出现改变了一切。当整个中国国家都像李齐（Li Ziqi）时，以勤奋和智慧为整个国家提供了工业化和信息。同时，人们对人类的更高，更美好的未来有更高的追求，例如人工智能，一切的互联网和太空技术。李齐（Li Ziqi）的视频像天使的表演一样出现在我们眼前。当我们（西部，东部...）站在世界大流行时城市的浓缩混凝土森林中时。我们爱上了李齐的生活方式。李齐（Li Ziqi）从来没有想到她会被世界各地的许多观众所爱。这是一个提示。在这个动荡世界的十字路口，我们要去哪里？
1134,Ugxf4NLXvbXEkwhnhDd4AaABAg,0,i like her lifestyle ๐ฅฐ i wish her happy future !!!,我喜欢她的生活方式。
21412,Ugx-KnYYPoQ1XL7PNlJ4AaABAg,0,"your videos, the production, your spirit, your lifestyle, the way you love your elders and animals, and the way you respect the earth, it gives me great peace, serenity, and i feel nothing but love from watching your videos. thank you for sharing, my friend! sending great love from dallas, texas, usa. ๐’",您的视频，制作，精神，生活方式，您爱长者和动物的方式以及您尊重地球的方式，它给了我极大的和平，宁静，我除了观看视频而没有爱。谢谢您的分享，我的朋友！从美国德克萨斯州达拉斯发出伟大的爱。
22349,UgzVpRa8JuX9WQcTL4x4AaABAg,0,"i used to do everything that i wanted to get rid of, and now it has become a life that everyone is yearning for, and it is closer to the lifestyle of nature how beautiful it is",曾经千方百计想脱离的生活方式，现在成了人人向往的生活了，更接近大自然的生活方式是多么的美好
34649,UgwgrRDyqv2FPA8LYsB4AaABAg.8uwt-3S6CL58uybwEkeYLE,0,"@ataryo lmao sir it's not that fucking deep. tf are you getting mad over people complimenting her hard work. some things aren't that complicated honestly. i get that you have experienced the lifestyle but there's also the consideration your experiences aren't universal. they look perfectly comfortable, and if they weren't they certainly are now with all the revenue coming in from monetization. stop microanalyzing shit that's not there ๐คฆ",@ataryo lmao先生，这不是那么深。 TF您是否为人们称赞她的辛勤工作而生气。诚实地说，有些事情并不是那么复杂。我知道您已经体验了生活方式，但是您的经历也不普遍。它们看起来非常舒适，如果不是，他们现在肯定是所有的收入都来自货币化。停止不存在的微分析屎
30188,UgxwxuSmjXJYNUI4mT54AaABAg,0,when u live without smartphone and city lifestyle,当你没有智能手机和城市生活方式时
34648,UgwgrRDyqv2FPA8LYsB4AaABAg.8uwt-3S6CL58uy32JvrfYg,0,"@mariahsspleen8312 admiration that last for the length of the video while having no clue about the harshness and the profound beauty of this lifestyle. oh, and yes! if you read the comments, you'd see that people have unrealistic admiration towards her . my wife's chinese ( same province as her) and i experienced the deep countryside of china. it's both beautiful and awful. it's good to get inspiration but people shouldn't fool themselves in false expectation just because the video is nicely edited. if you excuse me, i'm done talking to you. ๅ่ง๏ผ",@Mariahsspleen8312钦佩持续了视频的长度，同时却不知道这种生活方式的苛刻和深刻的美感。哦，是的！如果您阅读评论，您会发现人们对她的钦佩是不切实际的。我妻子的中国人（与她同样的省）和我经历了中国深处的乡村。它既美丽又可怕。获得灵感是一件好事，但是人们不应该因为视频精心编辑而愚弄自己的错误期望。如果您原谅我，我已经和您说话了。再见！
34638,UgwgrRDyqv2FPA8LYsB4AaABAg,0,this video doesn't reflect the hardship that this lifestyle bring alongside other problems.,该视频并不能反映这种生活方式带来其他问题的困难。
34333,Ugyz5gw9kjdyLOFp-LR4AaABAg,0,itโ€s so crazy to see someone with such a different lifestyle. sometimes i forget that other people live in such a different way than the way in my little bubble of city.,看到一个生活方式不同的人真是太疯狂了。有时我忘记了其他人的生活与我小泡沫中的方式不同。
34246,UgwZjAG4JT35jlvkatF4AaABAg,0,i love your lifestyle ... simple and healthy ... i wish i live with you ... a hug,我爱你的生活方式...简单健康...我希望我和你一起生活...一个拥抱
34117,UgxQ4obKp7Mzrv-Mbi54AaABAg.8vAAkm2tSd49qKwWfOWV9h,0,"hay day/ nayekgaming 
youtube -https://youtu.be/b8figsqfgo0
atoplay-https://atoplay.com/videos/163eb6f43d4de41676373827
______
earn money/part time job 
modicare direct selling company or network marketing 
joining time use 
sponsored mca no -76222019
joining link -https://www.modicare.com
atoplay-https://atoplay.com/videos/16430275717ac11680877399
youtube -https://youtu.be/dwmyegmjo-q
______
asclepius wellness private limited
become a direct seller
direct selling or network marketing
if you join 
register time use
sponsored i'd -28f281e
name-debojyoti nayek 
joinlink-https://asclepiuswellness.com/login.aspx
atoplay-https://atoplay.com/videos/1639cc099a7d771671217305
youtube - https://youtu.be/dcwzucpyauu
_________
mi lifestyle marketing pvt ltd
direct selling/network marketing 
joining time use
sponsored i'd -4419335214
joining link- https://www.milifestylemarketing.com/
youtube -https://youtu.be/zvgh3zi6cn0
atoplay-https://atoplay.com/videos/1643b8b5428d2e1681623892
_________
4) vestige marketing pvt ltd
sponsored i'd -49777081
_________
5)rcm marketing pvt ltd
sponsored i'd -39470226
________
nayekfashion
shop link-
https://myshopprime.com/nayekfashion/25cycqs

#nayekgaming #bhootoo #nayek #nayekkidschannel #nayekhealthchannel #nayekhindistory 
#nayekblogschannel #nayekfashion 
#debojyotinayek","干草日/ nayekgaming
youtube -https：//youtu.be/b8figsqfgo0
atoplay-https：//atoplay.com/videos/163eb6f43d4de41676373827
______
赚钱/兼职工作
Modicare Direct Selling Company或网络营销
加入时间使用
赞助MCA No -76222019
加入链接-https：//www.modicare.com
atoplay-https：//atoplay.com/videos/16430275717AC11680877399
youtube -https：//youtu.be/dwmyegmjo-q
______
Asclepius Wellness Private Limited
成为直接卖家
直接销售或网络营销
如果您加入
注册时间使用
赞助我是-28F281E
名称debojyoti nayek
joinlink-https：//asclepiuswellness.com/login.aspx
atoplay-https：//atoplay.com/videos/1639cc099a7d771671217305
YouTube -https：//youtu.be/dcwzucpyauu
_________
MI生活方式营销Pvt Ltd
直接销售/网络营销
加入时间使用
赞助我是-4419335214
加入Link- https://www.milifestymarketing.com/
youtube -https：//youtu.be/zvgh3zi6cn0
atoplay-https：//atoplay.com/videos/1643b8b5428d2e1681623892
_________
4）Vestige Marketing Pvt Ltd
赞助-49777081
_________
5）RCM Marketing Pvt Ltd
赞助我是-39470226
________
Nayekfashion
商店链接 - 
https://myshopprime.com/nayekfashion/25cycqs

#nayekgaming #bhootoo #nayek #nayekkidschannel #nayekhealthchannel #nayekhindistory
#nayekblogschannel #nayekfashion
#debojyotinayek"
33986,UgxQ4obKp7Mzrv-Mbi54AaABAg.8vAAkm2tSd49F42p78O3sV,0,"let's not only talk about it!
let's try together to make such a lifestyle.
maybe not only for us, but the future.
the future doest always have to be apocalypse with pollution and zombies and bad stuff","让我们不仅谈论它！
让我们一起尝试这种生活方式。
也许不仅适合我们，而且对未来。
未来的doest总是必须是启示录，并具有污染，僵尸和坏东西"
33524,UgwbiCwBM5pR5zKNjY14AaABAg,0,that type of lifestyle seems awesome <3,这种生活方式似乎很棒<3
33470,UgzncGjDS6TnHo9mNlJ4AaABAg,0,"it's so amazing, it's beautiful. a great lifestyle. i like ๐ ๐",太厉害了吧⋯⋯人美手巧。很棒的生活方式。我喜欢
33413,UgwW89UWpHZoS3A26qJ4AaABAg.8vH4dW6_4wZ8vHdGaP-SMv,0,"yup looks too romanticized but hey atleast she catches people's attention toward a more traditional/meaningful/connected lifestyle

the marshmallows tho","是的，看起来太浪漫了，但嘿，她至少会引起人们对更传统/有意义/互联生活方式的关注

棉花糖"
33085,UgxdbckPriCMDzStWvR4AaABAg,0,"im so lucky to have this lifestyle in my childhood n teenager. now, im working in a big city where the only things people eat is kfc, macdonald or in restaurants. i've use to it now. sometimes, im craving for all these food but i can't find it in this state. and im happy i just got letter that im going to transfer soon in my own state after a year i sent them my transfer letter. ๐

(sorry bad english)","我很幸运能在我的童年时代拥有这种生活方式。现在，我在一个大城市工作，人们吃的唯一东西是肯德基，麦克唐纳或餐馆。我现在已经使用过了。有时，我渴望所有这些食物，但我在这种状态下找不到。我很高兴我刚收到一年后，我将很快以自己的状态转移，我给了他们转移信。 

（对不起，英语不好）"
32676,UgyQxwkJAiu1S4iDu3N4AaABAg,0,it has been a dream of mine to know what wild plants are edible and how to prepare them. to be able to just find amazing free food in the world and make meals for my family. how much would it cost to teach someone your lifestyle?,知道野生植物可食用以及如何准备它们是我的梦想。能够在世界上找到惊人的免费食物，并为我的家人做饭。教别人的生活方式会花费多少？
31582,UgxwFcAd39DijomRRmt4AaABAg,0,"this all looks delicious, and the way they are made... it makes me nostalgic of a lifestyle i never had but wish i could embrace. also puppies.",这一切看起来都很好吃，以及它们的制作方式……这使我怀旧，对我从未有过的生活方式怀有自己的怀念，但希望我能接受。也是小狗。
31210,UgxBPmGw0xIG1aIl6ZF4AaABAg.8wR1zKZ8whC8x5REtCEOR2,0,do chinese people really make so much food? and like that too 100% natural?? also what percentage of chinese people live the lifestyle as that of hers?? i'm really curious...i wish i lived like the way she does but i'm lazy af...,中国人真的做这么多食物吗？像那样天然的100％？另外，哪些中国人的生活方式像她的生活方式一样？我真的很好奇...我希望我能像她那样生活，但我很懒惰...
29578,Ugwhna7rZiY2BTKQuux4AaABAg,0,thank you for sharing this awesome lifestyle โฅ๏ธ,感谢您分享这种很棒的生活方式♥️
22514,UgxH0bPNfsTNK0AlDvp4AaABAg,0,"i don't know who in the communist party thought up this series of daily life in the chinese countryside, but it was brilliant. they are a great amalgam of fantasy and idyll. i daresay less than 10 people in china have this kind of lifestyle. i am looking forward to more fantastic scenery and i hope we can one day see the young lady participate in the harvesting of organs from live political prisoners, possibly underneath a magnificent mango tree and accompanied by the chanting of tibetan monks, live streamed from india.",我不知道在共产党中谁想到了中国乡村的这一系列日常生活，但这真是太好了。它们是幻想和田园诗的巨大汞合金。我敢说在中国不到10人的生活方式。我期待着更美好的风景，希望我们有一天能看到这位年轻女士参与现场政治犯的器官收获，这可能是在宏伟的芒果树下，并伴随着藏族僧侣的高呼，并从印度播放。
28760,Ugxwdm0YL7ApmNcN8uV4AaABAg,0,your life and lifestyle really inspire me,你的生活和生活方式真正激励着我
28088,UgxLwIcMb8vM2w6ohuZ4AaABAg.8yp7CHdQ5-18yqaLWMdP61,0,i heard that this is the same. the video is very delicate. some lifestyles are completely deliberately pursuing traditional life from today's china. but it is undeniable that it looks really pleasing to the eye. it is an ideal life pursued under the pressure of modern people!,轻王权 我也听说是这样。视频拍的很精致，一些生活方式从今天的中国来看，是完完全全刻意追求传统生活的。但不可否认，看起来确实赏心悦目，是现代人工作压力下追求的理想生活了！
27965,UgyJLm0l-Jq17tojXZJ4AaABAg,0,i hope someday i can live this kind of lifestyle.,我希望有一天我能过这种生活方式。
27590,UgyK0cHfDnx_2r8jGR54AaABAg,0,wow. vary good lifestyle,哇。各种各样的生活方式
27103,Ugzrclf57esD-g80HWB4AaABAg,0,why canโ€t i live in a place and have a lifestyle like this?,为什么我不能住在一个地方并过这样的生活方式？
25828,Ugyd36xOxmy5Gj1tecJ4AaABAg,0,is this a real place and a real lifestyle or staged for film? i did not think there were places like this still in china? or is she very wealthy?,这是一个真实的地方，是真正的生活方式还是为电影上演？我认为在中国没有这样的地方吗？还是她很富有？
25434,UgwCD21VS2uhxg7sSgV4AaABAg,0,aesthetic lifestyle,美学生活方式
24577,UgwdOQH-ieNr35CJXcV4AaABAg,0,your lifestyle is adorable! thanks for making these videos!,您的生活方式很可爱！感谢您制作这些视频！
23611,UgwoawYuZAWgMZqf0yt4AaABAg.92GnstOh6bj92H_S5KS_Mv,0,"andy lau, you can see every word you play. first of all, i have no rule. second, i can't stipulate. the third i hope that her lifestyle can be placed in a family of half of the countryside in china. the beautiful life, since then the city's impetuous and dirty farewell.",刘德华 你看清楚自己打的每一个字，首先我没规定，第二我也规定不了，第三的也希望她这个生活方式可以放在中国一半农村的饱个家庭里，天天过着如诗意般的美好生活，从此跟城市的浮躁肮脏告别。
23609,UgwoawYuZAWgMZqf0yt4AaABAg.92GnstOh6bj92HZJNSNlIY,0,@moralityisdying3603 who stipulates that rural china should be like? can't li ziyi choose his own lifestyle? did she say that she represents all chinese farmers?,@moralityisdying3603 谁规定中国农村就该是一个样子？难道李子柒不能选择自己的生活方式？她有说自己代表所有中国农民？
23201,UgwEObI1rSD-SjRr3N14AaABAg,0,this is the ultimate pursuit of ancient chinese literati-the paradise-style lifestyle,这便人中国古代文人终极追求的 ----- 世外桃源式的生活方式
23151,UgztKD3QY8jtcl9-GwN4AaABAg.92XJ4z3Ll2B92ZiABQWTDm,0,those people are some people with inferiority. our 5000 years of lifestyle has bred the profound cultural heritage of china. these are things that should be proud of us.,那些人都是一些内心自卑的人，我们5000年的生活方式孕育着中华深厚的文化底蕴，这些才是该让我们自豪的东西
23119,Ugzh07vnpA9YP8_j3Ih4AaABAg.92YXNc_NN1V92cidrjSsZj,0,"@weipinhe7353 good, you just admitted this is a performance, a 'depiction'. her lifestyle probably is nothing like what has been 'depicted', or staged, here.",@weipinhe7353好，您只是承认这是一种表演，一个“描述”。她的生活方式可能与在这里“描绘”或上演过的那样。
52635,UgzJiccdcyqcYUcDvb54AaABAg,0,falling in love with your place and your lifestyle every time,每次都爱上您的位置和您的生活方式
