,cid,votes,time,含skill,含skill中文翻译
25390,UgxHnoGqfxk5wN16lwF4AaABAg,752,3 years ago,"the cinematography, the content, the editing skills. this is the most perfect video in youtube.",摄影，内容，编辑技能。这是YouTube中最完美的视频。
35814,UgxA7fqSFSw88yd25Ql4AaABAg,721,4 years ago,"i feel ashamed as a girl. she's beautiful, independent, and skillful",我作为一个女孩感到羞耻。她美丽，独立和熟练
6526,Ugysep0UAKCEBkEPxNh4AaABAg,428,2 years ago (edited),"i feel like if i’m watching a studio ghibli real life movie.

your camera skills are so good and music choice is flawless.","我觉得如果我正在看吉卜力现实生活中的工作室电影。

您的相机技能非常好，音乐选择是完美无瑕的。"
43532,Ugzptg3CQ8sQyFpau5J4AaABAg,283,4 years ago,"cute , hard -working , skillful - these words are for her",可爱，努力，熟练 - 这些单词适合她
46847,Ugzy9Ytt29Kbh9V16id4AaABAg,222,4 years ago (edited),"i come from the same place with you, li ziqi. everytime i watch your videos, it reminds me of my childhood and my grandmother. we also lived in the small and beautiful village in sichuan province. my grandmother even has the same skills as you, she knows how to planting, cooking and making some useful tools. i'm so glad that you introduce our traditional rural lifestyle to the people all over the world. and let them know there are not only beijing, shanghai and shenzhen in china, but also a land of abundance which last a unique lifestyle for more than thousand years, and named sichuan, also the land of heaven in chinese. but i can't back to sichuan because of exams this year, and your video will accompany with me in the chinese new year. support from a chinese and szechuanese in italy. happy chinese new year!!!!",我和你一起来自同一个地方，李齐。每当我观看您的视频时，它都会让我想起我的童年和祖母。我们还住在四川省美丽而美丽的村庄。我的祖母甚至具有与您相同的技能，她知道如何种植，烹饪和制造一些有用的工具。我很高兴您将我们传统的乡村生活方式介绍给世界各地的人们。让他们知道，中国不仅有北京，上海和深圳，而且还有一片丰富的土地，持续了一千年的独特生活方式，并命名为Sichuan，也是中国人的天堂之地。但是由于今年的考试，我无法回到四川，您的视频将在农历新年陪伴我。意大利的中国和锡古扬人的支持。农历新年快乐!!!!
22170,Ugyehpm6WYaRRaPthnp4AaABAg,218,3 years ago,"other people: wow she has so much talent. look at all of her skills

me: wait. is that a round mango?","其他人：哇，她有很多才华。看她的所有技能

我：等等。那是圆形芒果吗？"
42612,Ugx7O2f_d5NDecHu3Vx4AaABAg,100,4 years ago,i'm so glad i found this channel. something about watching people do what they love so skillfully is just so satisfying. idk how else to explain it. i love these videos to pieces. please keep them coming! <3 <3 <3,我很高兴找到了这个频道。看着人们如此熟练地做自己喜欢的事情是如此令人满意。 idk还有其他解释。我喜欢这些视频。请让他们来！ <3 <3 <3
21311,Ugw56japdzLAqaFKzLd4AaABAg,95,3 years ago,"when she was doing the chores in childhood time, she probably didn't expect the seemingly mumdane skills would bring her a fortune.",当她在童年时期做家务时，她可能没想到看似穆丹的技能会带给她一大笔钱。
26723,Ugz6QOTzmnKwsIwRGnZ4AaABAg,75,3 years ago (edited),"the picture quality is so good. not to forget, this girlโ€s cooking and handicrafts skill is great too.",图片质量太好了。不要忘记，这个女孩的烹饪和手工艺技能也很棒。
27811,Ugw9caR8LBdIHDxANAJ4AaABAg,64,3 years ago,"i have insurmountable respect and admiration for this woman. not just from what i see in the videos, but the fact she's bringing back to new life an archaic way of doing things. because of her i've learned a lot about culture, process and reaction. also because of her, i've gained several new skills.",我对这个女人有无法克服的尊重和钦佩。不仅是从我在视频中看到的内容，而且她将新生活带回了新生活，这是一种古老的做事方式。由于她，我学到了很多关于文化，过程和反应的知识。另外，由于她，我获得了几种新技能。
842,UgyaWS8UuyEJl7SHLEZ4AaABAg,49,6 months ago,your cooking skills are great! ❤️,您的烹饪技巧很棒！ ❤️
5418,UgzXFPB-s3SfFJ2RZc54AaABAg,46,1 year ago (edited),"she is the strongest woman that i have ever seen with multi-skills from the engineer, landscaper, and chef. big love from farmer's son.❤",她是我在工程师，园丁和厨师的多技能中见过的最坚强的女人。农民儿子的大爱。
8024,Ugz6IxDNzVy1W6qpOQp4AaABAg,42,2 years ago,who ever shot this video has great skills he shot this video like a movie,曾经拍摄过这段视频的人，他像电影一样拍摄了这段视频
30988,Ugwr22eLPwBmdeQ8EsF4AaABAg,35,3 years ago,"fantastic work, it reminds me my childhood life! she possesses skills of majority of farmer house wife in a typical traditional chinese community.",出色的工作，这使我想起了我的童年生活！在典型的中国传统社区中，她拥有大多数农民之家妻子的技能。
11142,Ugz93V2m1bRLGjYqgi54AaABAg,34,2 years ago,"so many ability and so many skills, l like that kind of woman and very kind.",如此众多的能力和如此多的技能，我喜欢那种女人和非常友善。
7525,UgzNrsIZv0w0zdk12vd4AaABAg,33,2 years ago,"when i watched this, i was really impressed to see her very diligent and skillful daily activities...",当我看这件事时，看到她非常勤奋和熟练的日常活动给我留下了深刻的印象。
22449,Ugzk2hZzSJPMNCq5HPR4AaABAg.92v_huHNonN935FNYZNSPp,25,3 years ago (edited),"it's back to basics. i need to go live in a farm eventually. no stress from city living. no commutes. to be surrounded by horses, cows and dogs. in a way my 90 yr old dad is doing this. we have fresh cow's milk everyday. and a full year supply of rice from my brother who tills the land. we learned a lot of skills from our dad. my brothers are very talented (can do many different things) while i, on the other hand, pursued opportunities in the corporate world. one or two more years, i will be leaving the big urban jungle for a simple life.",这回到了基础。我最终需要在农场生活。没有城市生活的压力。没有通勤。被马，牛和狗包围。从某种意义上说，我90岁的爸爸正在这样做。我们每天都有新鲜的牛奶。以及我哥哥耕种土地的全年饭。我们从父亲那里学到了很多技能。我的兄弟们很有才华（可以做很多不同的事情），而另一方面，我在企业界寻求机会。一两年来，我将离开大城市丛林，过着简单的生活。
35023,UgyoQ22FTE7CBFzC4qx4AaABAg.8ukF8x1n6m-8vBIOeDt2fe,23,4 years ago,@parkersnowe sorry but many of these skills are passed on from generation to generation.. you can learn certain things but it's not the same if you don't need to do it to survive.,@parkersnowe对不起，但是许多此类技能曾经世代相传..您可以学习某些东西，但是如果您不需要生存，那就不一样了。
30194,Ugx4D3n1zdfLT9adqXl4AaABAg,22,3 years ago (edited),"how could someone dislike this kind of video? so relaxing and admirable.
perhaps those who dislike it are envious of your life and skills.","有人怎么会不喜欢这种视频？如此放松和令人钦佩。
也许那些不喜欢它的人羡慕您的生活和技能。"
16529,UgwndTs4wucNgNjt5x94AaABAg.98eO-d8XaSd98uH5OVgzNP,22,3 years ago,"@wuxh2708 her mother was dead when she was young!! she was with a cruel step mother! her dad and grand parents were good cooks! her dad cooks allot in the village for almost all the occasions that way she learned alot of recepies from grand parents amd her dad!! she worked various jobs! she wanted to do new things but almost failed in lot of stuff! she got to return to back home, her village upon hearing that her grandma health when was not good and somone needed day and night to take care!! so that struck a thought in her mind to do something and at the same time be with her grandma! her grand parents own some land in mountains so she started what her legacy was cooking, farming, chinese art, etc!!being worked as a dj people say that experience helped her to add music, edit videos while she filmed all her videos on own very early days! her videos initially were posted only in chinese video sharing platforms! when she got good recognition in those platforms for her all the skills she started youtube!! she hired a crew of 3 people who take care of shooting, editing, posting!! all these efforts and dedication made her a massive hit today! some section of people unable to digest her success called her actor, fake, and also few said she is not chinese!! at that time she released a few seconds video saying she belongs to china and she is chinese!! nothing altered her to date!! she is the same loving, caring person!! i just shared what i came to know about her thru many sources!!",@wuxh2708她的母亲小时候死了！她和一个残酷的继母在一起！她的父亲和大父母是好厨师！她的父亲几乎在所有场合都在村子里烹饪分配，从而从父母那里学到了很多回忆！她从事各种工作！她想做新事物，但几乎失败了！她得知她的祖母健康不好，白天和黑夜都需要照顾时，她必须回到家中，她的祖母健康！！这样一来，她就想到了做某事，同时与她的祖母在一起！她的祖父母在山上拥有一些土地，因此她开始了自己的遗产是烹饪，耕种，中国艺术等！被当作DJ的人说，这种经验有助于她添加音乐，编辑视频，而她独自拍摄了所有视频很早！她的视频最初仅发布在中国视频共享平台上！当她在这些平台上为自己的所有技能获得良好的认可时，她就开始了YouTube！她雇用了3个照顾射击，编辑，发布的船员！所有这些努力和奉献精神使她今天受到了巨大的打击！一部分无法消化她的成功，称她的演员是假的，而且很少有人说她不是中国人！那时，她发布了几秒钟的视频，说她属于中国，她是中国人！到目前为止，没有什么改变她！她是同样的爱心，有爱心的人！我刚刚分享了我对她的了解，这是通过许多来源！！
18350,UgyVnU8FwUnNwJQ_NBZ4AaABAg,22,3 years ago,i truly admire this lady. she is so well rounded and skilled at so many things and is kind to her family. best wishes always to her.,我真的很佩服这位女士。她在很多事情上都非常圆润，熟练，对她的家人很友善。祝她最好。
45892,Ugzwdeqs57AzTAoMvY14AaABAg,21,4 years ago,"your video production and edit skills are so perfect. you do everything so well and when you combine that with all the skills you show in these videos, i find it inspiring.",您的视频制作和编辑技能是如此完美。您会做得很好，当您将其与这些视频中显示的所有技能结合在一起时，我会发现它令人鼓舞。
31568,UgxG6rQbECUYkdtpilB4AaABAg,20,4 years ago,i would trade my current life to be in a house this beautiful and liqizi's skills.,我会把我当前的生活换成这个美丽而利奇西的技能。
7593,UgwTI7dQPta4CmB7AGh4AaABAg,20,2 years ago,"i like ziqi so much. forever full of positive energy and skills. watching her video is a great enjoyment and happiness. i also like her chinese windbreaker, so beautiful and comfortable. blessing ziqi, come on!",太喜欢子柒了。永远充满了无限的正能量和技能。看她的视频真是一大享受和幸福。我也好喜欢她的中国风衣着，真漂亮舒适。祝福子柒，加油！
43903,UgyvvciMRf8_achl4HN4AaABAg,19,4 years ago,"stunning videos! i love this girl! i traveled a lot in china and with great pleasure i plunge into this calm, peaceful atmosphere of rural life. as we all, in our time, do not have enough enjoying our life, pleasure from our work, skill will focus on the beautiful present! thank you! !",令人惊叹的视频！我爱这个女孩！我在中国旅行很多，很高兴我陷入了这种镇定，宁静的乡村生活的氛围。在我们时代，我们所有人都没有足够的享受，我们的工作很高兴，技能将集中在美丽的礼物上！谢谢！
32494,UgyIxvPyiC8eDoOzRfB4AaABAg.8vpQsjhrFL18y_b39qwBk5,12,3 years ago (edited),"@jewel_sapphire she said in some interviews that she used to work as a waitress and dj in the city because her family was poor. her mother passed away when she was really young so she lived with her father and her step mother. she was mistreated by her step mother so she moved to live with her grand parents when her dad passed away. yeah her grandfather was a chef and she probably learnt a lot from him but we have to agree that her cooking skills and other skills are so amazing, which she must work so hard to gain them. she's a real life princess to me because she doesn't hesitate to do anything, even the tough ones. we all know that she definitely earn a lot money from her videos but come on don't we feel relaxed and satisfied watching her videos? she's successful and she deserves it.",@jewel_sapphire她在一些采访中说，她曾经在城市里担任女服务员，因为她的家人很差。她的母亲在她真的很小的时候就去世了，所以她和父亲和继母住在一起。她的继母虐待她，所以当父亲去世时，她搬到了与祖父的父母住在一起。是的，她的祖父是一名厨师，她可能从他那里学到了很多东西，但我们必须同意她的烹饪技巧和其他技能是如此出色，她必须努力工作才能获得。她是我的现实生活公主，因为她毫不犹豫地做任何事情，甚至是艰难的人。我们都知道她肯定会从视频中赚到很多钱，但是来吧，看着她的视频，我们不感到放松和满意吗？她很成功，她应该得到。
625,UgxmjhrQsRc6tRsnsjJ4AaABAg,12,5 months ago,"i really like to watch these films, everything is very simple, the hostess works skillfully, well done",我真的很喜欢看这些电影，一切都很简单，女主人巧妙地工作，做得很好
37466,UgzhjWfHrOauiTWloVl4AaABAg,11,4 years ago,"i don't understand the cooking skills, i watched your video drool (ยฏ๏นยฏ)",表示不懂厨艺的我看着你的视频流口水(¯﹃¯)
32056,UgwlrcsnlxBK_XQhCXd4AaABAg.8vztA6WkhKN8wDRAoWL5qM,9,4 years ago,grandma probably taught her most of the skills she's using in these videos,奶奶可能教了她在这些视频中使用的大部分技能
21043,Ugz5P4xPsdR6Z9czEyd4AaABAg.941vCdSLPgO951f250kl2a,9,3 years ago,"@idontcarei i thought the same, but i've just made some research and it seems that she really does all that job, she just takes extra time to make the videos look this aethetic. her story is also inspiring, she had a tought childhood and went through a lot until her grandparents took care of her and taught her to cook and other skills.",@idontcarei我也​​这样认为，但是我只是做了一些研究，看来她确实完成了所有工作，她只是花了更多时间让视频看起来像是一种富有的。她的故事也鼓舞人心，她度过了一个童年时光，经历了很多事情，直到她的祖父母照顾她并教她做饭和其他技能。
39977,UgzqtRde9K0jmUT0jgd4AaABAg,8,4 years ago,"wow! young lady with amazing skill and hard working. this is part of wonderful chinese culture , thank you ๐",哇！年轻女士的技巧和努力工作。这是奇妙的中国文化的一部分，谢谢
2635,UgyZ3q6ap-2iPQZR5dV4AaABAg.9XG_cHHUo9u9YviLxcStY2,7,1 year ago,ms. li's video production skills are superb.,李女士的视频制作技巧非常出色。
21328,Ugw56japdzLAqaFKzLd4AaABAg.93kft2Vm__3944aOBe9whI,7,3 years ago,"phil tian according to online youtube sites she could be earning as much as $3 million a year from youtube alone. probably not that close, but when you factor in she has over 30 million subscribers on chinese platforms itโ€s fair to say that $3 million is probably conservative. although youtube is technically illegal and banned in china, in cases such as hers, where they make the country and culture look good, the ccp encourages their youtube participation. her skills are fantastic, but whomever is doing the filming and editing is doing a fine job too.",菲尔·蒂安（Phil Tian）根据在线YouTube网站，仅YouTube就可以每年收入高达300万美元。可能不是那么接近，但是当您考虑她在中国平台上拥有超过3000万订户时，可以说300万美元可能是保守的。尽管YouTube在技术上是非法的，并且在中国被禁止使用，但在她的情况下，使国家和文化看起来不错，但CCP鼓励他们的YouTube参与。她的技能很棒，但是无论如何都在拍摄和编辑也做得很好。
15547,UgzkL4ymit7z1Dpp0Id4AaABAg,6,3 years ago (edited),"the fact that i have all of those materials in my hometown, but i'm lack of skills to process them... whenever i go to my hometown, i'll just stay at home and do nothing hmm.

i'm f*cking missing my home but corona makes me have to stay here ...

stay safe everyone!","我在家乡有所有这些材料，但是我缺乏处理它们的技能...每当我去家乡时，我都会待在家里，什么也不做嗯。

我想念我的家，但电晕让我必须留在这里...

每个人都安全！"
22928,UgxA2fu0VtTNINBwEUZ4AaABAg,6,3 years ago,my mother -in -law is really a blessing of my life. she silently eat her granddaughter's good cooking skills every day! envy!,婆婆真的是前辈子修来的福分，每天默默的吃着孙女善巧的厨艺 ! 羡慕不已 !
34669,Ugz1ByJ0UmSRK08Wz7t4AaABAg,5,4 years ago,"this girl is awesome, skilled, kind, beautiful and adorable.",这个女孩很棒，熟练，善良，美丽且可爱。
49251,UgwL3iAA3s5UTgVNi_N4AaABAg.8qm8_CFNxiT8ri8F7vpEl_,4,4 years ago,i dont like chili but her photography and skills are amazing from very hard work comes this quality. i would buy her book.,我不喜欢辣椒，但是她的摄影和技能从非常努力的工作中出现了，这是这种质量的。我会买她的书。
35829,UgxA7fqSFSw88yd25Ql4AaABAg.8u_JCCrPamT8ukquF8Wa-u,4,4 years ago,it just makes me want to learn more homesteading skills,这只是让我想学习更多的宅家技能
29273,UgxFnfqq4OFtZhQBTsh4AaABAg,3,3 years ago,"with a sweetness like her, you'll never go hungry. or complain you eat the same stuff over and over. i've never seen so much mad skills and talent in just one person. she's truly my hero๐๐’•๐’•๐’•.",像她一样的甜蜜，您永远不会饿。或抱怨您一遍又一遍地吃同样的东西。我从来没有看到过如此多的疯狂技能和才华。她确实是我的英雄。
42658,UgxnbhWtD8x5eTg19fR4AaABAg,3,4 years ago,"you are one of the best people who could ever exist on this earth :) you are beautiful, so hardworking, so skilled so amazing in everything.....

your videos are like medicine to me.... what a lifestyle","您是地球上有史以来最好的人之一：)您很漂亮，如此勤奋，如此熟练的一切都如此惊人.....

你的视频对我来说就像药一样。"
35832,UgxA7fqSFSw88yd25Ql4AaABAg.8u_JCCrPamT8uqHxbcWDuB,3,4 years ago,we should all feel ashamed for losing most of these good skills in the west,我们都应该因为在西方失去大多数好技能而感到羞耻
30399,Ugwb5G0U0WiU_HtE7C54AaABAg,3,3 years ago,"the girl in this video looked so beautiful, her skills can tell her personality",这个视频中的女孩看起来很漂亮，她的技能可以告诉她个性
35077,UgyoQ22FTE7CBFzC4qx4AaABAg.8ukF8x1n6m-8w2tKREqSVD,3,4 years ago (edited),"@therewasnochill8997 i've read an article about her, her parents divorced at a young age, she had several jobs in china but left it all behind when she heard her grand mother was sick, so she moved in with her grand parents in the rural area to took care of her grand mother.
p.s: the skills you see her doing in all her videos was taught by her grand father, who sadly passed away. and she was inspired by her brother because he was a youtuber and saw him doing videos about vlogging, so she decided to make her own version but doing practical stuff
here's the sauce:
https://en.m.wikipedia.org/wiki/li_ziqi_(food_blogger)","@thenwasnochill8997我读过一篇有关她的文章，父母在年轻时离婚，她在中国有几份工作，但当她听到她的大母亲生病时，她留下了所有工作照顾她的大母亲的地区。
附注：您看到她在所有视频中所做的技能是由她的祖父教授的，她可悲地去世了。她受到哥哥的启发，因为他是YouTuber，并看到他做有关Vlogging的视频，因此她决定制作自己的版本，但要做实用的事情
这是酱汁：
https://en.m.wikipedia.org/wiki/li_ziqi_(food_blogger）"
20716,UgzUCPLTl3GkYuwi9Ip4AaABAg,3,3 years ago (edited),"you know what? i've watched this video uncountable times. i'm so in love with this video. and a video completes when you have not only skills but you have a good camera man, a good editor and that's make a video complete. this video film so beautifully and edit very beautifully and of course your work, your skills are perfect not everyone can do all these things. you are a very hard working person. and the efforts of your camera man and your editor are also praiseworthy. keep it up guys. you all are working perfectly. ๐‘ love from pakistan ๐ต๐ฐ",你知道吗？我看了这个视频无数的时间。我很喜欢这个视频。当您拥有技能，而且有一个好的相机人，一个好的编辑器，这是一个完整的视频，视频就完成了。这部视频电影如此精美，非常漂亮，当然您的作品是完美的，并不是每个人都可以做所有这些事情。你是一个非常勤奋的人。相机人和编辑的努力也值得称赞。保持伙计们。你们都工作得很好。
4267,UgybaqlaPDXgQ89PPld4AaABAg.9Re070FLoFc9Ufyfa3udRC,2,1 year ago,also she started alone she got rich she hires crew but she directs everything and she edit it and also shoot it herself... tsk tsk as you said again even if shes undergrad she has the skills thats why she is rich. just enjoy her work okay regardless if she has crews she is a self made millionaire as you said so meaning even this videos she work hard on it. meaning she made a lifestyle in rural and shared it to us in high level of video editing compressing a nine month cycle of video editing into 10-15 minutes.,另外，她独自一人富裕，她雇用了船员，但她指导了所有内容，她会编辑并自己拍摄... Tsk tsk，即使她的本科生也有自己的技能，这就是为什么她很富有。无论她是否有船员，她都是一个自我制造的百万富翁，就像您所说的那样，即使是她在努力工作的视频，她都会享受自己的工作。这意味着她在乡村度过了一种生活方式，并在高水平的视频编辑中分享了它，将视频编辑的九个月周期压缩到10-15分钟。
4068,Ugz3o11BchNghJOmuMl4AaABAg,2,1 year ago,honestly she is good at cooking her cooking skills are amazing,老实说，她擅长烹饪她的烹饪技巧很棒
25779,UgzZmKEUr6WZV62Qqqd4AaABAg,2,3 years ago,i love her videos.i think all women should be just like her hardworking and good skills. watching her makes me want to do more in my life.,我喜欢她的视频。我认为所有女性都应该像她的勤奋和良好的技能一样。看着她让我想在生活中做更多的事情。
23135,UgztKD3QY8jtcl9-GwN4AaABAg,2,3 years ago,"what if chinese people are like some people in china? isn't it good to show people all over the world? is it possible to show the spraying skills unique to the chinese people? the attention of more than 7 million is not easy, and some people in china are too disappointing. beautiful things are scolded, and bad ones must be scolded",如果中国人都像国内那有一部分人那样中国该如何是好？把美好的东西展示给全世界人看难道不好吗？难道要展示中国人特有的喷子技巧才是可以的？700多万的关注来之不易，国内一些人太让人失望了。美好的东西要被骂，不好的也要被骂
35062,UgyoQ22FTE7CBFzC4qx4AaABAg.8ukF8x1n6m-8vazokIJOCT,2,4 years ago,"brandon shorkey 
when we ruin the world with global warming, these may be skills we need to survive. and yet, we are taught none.","布兰登·肖基（Brandon Shorkey）
当我们用全球变暖破坏世界时，这些可能是我们需要生存的技能。但是，我们没有教导我们。"
4899,UgwdPNqpw8VZNZeyabZ4AaABAg,2,1 year ago,the skills and taste of the production team are the reason for the success of this video.,制作团队的技巧和品味是这部视频成功的原因。
19687,UgwckxUG_K1wjg551s14AaABAg,2,3 years ago,"if you've ever done a real days work in your life you can recognize someone who's become skilled through experience, this is something you can not fake.",如果您曾经在生活中做过真实的日子工作，那么您可以认识到一个通过经验熟练的人，这是您无法伪造的。
30470,UgyXNQPk6xTUEdX74uB4AaABAg,2,3 years ago,"seeing that your work has a feeling of seeing each other and hate, it is really as treasured! in the influence of the philosophical thoughts of yin and yang five elements in traditional chinese culture education, confucian ethical and moral concepts, traditional chinese medicine nutritional photography, and cultural and artistic achievements, diet aesthetic style, and many factors of national characteristics, they created the chinese cooking skills of the book of history. form a broad and profound chinese food culture. your profound understanding of the traditional chinese diet and culture is perfectly presented with the beautiful chinese style that is so beautiful! as a native of china, the chinese are also amazing, and they are intoxicated! under the influence of the world's multiculturalism, many excellent cultures have been forgotten, the outlook on life, and values โ€โ€have also changed in the long -term subtle way. whether it is chinese or the people of the world, there are always things in common in the hearts of human beings. they all advocate true, good, and beautiful. they like tranquility and peace, and they are eager to happiness and happiness. the environment of your life is like a paradise, the mountains and rivers are beautiful, and the ecological environment that people and nature live in harmony are enviable. your work can help us calm down the impetuous heart, re -think about life, and find the most precious beauty in the original memory of human beings!",看到您的作品有种相见恨晚的感觉，真的如获至宝！在中国传统文化教育中的阴阳五行哲学思想，儒家伦理道德观念，中医营养摄生学说，还有文化艺术成就，饮食审美风尚，民族性格特征诸多因素的影响下，创造出彪炳史册的中国烹饪技艺，形成博大精深的中国饮食文化。您对中华传统饮食和文化的深刻理解并用美到令人窒息的唯美中国风完美呈现出来！作为土生土长的中国人也都叹为观止，如痴如醉！在世界多元文化的影响下，好多优秀的曾经引以为荣的文化已经被淡忘，人生观，价值观也在长久的潜移默化中改变。无论是中国人还是世界人民，在人类心灵深处，总有一些东西是共通的，都崇尚真善美，都喜欢宁静与祥和，都渴望幸福与快乐。您生活的环境犹如世外桃源，山青水秀，人与自然和谐相处的生态环境让人羡慕不已。您的作品能帮助我们静下浮躁不安的心，重新思考人生，找寻人类最初的记忆中最珍贵的美好！
2193,UgxMKNK6i30tmWgCITR4AaABAg,2,1 year ago,"love watching ur video....
and also ur cooking skills...
❤️❤️❤️❤️❤️","喜欢看你的视频...
还有你的烹饪技巧...
❤️❤️❤️❤️❤️❤️"
5044,UgwnJMUik8QVYX3Yp-l4AaABAg,2,1 year ago,i admire this girl. skillfull,我很欣赏这个女孩。熟练
20537,UgyppSjpy_V__Ukn4Kh4AaABAg,2,3 years ago,"that's how we're supposed to live! love her perfectionism, grace and skillset! so gorgeous too! love from norway ๐ณ๐ด",这就是我们应该生活的方式！爱她的完美主义，恩典和技能！太漂亮了！来自挪威的爱
34188,UgysSQ43ZOAPGxXhzQN4AaABAg.8v99s_EOMMw8vA-1hHlQBJ,2,4 years ago,"china has never killed muslims. china has gathered uyghurs from remote rural areas to schools to teach them how to read and write, to learn some skills and to pay them monthly wages. these have spread to the west and become prisons, saying that china imprisons uyghurs. china kills uyghurs. it's ridiculous. why does the chinese government do this because many people in remote villages are illiterate all their lives? having never been out of their villages, brainwashed and blindly hated by extremist terrorists crossing the border, attacking local police stations and governments. although i don't agree with this compulsory learning practice, ordinary chinese people can't help it. i just tell you the truth is not the western media, falungong propaganda is just that. as a chinese in the west, i can only say about china reported by the western media. news, three points are true, seven points are rumors and slander",中国从未杀死穆斯林。中国将Uyghurs从偏远的农村地区聚集到学校，教他们如何读写，学习一些技能并每月支付工资。这些已经蔓延到西方并成为监狱，说中国被抹去了乌格尔人。中国杀死了乌格尔人。这太荒谬了。中国政府为什么这样做是因为偏远村庄的许多人都是文盲的一生？从来没有离开过村庄，被极端恐怖分子越过边界，攻击当地警察局和政府的极端恐怖分子。尽管我不同意这种强制性学习实践，但普通的中国人却无济于事。我只是告诉你，事实不是西方媒体，法伦隆宣传就是这样。作为西方的中国人，我只能说西方媒体报道中国。新闻，三分是真的，七分是谣言和诽谤
42072,UgyJaSt5aC9KuAGL79N4AaABAg,1,4 years ago (edited),"never seen such a cute, focused, capable and determined woman before.. i've been watching several of these videos now and every one she is just nonstop and efficient. doing everything with expert skill and speed",从来没有见过如此可爱，专注，能力和坚定的女人。.我现在一直在观看其中几个视频，而她只是不停和高效的每个视频。以专家技能和速度来做一切
28174,UgyOPXH0L51r1P4wq2V4AaABAg,1,3 years ago,absolutely love this girl. she is such an inspiration and sensational. all the young girls around the world should learn from her survival skills instead of chasing something else.,绝对爱这个女孩。她是一种灵感和轰动。世界各地的所有年轻女孩都应该从她的生存技巧中学习，而不是追逐其他事情。
23537,UgwrTvJI7cj9ru8jEZ14AaABAg.92JzZdPSB8g92f6NMnBmed,1,3 years ago,but thanos can't cook as skillfully as her :d,但是Thanos不能像她那样巧妙地做饭：D
40002,UgyXBeb1ZZ4ZWLFdwAB4AaABAg,1,4 years ago,she was beautiful and skillful,她美丽而熟练
21160,UgzzB-bIrHD5NLTIJBt4AaABAg,1,3 years ago,these videos of yours are so satisfying....i watch all your cooking skills...the freshness and the beauty of nature....i was suffering from sleep disorders but now i watch these videos and sleep peacefully....god knows why they make me feel so relaxed.....,您的这些视频是如此令人满意。...我看着您所有的烹饪技巧...自然的新鲜感和美丽。...我患有睡眠障碍，但现在我看了这些视频并安静地睡觉。上帝知道为什么他们让我感到如此放松.....
22599,UgzvMw8oHviheTkqdZR4AaABAg,1,3 years ago,hi i. gerasimenko lydia from. russia. the good mistress is so skillfully prepared just a super cook. what a beautiful video. i have a great respect for your nation. you and happiness in the new year.,嗨，我Gerasimenko Lydia来自。俄罗斯。好情妇是如此巧妙地准备了一个超级厨师。多么美丽的视频。我非常尊重你的国家。你和新年的幸福。
42878,UgwVU_TlqRysutizCzB4AaABAg,1,4 years ago (edited),she full of skills,她充满了技能
25695,Ugyw3mSIw8T9WNaWwE14AaABAg,1,3 years ago,"i have never seen in my life anyone like her, who can do so many things with nature and work as much as she does! great skills ! everything she does looks delicious and pretty. awesome! keep it up!",我从未见过像她这样的人，他们可以像她一样做很多事情，并且像她一样工作！伟大的技能！她所做的一切看起来都很美味可爱。惊人的！继续努力吧！
42589,UgxZgsCTe9LlvwnPZk14AaABAg,1,4 years ago,"i still remember that i was eating sugar gourd in china in the new year in china when i was a kid. now i have been in the united states for 20 years. i have forgotten my chinese. i also forgot the taste of sugar gourds.
bleak
i remember being a little girl eating tanghulu during chinese new year. since then i've moved to the us and lost both my chinese language skills and the memory organium tanghulu tastes like","我还记得我小时候在中国过年吃糖葫芦，现在我在美国呆了二十年了，我的中文都忘了，我也忘了糖葫芦的味道

I remember being a little girl eating tanghulu during chinese new year. Since then I've moved to the US and lost both my Chinese language skills and the memory or what tanghulu tastes like"
24217,Ugyfp-OANSszCqro3EB4AaABAg.91Mhp1jxeGF92MKcpbuU12,1,3 years ago,she has nice life skills,她有良好的生活技能
21898,Ugyoi9FjY3RI450GB0J4AaABAg,1,3 years ago,"nature is also beautiful
the cooking skill is great
beauty is ฯ (^_^;)? โค
i want to live in nature
even if you look at the e -mail, it is new
i love music too
ฮฃ (^_^;)? โค","大自然也很漂亮
烹饪技巧很棒
美是σ（^_^;）？❤
我想生活在大自然中
即使您查看e -mail，也是新的
我也喜欢音乐
σ（^_^;）？❤"
39731,Ugz7jZTGvnlkB_rhPq94AaABAg.8slSxGTrJb38sr4ZFLl_ny,1,4 years ago,"well, this is the project, the same commercial. smart people do. this is not a way of life now. everything is staged. but with such respect for the traditions, skills of ancestors and nature. well done and they themselves earn money and people are the pleasure of only every minute of viewing. well, you carefully look at every frame, everything is thought out both a bouquet and dogs and cleanliness from snow -white napkins for a simple stove ... but do not tear the eye .... charm. these are specially re -tinkers. i am also delighted with their work.",好吧，这是一个项目，同一广告。聪明的人做。这不是现在的生活方式。一切都上演了。但是，尊重祖先和自然的传统，技能。做得好，他们自己赚钱，人们只是每分钟观看的乐趣。好吧，您仔细查看每个框架，一切都被认为是一束花束和狗，以及雪 - 白色餐巾纸的清洁度，用于简单的炉子...但是不要撕开眼睛....魅力。这些是特别的调整器。我也对他们的工作感到高兴。
25799,UgzalrXTDTKMzDW6SCZ4AaABAg,1,3 years ago,so skillful,如此熟练
546,UgyHFn5k4so1h35fWAB4AaABAg,1,4 months ago,"all of this is provided, the earth ... the sun ... heaven ... everything. amazed with actor who has the skills to produce art in video? but not amazed by those who provide everything on earth that humans need? of course, what makes everything in this universe must be unbeaten, there will be no rival, it will not resemble it because it is so stuck. to give an example to humans a good way of life, it only needs to send a similar creature, the best human (prophet). so that there is no more reason not to recognize the truth by saying ""what is sent by angels, we humans will not be able to emulate it"".

where did the fish come from?","所有这些都提供了，地球...太阳...天堂...一切。对在视频中有艺术技能的演员感到惊讶？但是，那些提供人类需要的一切的人都不会惊讶吗？当然，使这个宇宙中的一切都必须保持不败，不会有竞争对手，因为它被卡住了。为了为人类提供一个良好的生活方式，它只需要发送类似的生物，最好的人（先知）即可。因此，没有更多的理由通过说“天使发送的内容，我们人类将无法效仿”来认识到真相。

鱼是从哪里来的？"
25794,UgzcP7WNhgPrFn-J4qJ4AaABAg,1,3 years ago,i like you pets a lot and your cooking skills,我非常喜欢你的宠物和你的烹饪技巧
34682,UgwaYZo_EKzjnLA91H14AaABAg,1,4 years ago,"itโ€s really amazing to see you doing all these things in one video. thank you for sharing your skills with us. i love how you also take care of your grandmother. like you covered her ears from the big noise of the popcorn machine even though you jumped yourself. please, take care !",看到您在一个视频中做所有这些事情真是太神奇了。感谢您与我们分享您的技能。我喜欢您也如何照顾祖母。就像您跳了起来，爆米花机的大噪音遮住了她的耳朵。请保重！
16444,UgzHEI0B8FiAAp-b1bh4AaABAg.98ge8f78l8C99Nl8v8OiDe,1,3 years ago,"yeah it's a real chinese girl, her parents got a divorce when she was little, her stepmother treated her badly, so she lived with her grandparents. her grandpa taught her all the skills but he past away. she couldn't find a good job and was very poor. now she lives with her grandma and does all the things on her own, she earns some money but still lives this way, it's her daily life",是的，这是一个真正的中国女孩，她的父母小时候离婚了，继母对她的治疗不好，所以她与祖父母住在一起。她的爷爷教她所有的技能，但他过去了。她找不到一份好工作，非常贫穷。现在她和祖母一起生活，自己做所有的事情，她赚了一些钱，但仍然生活，这是她的日常生活
39452,UgxQpbdGjyRqqrFzKQx4AaABAg,1,4 years ago,"righteousness, utter righteousness. blessed with necessary skills. heaven smiles upon thee.",公义，完全公义。有必要的技能。天堂对你微笑。
12228,UgyXCNIXnfQVgIxi9r94AaABAg,1,2 years ago,skilled cook,熟练的厨师
2330,UgzrIieYvi9TfmsoGi94AaABAg,1,1 year ago,"amazing skills with great production value. 
she could easily live over 100yrs with all the natural elements.","惊人的技能具有良好的生产价值。
她可以轻松地使用所有自然元素生活100岁以上。"
33232,UgxZz1pTb3rcCQJ7AA54AaABAg.8vOil57dxRE8vRb3JPRmmV,1,4 years ago,"she is chinese, her home is in sichuan, china, and it is also the hometown of giant pandas. the girlโ€s childhood was very unfortunate, and the teenager left the school to work in a foreign land. after her father died, she returned to the beautiful and poor countryside to accompany her grandmother. her grandfather was a country banquet chef who inherited her grandfather's traditional cooking techniques and learned her grandmother's sewing and fabric skills. 
filming helped her financial situation, and now she has a great team. 
we wish this beautiful girl and wish her grandmother health.","她是中国人，她的家在中国四川，也是巨型熊猫的家乡。女孩的童年很不幸，这名少年离开学校在异国工作。父亲去世后，她回到美丽而贫穷的乡村陪伴祖母。她的祖父是一位乡村宴会厨师，她继承了祖父的传统烹饪技巧，并了解了祖母的缝纫和面料技巧。
拍摄有助于她的财务状况，现在她拥有一支出色的团队。
我们希望这个美丽的女孩并祝她祖母健康。"
49415,Ugwc2G9zgVIeMLRaiRB4AaABAg.8qm7ZLnWwLu8r_EYBL58FB,1,4 years ago,"@mick1937 sorry, but you look like the stupid troll here. going under someone's video and saying things like it's ""just the edit"" implying the person doesn't have any skill whatsoever, that's what a troll does.",@mick1937对不起，但是您看起来像愚蠢的巨魔。在某人的视频下，说这是“只是编辑”之类的话，这意味着该人没有任何技能，这就是巨魔的作用。
35075,UgyoQ22FTE7CBFzC4qx4AaABAg.8ukF8x1n6m-8w-0AnhrGTV,1,4 years ago,therewasnochill to be honest i donโ€t think you would need an education if you are living her life. you just learn from your elders and do it yourself and then teach the skills you learned on to the next generation and so on. i think all the education we need is 6th grade education and then live in her life. but you do have a point on her may or may not having an education.,老实说，我认为如果您过着她的生活，我不需要教育。您只需向长辈学习，然后自己做，然后教您在下一代中学到的技能，依此类推。我认为我们需要的所有教育都是六年级的教育，然后生活在她的生活中。但是，您确实有一个观点，也可能没有教育。
7185,Ugy1pHYzCPBSOUWymON4AaABAg,1,2 years ago,"i love your lifestyle as cultivation of your food and the cosina look delicious the dishes you must admire for all your skills continues to do it from el salvador, san miguel greets you blanca",我喜欢您的生活方式，因为您对食物的种植，而cosina看起来很美味，您必须欣赏所有技能，继续从El Salvador做到这一点，San Miguel向您致意。
7536,Ugz33gk2n58Ad39Ysvt4AaABAg.9JfTa1DwsQJ9LSqmNnoz07,1,2 years ago,truth and i am so jealous of her. i wish i have that kind of skills.,真相，我很嫉妒她。我希望我有这种技能。
7884,Ugw1TZW-s8jgOQWNj854AaABAg,1,2 years ago,"li ziyi is a lucky person. fortunately, it encountered the protection of strong political forces. that is to be discovered by bole. otherwise, li ziyi has genius acting skills, and it is impossible for a long time to show his personal talent as a documentary. li ziyi has actually become a hard work that has finally become the protagonist who belongs to a company's performance team. you can position li ziyi as a branch owner or a member of the branches under the strong political umbrella or a member of the strong political forces behind it. therefore, the local bully hooligan did not dare to bully her. as soon as the chinese state policy is now like a social custom environment, once it is aimed at by the bad guys and gangsters, it will have been difficult to be plundered and destroyed until they die until they die. li ziyi was not guilty, and many democratic movements overseas scolded li ziyi to be fair. which star must not be obedient after a cannon to keep his life be obedient? are you talented? it is the boss or the director, and the investment boss by your stage! otherwise, your shit is not! after you occasionally appealing in the water margin society, you are a little bit ignorant, and you wo n’t go to the dock to invest in the bully hooligan and corrupt officials in various industries in various regions of various classes. one thousand -child wife ion sanbilin is still miserable! it's lucky to live in china. the bad guys are painful without doing bad things. but the bad guys are happy to do bad things. this is china's folk customs and folk customs, and people who are simple in china are painful. the person who saw the unharmed helping hands belonged to the government's severe blow. a good man who cares about it is the target of destroying social stability. therefore, people who are simple and kind have to do bad things and have to lack virtue, so they blame their regrets daily and suffer from endocrine disorders to die early. after the death of chinese mao, the winner of the cultural revolution incidentiality determined the theory of destiny. you are killed by the revolutionary people, and you have a bad personality. your family is beaten as an anti -revolution. you are hateful. you can not be used by me. if you have money without giving me a little money, i will make trouble. this is china's national conditions, and it is also the revolutionary strategic deployment of china ’s triad to spread the world. li ziyi is just a strange product that was excavated by the big boss. the warring states ceremony lu buwei was a model and learning in the bones of the chinese. this also belongs to the use of chinese characteristics. the chinese have not invented and created since ancient times. there are always shortcuts speculative. stealing and imitation of turmoil is used. it is found that talent is the first object to get rich. lu bowei found that it was not what ordinary people could do. the people who found that li ziyi could not protect li ziyi. a rich boss holds a red actor, finds a good script, screenwriter, and the director organizes an excellent team. the official pen and pen of the people who buy the water and margin society are all capable. ordinary people live in china, you put a small stall on the street, and you must also be very knowledgeable. buy the street bully and local industrial and commercial tax urban management underworld. if you miss a link, you ca n’t make it! don't bully li ziqi overseas. there is a ability to go with the chinese government to ask an official hat. the june 4th riots were a group of red guards yu ni, who failed to speculate in the cultural revolution. this is the characteristic of chinese culture. no rescue. li ziyi, the social system of the communist wife, is very lucky.

before the reform and opening up after the cultural revolution, the urban and rural areas of china always retained the buildings and production and living models and status left by manqing. deng xiaoping sent water ghosts to taiwan's lianlian lin yifu from golden gate, and lin yifu broke the trick to subvert the world. since then, the chinese government has printed banknotes to exchange banknotes day and night. foreign trade subsidies are lower than cost -effective global economic aggression to destroy the european and american family industry light industry and become the world's richest ruling group. the dictatorship of 1.4 billion people has become the world hegemon. europe has been controlled by china today. the united states has died. china has been allowed to enter the city for a meager income forty years ago from forty years ago. the government ’s intentional day and night tofu residue project has accumulated the original agricultural workers’ blood -sweat. by now, the stock market housing market controlled by zhu rongji ’s son has repeatedly absorbed the hard -sweat of the national slave! high -speed transportation throughout the high -speed building everywhere, flicker inexplicable high -end consumption! excuse me, which brick tile belongs to you? you are just alive!

li ziyi is a lucky person. fortunately, it encountered the protection of strong political forces. that is to be discovered by bole. otherwise, li ziyi has genius acting skills, and it is impossible for a long time to play the personal talent as freely as a documentary. li ziyi has actually become a hard work that has finally become the protagonist who belongs to a company's performance team. you can position li ziyi to become a branch owner of the branch under the strong political umbrella or a member of the strong political forces behind it. it is really fate. therefore, the local bully hooligan did not dare to bully her. as soon as the chinese state policy is now like a social custom environment, once it is aimed at by the bad guys and gangsters, it will have been difficult to be plundered and destroyed until they die until they die. li ziyi was not guilty, and many democratic movements overseas scolded li ziyi to be fair. which star must not be obedient after a cannon to keep his life be obedient? are you talented? it is the boss or the director, and the investment boss by your stage! otherwise, your shit is not! after you occasionally appealing in the water margin society, you are a little bit ignorant, and you wo n’t go to the dock to invest in the bully hooligan and corrupt officials in various industries in various regions of various classes. one thousand -child wife ion sanbilin is still miserable! it's lucky to live in china. the bad guys are painful without doing bad things. but the bad guys are happy to do bad things. this is china's folk customs and folk customs, and people who are simple in china are painful. the person who saw the unharmed helping hands belonged to the government's severe blow. a good man who cares about it is the target of destroying social stability. therefore, people who are simple and kind have to do bad things and have to lack virtue, so they blame their regrets daily and suffer from endocrine disorders to die early. after the death of chinese mao, the winner of the cultural revolution incidentiality determined the theory of destiny. you are killed by the revolutionary people, and you have a bad personality. your family is beaten as an anti -revolution. you are hateful. you can not be used by me. if you have money without giving me a little money, i will make trouble. this is china's national conditions, and it is also the revolutionary strategic deployment of china ’s triad to spread the world. li ziyi is just a strange product that was excavated by the big boss. the warring states ceremony lu buwei was a model and learning in the bones of the chinese. this also belongs to the use of chinese characteristics. the chinese have not invented and created since ancient times. there are always shortcuts speculative. stealing and imitation of turmoil is used. it is found that talent is the first object to get rich. lu bowei found that it was not what ordinary people could do. the people who found that li ziyi could not protect li ziyi. a rich boss holds a red actor, finds a good script, screenwriter, and the director's excellent team, and officials who buy all aspects of the society of the water and margin are all the skills. ordinary people, you have a small stall on the street, and you must also be very conscious. buy the street bully and local industrial and commercial tax urban management underworld. if you miss a link, you ca n’t make it! don't bully li ziqi overseas. there is a ability to go with the chinese government to ask an official hat. the june 4th riots were a group of red guards yu ni, who failed to speculate in the cultural revolution. this is the characteristic of chinese culture. no rescue.","李子柒是很幸运的人。很幸运的遇到了强大的政治势力的保护。也就是被伯乐发现。不然，李子柒天具有天才演技，也不可能长久地这样如纪录片展示自由自在的发挥个人的天分。李子柒实际已经被成为一个辛勤努力终于强大到了属于某企业演出团队的主角。可以定位李子柒成为一个在强大政治保护伞之下的分公司老板或者是背后强大政治势力的一员真的是命运使然。因此当地恶霸流氓也不敢欺负她。在中国国策现在那样的水浒一摸一样社会风俗的环境，一旦被坏人歹徒瞄准，那就被掠夺被摧残早就寸步难行，直至死亡。李子柒无罪，海外许多民运分子骂李子柒实在有失公允。试问哪一个明星不是在一炮打响之后必须乖乖依靠贿赂保住性命的呢？你有天份？是老板是导演，是投资老大被你的舞台！不然，你狗屁不是！你在水浒社会偶然机会暂露头角之后，稍微不懂事，不会拜码头投靠各个阶层的各个地区的各个行业的恶霸流氓以及贪官污吏，分分钟把你弄进监狱害死你。一落千丈妻离子散比林冲还要凄惨！在中国能活下去已经很幸运。坏人不做坏事心里很痛苦。但是坏人干坏事才快乐。这是中国的民风民俗，在中国单纯心善的人很痛苦。路见不平施予援手的人属于政府严厉打击对象。好管闲事的人属于破坏社会稳定的打击对象。因此单纯心善的人不得不干坏事不得不缺德，因此每日自责悔恨而罹患内分泌失调得怪病早死。中国毛死以后，文革利益获得者发明性格决定命运理论。你被革命群众弄死，是你性格不好。你全家被打成反革命是你有可恨之处。你有才能不被我所用，你有钱不给我一点钱，我就给你捣乱。这是中国国情，也是中国千方百计传播世界的革命战略部署。李子柒不过是一个被大老板挖掘囤积培育的奇货而已。战国策吕不韦是中国人骨头里的楷模和学问。这也属于中国特色的拿来主义。中国人自古不发明创造。投机取巧总有捷径。偷窃仿造捣乱为己所用。发现人才是第一可以拿来发财的物件。吕不韦发现嬴政那可不是一般人能做到的。发现李子柒的人非大鳄也做不到保护李子柒。一个有钱老板捧红一个演员，找好的剧本，编剧，导演组织优秀的团队，恰到好处的买通水浒社会各环节的官吏笔笔都是大本领。普通人活在中国，你就在街边摆一个小摊子，也必须很识相，买通街道恶霸，当地工商税务城管黑社会。缺一个环节就搞不成器！海外民运不要欺负李子柒了。有本事去和中国政府要官帽去。六四暴动就是文革余孽投机中国政治要官失败的一群红卫兵余孽。这是中国文化的特色。没救。共产共妻的社会制度李子柒是很幸运的。

文革后改革开放之前，中国城乡始终保留停留在满清留下来的建筑以及生产生活模式以及状态。邓小平派水鬼从金门接来台湾连长林毅夫，林毅夫一语道破颠覆世界的诀窍。从此中国政府日夜印刷钞票兑换欧元美金。外贸补贴低于成本全球经济侵略摧毁欧美家族工业轻工业从而成为世界最富有的统治集团。独裁集中十四亿人的血汗成为世界霸主。如今欧洲早已经被中国控制。美国已经亡国。中国遍地从四十年前开始，许可农奴进城用命换取微薄的收入。政府故意日夜豆腐渣工程积累最初的农工血汗，到如今朱镕基儿子管控的股市房市，反复猛烈吸纳国奴的血汗！遍地高楼大厦高速交通，忽悠莫名其妙的各类高端消费！试问，哪一块砖瓦属于你的呢？你仅仅是苟活而已！

李子柒是很幸运的人。很幸运的遇到了强大的政治势力的保护。也就是被伯乐发现。不然，李子柒具有天才演技，也不可能长久地这样如纪录片展示的那样自由自在的发挥个人的天分。李子柒实际已经被成为一个辛勤努力终于强大到了属于某企业演出团队的主角。可以定位李子柒成为一个在强大政治保护伞之下的分公司老板或者是背后强大政治势力的一员，真的是命运使然。因此当地恶霸流氓也不敢欺负她。在中国国策现在那样的水浒一摸一样社会风俗的环境，一旦被坏人歹徒瞄准，那就被掠夺被摧残早就寸步难行，直至死亡。李子柒无罪，海外许多民运分子骂李子柒实在有失公允。试问哪一个明星不是在一炮打响之后必须乖乖依靠贿赂保住性命的呢？你有天份？是老板是导演，是投资老大被你的舞台！不然，你狗屁不是！你在水浒社会偶然机会暂露头角之后，稍微不懂事，不会拜码头投靠各个阶层的各个地区的各个行业的恶霸流氓以及贪官污吏，分分钟把你弄进监狱害死你。一落千丈妻离子散比林冲还要凄惨！在中国能活下去已经很幸运。坏人不做坏事心里很痛苦。但是坏人干坏事才快乐。这是中国的民风民俗，在中国单纯心善的人很痛苦。路见不平施予援手的人属于政府严厉打击对象。好管闲事的人属于破坏社会稳定的打击对象。因此单纯心善的人不得不干坏事不得不缺德，因此每日自责悔恨而罹患内分泌失调得怪病早死。中国毛死以后，文革利益获得者发明性格决定命运理论。你被革命群众弄死，是你性格不好。你全家被打成反革命是你有可恨之处。你有才能不被我所用，你有钱不给我一点钱，我就给你捣乱。这是中国国情，也是中国千方百计传播世界的革命战略部署。李子柒不过是一个被大老板挖掘囤积培育的奇货而已。战国策吕不韦是中国人骨头里的楷模和学问。这也属于中国特色的拿来主义。中国人自古不发明创造。投机取巧总有捷径。偷窃仿造捣乱为己所用。发现人才是第一可以拿来发财的物件。吕不韦发现嬴政那可不是一般人能做到的。发现李子柒的人非大鳄也做不到保护李子柒。一个有钱老板捧红一个演员，找好的剧本，编剧，导演优秀的团队，买通水浒社会各环节的官吏都是大本领。普通人，你就在街边摆一个小摊子，也必须很识相，买通街道恶霸，当地工商税务城管黑社会。缺一个环节就搞不成器！海外民运不要欺负李子柒了。有本事去和中国政府要官帽去。六四暴动就是文革余孽投机中国政治要官失败的一群红卫兵余孽。这是中国文化的特色。没救。"
7902,UgzTEsabNINf5ytz2d14AaABAg,1,2 years ago,she good person keep your cerrier that can change your life and your family we all love your channel your skill all you can if i can i want to be like you cause not all can be like you me your fans from malaysia,她的好人保持您的serier更能改变您的生活和家人，我们都爱您的频道您的技能，如果我想像您一样，您会像您一样，因为您都不会像我一样，您的粉丝来自马来西亚的粉丝
31931,UgzoX6Qt-N0QuwZn3f14AaABAg,1,4 years ago,liziqi = skill collector.,liziqi =技能收集器。
35188,UgyoQ22FTE7CBFzC4qx4AaABAg.8ukF8x1n6m-97TrYOT6czX,1,3 years ago,"@therewasnochill8997 sorry, but you have a typical misunderstanding of modern china. here we all need to get 9 years education, yes every single kids(boys &girls ).and after the 9years senior free-charge national education, we all have options to choose a university or go abroad or learn a lifetime skill . i am a freshman of a university, a chinese gril myself,and grils like me can all get very well education . and modern china is an interesting place very welcome for you to explore. liziqi 'vlog is unrealstic even in china now , although i had to say it is beautiful.",@thenwasnochill8997对不起，但是您对现代中国有典型的误解。在这里，我们都需要接受9年的教育，是的，每个孩子（男孩和女孩）。在9年的高级自由收费全国教育之后，我们所有人都有选择大学或出国或学习终身技能的选择。我是一所大学的新生，我本人是中国人，像我这样的疯狂都可以接受很好的教育。现代中国是一个有趣的地方，非常欢迎您探索。 Liziqi的视频博客即使在中国也是不切实际的，尽管我不得不说它很漂亮。
11401,UgzwEjcZZMS4bLGJx8d4AaABAg.9EfOkNzvS7A9FMwGBkpBQf,1,2 years ago,"agreed. a man can't just want that though, he needs to have equal skill, resolve, and determination to be her equal.",同意。一个人不仅想要这一点，他需要具有平等的技能，决心和决心使她平等。
12715,UgwWCHWN-u-UvxCoPPZ4AaABAg.9Cs9ZXNXmvg9EQWGBgl49B,1,2 years ago,"ever thought about becoming a
voluntar
new skills and make new friendships","曾经考虑过成为一个
自愿您接很多
新技能并建立新的友谊"
30598,UgxZRGEUfCHlRdf3EvJ4AaABAg,1,3 years ago,this woman is so skilled at everything~,这个女人在一切方面都很熟练〜
19407,UgwASpsKhNJl-ZHBerV4AaABAg,1,3 years ago,i wish i had her skills,我希望我有她的技能
17210,UgyA4B9z-Ku1opIOjI54AaABAg,1,3 years ago,how amazing! she's very skillful,多么惊人！她很熟练
16427,Ugy5bDisC5RYZoviSHF4AaABAg,1,3 years ago,i burnt my cast iron skillet..... making hashbrowns..... how the crap do you do all that and all i do is burn skillets!!!!???? i didnt even know burning a skillet was possible!!!! i'm 14 and learning to cook so pls don't hate me,我燃烧了铸铁煎锅.....制作悬面.....您如何做所有这些，我所做的就是燃烧的煎锅！我什至不知道燃烧煎锅是可能的！我14岁，学习做饭，所以请不要恨我
28016,UgyHC8u6y-BM1T3iyCl4AaABAg,1,3 years ago,i think i can't learn these skills in the countryside for a lifetime! this girl is crossing!,我觉得我在农村呆一辈子都学不会这些技能！这姑娘是穿越的吧！
14878,UgxslwWMfMQvLRoHH9V4AaABAg,1,2 years ago,this younger sister's cooking skills are so well,这个小姐姐厨艺真是了得
30631,UgymasEcWc9Clw6DSz94AaABAg,1,3 years ago,what a skillful lady she is !,她是一位熟练的女士！
35114,UgyoQ22FTE7CBFzC4qx4AaABAg.8ukF8x1n6m-8zpcuGf7Qwn,0,3 years ago,"she said in a recent interview that โ€someoneโ€s skill is othersโ€ instinctโ€. itโ€s her miserable childhood that forced her to learn all these seemingly innate skills, whereas itโ€s also her โ€fortunateโ€ childhood that endowed her with present happiness.",她在最近的一次采访中说：“某人的技能是别人的本能”。正是她痛苦的童年迫使她学习所有这些看似天生的技能，而她的“幸运”童年也使她拥有现在的幸福。
36106,UgxWLQqOypKBhIPLKtN4AaABAg,0,4 years ago,"donโ€t be fooled of her kindness and angelic appearance, she is a highly skilled undecover assasin.",不要欺骗自己的善良和天使般的外表，她是一位高技能的未经十足的刺客。
38103,Ugz6_1dlF4PpVHXnKCF4AaABAg,0,4 years ago,such a beautiful nature. skillful girl. i really liked her video.,如此美丽的天性。熟练的女孩。我真的很喜欢她的视频。
35507,Ugw0G0NNW93Rq3CBwkN4AaABAg,0,4 years ago,and who taught her all these amazing skills? she looks 14 years young. lol! i'm so glad i found her videos!,谁教她所有这些惊人的技能？她看起来14岁。哈哈！我很高兴找到她的视频！
35063,UgyoQ22FTE7CBFzC4qx4AaABAg.8ukF8x1n6m-8vb3k9n85Jn,0,4 years ago,@bfbvouabeorbvoaervure963 that's because we don't need to know these things on a daily basis modern society has destroyed any need or even desire for people to live off the land and sadly over time these skills get lost ๐”,@bfbvouabeorbvoaervure963是因为我们不需要每天都知道这些事情现代社会已经破坏了任何需求，甚至渴望人们在土地上生活，而可悲的是随着时间的流逝，这些技能迷失了
36707,Ugzg5QjRsSwbsH9i6Hh4AaABAg,0,4 years ago,iโ€m thinking of building a shrine dedicated to her! ๐คฃ how stupendous is she?! such skill and hard work.,我正在考虑建造一个致力于她的神社！
40069,UgzpQdNP_aRK7aBSkV54AaABAg,0,4 years ago,she amazes me ! she knows how to do everything! i wish schools would teach our kids survival skills ! we all depend on many other like her to do all the things we need! i know if i had my own house with a garden i could do so many things! all want is a small garden to plant herbs so far! i dont even have that!,她惊讶我！她知道如何做一切！我希望学校能教我们的孩子的生存能力！我们都依靠许多其他像她一样做我们需要的所有事情！我知道如果我有自己的房子和花园，我可以做很多事情！所有想要的都是一个小花园来种植草药！我什至没有那个！
40112,Ugz_S6n00xxG8QOK9ad4AaABAg,0,4 years ago (edited),"she cannot be real, it’s impossible for one person to have so many high level skills. she appears too pampered looking to qualify as someone living in a rural area who would do the types of odd jobs she is shown doing. for example, she has no scars on her hands or any other visible malignancies that would arise from being outside, working with fire, knives, sharp objects etc. her skin condition doesn’t align with what is proposed in these videos. aside from the overtly professional shots, multi cuts, multiple camera angles and an obviously healthy editing process. i wonder if this is some sort of “mocumentary”...?",她不可能是真实的，一个人不可能拥有这么多高级技能。她看起来太宠爱了，希望有资格成为生活在农村地区的人，他们会从事她所表现出的奇怪工作类型。例如，她手上没有疤痕，也没有任何其他明显的恶性肿瘤，这些恶性肿瘤会因在外面，使用火，刀，锋利的物体等。她的皮肤状况与这些视频中提出的内容不符。除了公开的专业镜头，多切割，多个相机角度以及明显健康的编辑过程。我想知道这是否是某种“ mocumentary” ...？
38052,UgwnW9f5Ee3arvH4pDd4AaABAg,0,4 years ago,the mysterious skills and the rich environment of nature are so good ~ fresh.,神秘的技能和丰富的自然环境是如此美好。
34894,Ugz3nwiNJNRU2_D-hYR4AaABAg,0,4 years ago,"the owner of the up should register the copyright for all the skills he has made, a kind proposal!",Up主应该为自己所做的一切技艺注册版权，一个善意的提议！
40113,UgzU7pPz_G4Qw0Fxi2B4AaABAg,0,4 years ago,golden hands of the girl immediately visible to automatism brought skills,女孩的金色手立即可见自动化带来技能
36379,UgxgxDvZrs4Twuf5COx4AaABAg,0,4 years ago,"he plows like cinderella. crasson and fragility. from nowhere, so much knowledge and skills, i watched more than one video. diches to take where the men?",他像灰姑娘。克拉森和脆弱性一样耕种。从无处乱逛，这么多知识和技能，我看了一个以上的视频。迪克斯要把男人带到哪里？
385,UgzAHbuTJqXEJBDJVI14AaABAg,0,2 months ago (edited),"words to describe a bit of her life: organized, abundant, fresh, clean and healthy, beautiful, great habits, skilled, respect, playful, natural, loving....",言语描述了她的生活：有组织的，丰富的，新鲜的，清洁的，健康的，美丽的习惯，熟练，尊重，嬉戏，自然，爱心...。
40389,UgxawakbutDKL0m8RMV4AaABAg,0,4 years ago,"how skilled, excellent .. !!!",多么熟练，很棒.. !!!
40701,UgxKQXWLYAePrtbIvgl4AaABAg,0,4 years ago,what kind of skills are you can't? marry your life full of infinite possibilities,有什么样的技能是妳不会的吗？娶到妳人生充满无限可能
45147,UgyLPk_nBy9HxpkSRGV4AaABAg,0,4 years ago,i love your video n your food making skill but i have never seen anything you are making for your pets they always rome aroung you want to eat what you are eating but you never serve them or never made anything for them,我喜欢您的视频和您的食物制作技巧，但我从未见过您为自己的宠物做的任何东西，他们总是想吃您要吃的东西，但您从不为他们服务或从未为他们提供任何东西
45152,UgxWfgeUdR1c5ECQOcZ4AaABAg,0,4 years ago,you are a very hard worker a good cook and skilled alroud.bless you and your gran mother!is it posible that you can edit your vidoe's with english sub titels?.i really enjoy our video's.have a blessed weekend.,您是一个非常勤奋的厨师和熟练的alroud。让您和您的Gran妈妈都可以，您可以用英语sub Titels编辑Vidoe？。我真的很喜欢我们的视频。有一个幸福的周末。
45680,Ugz5dDmCtf3Wi2xQUd54AaABAg,0,4 years ago,i really don't know your name but dear you have magical skill ..good bless you,我真的不知道你的名字，但亲爱的你有神奇的技巧..好祝福你
46482,UgznZcBxbXqbv3qqUCN4AaABAg,0,4 years ago,"love this ...was the cooking skills self taught or through school..omg shes amazing, she will get many blessings from grandma",爱这个...是自学或通过学校的烹饪技巧。
46656,UgzX5faLvqIzaaqo8Bh4AaABAg,0,4 years ago,wow... you are such a beauty... you got a beautiful skill.,哇...你真是个美...你有一项美丽的技能。
46702,Ugw4M2CwwIJOnk_gWVB4AaABAg,0,4 years ago (edited),wow nice do you know how to make those stuff no way omg you are really good at this and you have a good skill its that a popcorn,哇，你知道如何做这些东西，不要让你真的很擅长，而且你拥有一项富有爆米花的技能
46859,Ugy3IdDhg3u4qJakMG94AaABAg,0,4 years ago,i like your videos and cooking skill but one thing i dont like that you necglect your pupies and you eating in front of that pls share your food with them.thanks,我喜欢您的视频和烹饪技巧，但我不喜欢您的一件事
47207,UgxTFMmuzxGmrpRsEPF4AaABAg,0,4 years ago,young girl like that is so extremely talented in her traditional skills of these beautiful recipes.. so hard working .. hope her hard work will pay off financially.,这样的年轻女孩在这些美丽的食谱的传统技能中非常有才华。
47304,UgwoE4vc_b6IRDbn-0R4AaABAg,0,4 years ago,"you seems to be living in an area that provides everything you need, or you have set it to be so. 
maybe you and your family has been working for years to make it possible. 
i fall in love with your abilities and skills. your videos feels very harmonious. 
thank you and happy new year. from denmark.
peter.","您似乎生活在提供所需的一切的领域，或者您已经将其设置为这样。
也许您和您的家人已经工作了多年以使其成为可能。
我爱上了您的能力和技能。您的视频感觉非常和谐。
谢谢你，新年快乐。来自丹麦。
彼得。"
48279,UgxH_JtbknvVqAbBwxx4AaABAg,0,4 years ago,i very love her cooking skill,我非常喜欢她的烹饪技巧
48317,Ugy7YJlQHa1Qg9Eh6bl4AaABAg,0,4 years ago (edited),"she is so skillful and hard -working, i really like her lifestyle",她是如此熟练和努力，我真的很喜欢她的生活方式
48633,UgwKAe85O2fT5a6I3XV4AaABAg,0,4 years ago,how i wish i have skills like you. i really admire you a lot,我希望我有像你这样的技能。我真的很佩服你
48809,UgyBEwhFBa-MMyE9vM54AaABAg,0,4 years ago,your cooking skills are amazing,您的烹饪技巧很棒
50056,Ugxp9dhZaRthzLbrDBx4AaABAg,0,4 years ago,"my wife is so skillful, guys",我的妻子是如此熟练，伙计们
50358,Ugwq5JcP_iS2yWHMrV54AaABAg.8qlk_qbGlqs8qlrHHneDWD,0,4 years ago,yes no yeah her vids are awesome. and i wanted to know who she is. like she is an actress who demonstrates life in the village in china & makes it look like her life (but in reality she doesnt live there). but she seems to cook very well like its her own skills and not just acting. so i was confused and curious haha. thank u!!,是的，她的视频很棒。我想知道她是谁。就像她是一位女演员，她在中国村里展示了生活，并使它看起来像她的生活（但实际上她并不住在那里）。但是她似乎像自己的技能一样做得很好，而不仅仅是表演。所以我很困惑和好奇哈哈。感谢你！！
50663,Ugyk53t4nlJNiFpgnil4AaABAg,0,4 years ago,"one of the best, survival skills cough i mean, video blush",我的意思是最好的生存技巧之一，视频腮红
51636,UgyYH65HP7kIb3hMj2t4AaABAg,0,4 years ago,so skillful,如此熟练
52201,UgxReXq6hokAktS3u554AaABAg,0,4 years ago,everything looks so yummy and she is so skilled its like watching an artist create a masterpiece everytime.,一切看起来都很好吃，她非常熟练，就像看着艺术家每次创作杰作一样。
52299,UgyTdf04_uGAXHx0SMN4AaABAg,0,4 years ago,"so skillful, dear",如此熟练，亲爱的
45087,UgyL8jGwFOCZQhdALpl4AaABAg,0,4 years ago,who says girls need to wear nice clothes to look pretty? shes already pretty with that cooking skills and kind heart.,谁说女孩需要穿漂亮的衣服看起来漂亮？她的烹饪技巧和善良的心已经很漂亮。
45006,UgzQYU_Rx8F5M5HJXNR4AaABAg,0,4 years ago,how hardworking she is i am fan of her we can not imagine this type of skills,我对她的粉丝有多努力，我们无法想象这种技能
44199,Ugx2teqkJzvBW07ky-h4AaABAg,0,4 years ago,"it is healed by the clean scenery and the colorful of the ingredients, and the skill is good.
it's a wonderful video","它通过干净的风景和色彩丰富的成分来治愈，技能很好。
这是一个很棒的视频"
34886,UgySHhFOR8hEYNM7DM94AaABAg,0,4 years ago,she is very good in cooking and skills full,她非常擅长烹饪和技能
41055,Ugz2ZZsiY505TmNOjz54AaABAg,0,4 years ago,i really like this lady. her skill levels are off the charts! i'd like to be her student.,我真的很喜欢这个女士。她的技能水平不在图表上！我想成为她的学生。
41146,UgzonIYreStf3b2FWBp4AaABAg.8s0jWMEbRgJ8sMRXIhLyN7,0,4 years ago,"@supercat1969 old iron, i don't agree with this. my parents were poor at home when they were young, but they still missed the past life. this is not a matter of material, but the feelings and atmosphere of the past rural life. how many people in the city are now in the city's skills and kung fu. can people have no electric refrigerator microwave in the past? it is just that technology products make our lives very convenient. so you can't say that like you ~ :)",@supercat1969 老铁，这话我可不认同哦，我父母小时候家里贼穷，但是还是想念过往的生活。这说的不是物质上的东西，而是过往乡村生活的情怀，氛围，那种悠然自得，自给自足。光人家做事的那些技艺、功夫，现在城里的人又有多少会。以前的人没有电冰箱微波炉不也能过的很好吗？只是科技产物让我们的生活很方便了而已。所以也不能像你这么说哦～:)
41304,Ugxpb226PdyTg6YDGfh4AaABAg,0,4 years ago,she can do so much! is she married? i would be surprised if she was not. so pretty and skilled at many things,她可以做很多！她结婚了吗？如果她不是，我会感到惊讶。在很多事情上都很漂亮
41342,Ugz6poB2qgiJvxqWMg54AaABAg,0,4 years ago,she's got skills,她有技能
41511,UgyapUe_7IhBEpVH7Xp4AaABAg,0,4 years ago,she definitely has some skills. awesome,她肯定有一些技能。惊人的
41554,UgyL1HKK2YVyXtd_OJd4AaABAg,0,4 years ago,<3 lovely! such a skillful lady. i wish i'll have a wonder woman like her in my life!! ^0^,<3可爱！如此熟练的女士。我希望我一生中有一个像她这样的神奇女侠！！ ^0^
42246,UgyWbcFR4PGygh6r98J4AaABAg,0,4 years ago,"you are so beautiful.
and so alone.
i can see how tired and lonely you are in your eyes.
i am glad the puppies and the lamb are now your friends.
i wish i could go there and help you.
i wish you could teach these skills to someone new to pass them on and keep the skills alive.

i would burn quite a lot of things in that wok. that you do not burn anything is a miracle.

may the snow that falls today bring you flowers in the trees in spring to bear fruit in summer to harvest in fall to eat in winter.","你真美。
如此独自一人。
我可以看到你在眼中有多疲倦和孤独。
我很高兴幼犬和羔羊现在是您的朋友。
我希望我可以去那里帮助你。
希望您可以向新手传授这些技能，以传递它们并保持技能的活力。

我会在那只锅中燃烧很多东西。你什么都不燃烧是一个奇迹。

愿今天降雪在春天带您在春季的树木中带您的花朵，在夏天秋天收获果实，冬季吃。"
42324,Ugy7g67eiqmyzdyX2kV4AaABAg,0,4 years ago,how perfection on the dishes i am even collecting some tips to perfect my culinary skills !!! congratulations ;),我什至在菜肴上的完美之选，甚至收集一些技巧，以完善我的烹饪技能！！！恭喜;）
42946,Ugwj0h8m-eQSnsXMocB4AaABAg,0,4 years ago,unbelievable labor and hard works for a small girl! amazingly skillful!,对于一个小女孩来说，令人难以置信的劳动和艰苦的工作！惊人的熟练！
44118,Ugx06Rldh4S7MYRtmGp4AaABAg,0,4 years ago,it is skillful,这是熟练的
43346,Ugy2BOOMHPzSmjJ5X0J4AaABAg,0,4 years ago,your family is so lucky to have amazing skilled person like you,您的家人很幸运能拥有像您这样的熟练人士
43397,UgxqH5M42oh5fTUn-6Z4AaABAg,0,4 years ago,"congratulations, you are a very skilled housewife!",恭喜，您是一个非常熟练的家庭主妇！
43788,Ugwp7RGnXijlvjR0o_l4AaABAg,0,4 years ago,how beautiful and very skillfully!)))))),多么美丽，非常巧妙！））））））））
43953,UgzgbLccZC41D8YO6y94AaABAg,0,4 years ago,i really like the colorful artistry behind her cooking and the skill of making it look easy.,我真的很喜欢她烹饪背后的丰富多彩的艺术性以及使其看起来容易的技巧。
43977,UgyKCPsmOGKpR0DZpuR4AaABAg,0,4 years ago,i can only wish to be that skilled,我只希望成为那个熟练的
44007,Ugy-BGPj9YmGLV9Okf54AaABAg,0,4 years ago (edited),"hello, i wanted to post to your page but i can’t find anything so i’ll just go back to the first video i ever viewed of your channel. i must say, i’m sorry i didn’t know of you sooner. you’re great! & thank you so much for everything you do. you truly are skilled & the hard work shines through. thank you for piece of mind & tranquility. it’s a simple act, but it makes the rest of us feel as humble as you (i hope i can speak for everyone). but no doubt you are blessed & make the rest of us feel that too. thank you.",您好，我想发布到您的页面，但找不到任何东西，所以我只能回到我频道有史以来的第一个视频。我必须说，对不起，我早点不认识你。你太棒了！ ＆非常感谢您所做的一切。您确实是熟练的，辛勤的工作席卷了。谢谢您的思想和宁静。这是一个简单的举动，但它使我们其余的人都和您一样谦虚（我希望我能为所有人说话）。但是毫无疑问，您很幸运，并使我们其他人也感到。谢谢。
44010,Ugx6Wzah_zyXEA_H3Ut4AaABAg,0,4 years ago,"very skilled woman, i wish her all her life is doing well",非常熟练的女人，我希望她一生都过得很好
44098,UgxAgPg2L9aJE42QA2B4AaABAg,0,4 years ago,"wow i'm in love with your skill i wish i had girlfriend like you
who would become a perfect woman","哇，我爱上了你的技能，我希望我有像你这样的女朋友
谁会成为一个完美的女人"
42902,UgzgSNo0gozqvMjrHG14AaABAg,0,4 years ago,she is hardworking full of skill and she deserved to release of recipe book.i love the place of surounding.,她的技巧充满了努力，她应该释放食谱书。我喜欢尖锐的地方。
29097,UgxSwvdVlueih9BiIkt4AaABAg,0,3 years ago,"the puppies and the lambs have their own busy, ziyi is even more busy, the way of doing work is skilled, and the small body plate is very capable. these lives make me dry. come.",小狗和小羊们都各有各忙的，子柒就更是忙啦，干活儿的手法娴熟，小身板大能耐，这些活儿让我干就是一身土，一手脏，累得缓不过来。
34696,UgxDPmSWd1W7zufU7kV4AaABAg,0,4 years ago,"she's skillfull, strong, looks intelligent and looks good. how isn't she married ? t_t",她很熟练，坚强，看起来很聪明并且看起来不错。她不结婚？ T_T
21187,Ugwsvv9XiUAipqaDm2B4AaABAg,0,3 years ago,i really skillful ~ !!,我真的很熟练〜!!
12380,UgwcUYE-vEBqyBSmAnZ4AaABAg,0,2 years ago,"i just started following these videos and i am so much impressed by her, she is so pure, skillful and full of humanity and culture , may god bless her",我刚刚开始关注这些视频，她给她留下了深刻的印象，她是如此纯洁，熟练和充满人类和文化，愿上帝保佑她
13064,UgzPSFaGGUgGnu4HZOZ4AaABAg,0,2 years ago,"i love her working skills 
her life i so touching.","我爱她的工作技能
她的生活真是太感动了。"
13142,UgybBUX-OZiEl7z2DMd4AaABAg,0,2 years ago,"where she is from, she is rich but by western standards, she is not. i'd rather be rich in skill, fresh produce, and care, then have a chef cook for me, it looks like her and her family help the village a lot, lovely video.",她来自哪里，她很富有，但按照西方标准，她不是。我宁愿富有技巧，新鲜的农产品和关怀，然后为我提供厨师厨师，看起来她和她的家人对村庄有很多帮助，可爱的视频。
15673,Ugys1bcXDf9Fz4RcQkh4AaABAg.99M7McB-2UL99Net9-MOIw,0,3 years ago,"yeah and she is a poor chinese girl. when she was little, her parents got a divorce. her mother in law didn't love her so she lived with her grandparents. her grandpa taught her all the skills. but her father and her grandpa died several years ago. now she lives only with her grandmother. she was very very poor and she didn't get enough education, so she had to do all the things on her own. now she gets some money by making the videos but she still lives in this way.",是的，她是一个可怜的中国女孩。当她小的时候，父母离婚了。她的婆婆不爱她，所以她和祖父母住在一起。她的爷爷教她所有的技能。但是她的父亲和她的爷爷几年前去世。现在她只与祖母住在一起。她非常非常贫穷，她没有得到足够的教育，因此她必须自己做所有事情。现在，她通过制作视频获得了一些钱，但她仍然以这种方式生活。
15969,UgwY0KJXUiDboMojQrN4AaABAg,0,3 years ago,itne sare skill and cooking ideas kaaha se aate hai aapko aap har chinz me new krte ho ..,Itne Sare技巧和烹饪创意Kaaha Se Aate Hai Aapko Aap Aap Har Chinz Me New Krte Ho ..
16110,UgzqlZZBw5RwEaZXY3d4AaABAg.98uD5G8DJS699NilQDT6ru,0,3 years ago,"her parents got a divorce but her stepmother didn't love her, so she lived with her grandparents. her grandpa taught her all the skills. several years ago grandpa past away, she didn't get enough education and couldn't get a good job, so she did all the things on her own.",她的父母离婚，但继母不爱她，所以她与祖父母住在一起。她的爷爷教她所有的技能。几年前，爷爷过去了，她没有得到足够的教育，也无法得到一份好工作，所以她自己做了所有的事情。
16602,UgzKBzZupZ1odKD4hKF4AaABAg,0,3 years ago,it amazes me how liziqi can do all these things.. a small girl like her and her skills and abilities are extraordinary..,Liziqi可以做所有这些事情，这让我感到惊讶。一个像她这样的小女孩，她的技能和能力是非凡的。
16616,UgzQ2Ek-yNw_TW7mM354AaABAg,0,3 years ago,"the first time i see her was in south morning china post(i forget the name of the channel) 
i was amazed at how much she can done.. she's from the city so it must be the skills and how smart she is
damn i don't know her youtube channel is at 10m","我第一次看到她是在中国南晨邮报（我忘记了频道的名字）
我对她能做的事情感到惊讶。她来自城市，所以这一定是她的技能和她的聪明程度
该死的我不知道她的YouTube频道在10m"
16732,UgxKTlCAdOs4VwXmy414AaABAg.98ULgDRBjBw98bBf21s99E,0,3 years ago,@fourscoresevenyearsago tell him to spare me sum cash im trynna buy clothe from dollskill,@fourscoresevenyearsago告诉他省去我的总和，im trynna从洋娃娃凯尔买衣服
17749,UgyP80_KJU0zj6WLNdt4AaABAg.97bZzeNENkg97b_18rqZ8T,0,3 years ago,she also has a lot of skill tho,她也有很多技能
18526,Ugz5nuTFvX9oIxD7miR4AaABAg,0,3 years ago,"she is so skillful, really like it",她是如此熟练，真的很喜欢
19065,UgzpobsONcQAMle-Y554AaABAg,0,3 years ago,"what a smart man, a needlewoman, looking at her skill is simply nice.",看着她的技巧真是太好了。
19478,Ugx8HufPAjt4o8sYDGx4AaABAg,0,3 years ago,too skillful,太熟练了
19720,Ugyk28WMSP9EcAs1rNl4AaABAg,0,3 years ago,"although staged shooting, life is shown well. the chinese woman definitely has knowledge and skills.",尽管上演射击，但生活表现良好。中国妇女绝对具有知识和技能。
19848,UgyKyG4zq7K0oSTnJCx4AaABAg,0,3 years ago,i want to know if she practice gung fu and if you can show some of your skills please thank you darling.,我想知道她是否练习Gung Fu，如果您可以展示您的一些技能，请感谢亲爱的。
19946,UgwaTmP3115vto2i_uV4AaABAg,0,3 years ago (edited),"i wish she paid some attention to those poor hungry puppies. not ignoring them. her skill of cooking is gr8, but not her compasion",我希望她注意那些可怜的饥饿的小狗。不忽略他们。她的烹饪技巧是GR8，但不是她的组合
19993,Ugz9Y9AsFE3TDfknFIB4AaABAg,0,3 years ago,"she is amazing, hardworking girl she has to come to usa and own a shop she has a lot and unique skills",她是很棒，勤奋的女孩，她必须来美国并拥有一家她拥有很多独特技能的商店
11872,UgwIr-hY1lkpAUSn5kV4AaABAg,0,2 years ago,"i watch the video and never cease to be surprised, as if i got into a fairy tale, so comfortably so beautifully and everything is so skillfully cooks ,, just smart ,,,",我观看了视频，从不停止感到惊讶，好像我进入了一个童话故事，如此舒适地如此精美，一切都如此巧妙地做饭，只是聪明，
11794,UgwIKFHqsTfOvMrAAvp4AaABAg,0,2 years ago (edited),"i can't explain exactly why i don't like her videos. don't hate it though. i was born and raised in rual china not far from her hometown, 2h drive maybe. this looks familiar, but is not what i experienced. as an amature photographer, i know good shooting skill can make it looks great while keep it real. but i still think it's fake, it's more like staged acting (a well made tv series), and it was made for profit. maybe that's why i don't like it. you can still have a good glimpse of what country life is like in rural china, though it is usually worse than what it looks in her video.",我无法确切解释为什么我不喜欢她的视频。虽然不要讨厌。我是在距离她家乡2小时车程不远的Rual China出生和长大的。这看起来很熟悉，但不是我经历的。作为一名伪造的摄影师，我知道好的拍摄技巧可以使其看起来很棒，同时保持真实。但是我仍然认为这是假的，它更像是演戏（制作精良的电视连续剧），并且是为了盈利而造成的。也许这就是为什么我不喜欢它。您仍然可以很好地了解中国农村地区的乡村生活，尽管通常比她的视频看起来还差。
11528,UgxJCc74Z2ZxNBoZtDN4AaABAg,0,2 years ago,liqki u are such an inspiration for me...i really want to be in nature's shade ....direct me for an excellent gardening skills...plzz rply,liqki u对我来说是一个灵感...我真的很想成为大自然的阴影。
6697,Ugzv5xsZ04THEiZtaRZ4AaABAg,0,2 years ago,"really, how beautiful and wonderful your work is perfect and skillful",真的，您的工作是多么美丽和精彩的完美和熟练
1834,UgxBMPeNL3I5K5HYEZ94AaABAg,0,1 year ago,"adored be ... wonderful person, so skilful, skillful ❤",崇拜是...很棒的人，如此熟练，熟练❤
2422,UgwPX_7GhkTMkY9EeLh4AaABAg,0,1 year ago,"https://youtube.com/channel/ucn-us2qgpy8cczp6c95mrjw
my coconut cutting skill","https://youtube.com/channel/ucn-us2qgpy8cczp6c95mrjw
我的椰子切割技巧"
2520,Ugzme5m6L-6Lhcn9nDV4AaABAg,0,1 year ago,she is so great i like her cooking skills according to me she is more great than cheif....,她真是太好了，我喜欢她的烹饪技巧，根据我，她比Cheif更大。
3576,UgwdSy2GQitLwp79YMB4AaABAg,0,1 year ago,whatever she can do. it is great because god has given her a pair of skillful hands. this is a life that everyone wishes. wish her always succeed,她能做什么。这很棒，因为上帝给了她一对熟练的手。这是每个人都希望的生活。祝她永远成功
4486,Ugwz5m5IuQNV1IqtCf14AaABAg,0,1 year ago,"the most favorite of this ly tu that, after watching this reason, she likes to skillfully talented so much that they can do it",李李（Li）最喜欢的是，李李（Li Li）喜欢巧妙的才华，但也可以做到这一点
5617,Ugz6r4MBLrFQrgzFWQ54AaABAg,0,2 years ago,"you know, when i watch these videos, i wish we were all immortal, no diseases, no crime, all happy, no human trafficking or slavery, no death, forever young, no problems - and humans can do whatever they want, pursue their passion, learn, improve and hone their skills, live peacefully in the mountains, grow vegetables, build a house, maybe a few league games, and there'd be no need for doctors or police. a perfect society. even without immortality, i'd be satisfied as long as people don't die before 80.",您知道，当我观看这些视频时，我希望我们都是不朽的，没有疾病，没有犯罪，所有幸福，没有人口贩运或奴隶制，没有死亡，永远年轻，没有问题 - 人类可以做任何他们想做的事，追求他们激情，学习，提高和磨练自己的技能，在山上和平生活，种植蔬菜，建造房屋，也许是几场联赛比赛，并且不需要医生或警察。一个完美的社会。即使没有永生，只要人们在80岁之前不死，我也会满意。
6661,Ugy53NupspRWmCjYYl94AaABAg,0,2 years ago,great mother earth gifts to you and your skills and hard work thank you for sharing with the machinery and electronics world,伟大的地球母亲礼物给您，您的技能和辛勤工作，感谢您与机械和电子世界分享
6705,UgyxPg0VDUxvXKCbeF14AaABAg,0,2 years ago (edited),her skills are amazing! also. i hope this pups eat good too..,她的技能很棒！还。我希望这个小狗也能吃得好。
9905,UgzbQOeWfF5fI_G2gGR4AaABAg,0,2 years ago,really like. huge garden has all kinds and residues are a very skillful person ❤️,很喜欢。巨大的花园有各种各样的东西，残留物是一个非常熟练的人❤️
6711,UgzcVydoKO4mk6LWJlN4AaABAg.9LNokyFv-9N9LOCpJQ1jzM,0,2 years ago,lmao that's unnecessary. this is the life of ordinary villagers in the beautiful sichuan area. ziqi and her team have the skill and aesthetics to present it in a calming way.,lmao是不必要的。这是美丽四川地区普通村民的生活。 Ziqi和她的团队具有以平静的方式呈现的技巧和美学。
7373,UgzQCCRRfW0SpmmDSO94AaABAg,0,2 years ago,hey you are a good cooker and hardworking you have a great skill keep up,嘿，您是一个好的炊具，勤奋工作，您的技能很高
7501,UgxFejPyQQ05pNT8OJJ4AaABAg,0,2 years ago,"hello,you are very skillful",你好，你很熟练
8202,Ugx_mrJLiSSHv-PrLMd4AaABAg,0,2 years ago,"the chinese government's skillful actions, concealing information, killing, monitoring, fabricating information, distorting history",中国政府娴熟的行动，隐瞒信息，杀人，监视，捏造信息，歪曲历史
8874,UgyMeNdlr3AEqZKYcDN4AaABAg,0,2 years ago,"how lucky to be born with all the riches of mother earth (food) on your doorstep, that through your own hard work you can add to your bounty, having the skills passed down through endless generations on the land they walked and nurtured and learnt to be able to utilise everything mother earth can provide from the seed, fruit, flower and roots, sadly most of us will not live in such a paradise, but watching liziqi shows us her life is a joy to behold, happy new year everyone.",很幸运能与您家门口的所有财富（食物）的所有财富出生，通过自己的辛勤工作，您可以将自己的赏金添加到赏金中，使他们在他们走路，养育并学会的土地上的无尽一代人传递了几代人能够利用地球母亲可以从种子，水果，花朵和根源中提供的一切，可悲的是，我们大多数人都不会生活在这样的天堂中，但是看着Liziqi向我们展示了她的生活，这是一个愉快的事，每个人都在新年快乐。
8950,UgythPl3B2fLNWqCQFN4AaABAg,0,2 years ago,sister your cooking skill is amazing keep it up,姐姐您的烹饪技巧很棒
9536,UgxM2cVodIJ7odhyvS54AaABAg,0,2 years ago,"you are very skilled, you are working hard",你很熟练，你在努力工作
20687,UgyxUOTgaDChH1Qb3p14AaABAg,0,3 years ago,this music will lead me to depression i still subbed for your efforts and skill keep it up!,这种音乐将使我陷入抑郁症，我仍然为您的努力和技巧继续努力！
21611,UgyqNQ2Zf2lNEgBxmxR4AaABAg.93V8OKBgzoo93dYmT-m0fL,0,3 years ago (edited),"@ghostlike7947 i admire liziqi for all her skills and efforts and for looking after grandmother so very well๐‘๐‘ i know this is part of chinese culture but she let's the world into family life in the countryside, which is no doubt a hard life, but it has its rewards amongst the beautiful setting of the mountains,",@ghostlike7947我钦佩liziqi的所有技能和努力，并为祖母照顾祖母非常好。它在美丽的山区环境中具有奖励，
34680,Ugxva1iGVodUocLZJmJ4AaABAg,0,4 years ago,honestly with the world ending and climate change i think the world should look like where she is living and we should all go back to using the skills she is using in all these videos let life be beautiful and simple again,老实说，随着世界的结局和气候变化，我认为世界应该看起来像她的住所，我们都应该回到使用她在所有这些视频中使用的技能，让生活再次变得美丽而简单
21811,Ugx88h25rWzYgwsPXtd4AaABAg,0,3 years ago,i see her take care of her parents but never see a husband around?? this is without question one of the most worth while women i have ever seen and i am 60 years old! she is beautiful and skilled in so many of the things that make life enjoyable! i have never found an american women worth a dime! they all seem to be so narcissistic it make a guy sick and tired of their me me me attitude! i don't know about the rest of you guys but if i ever met this girl i would subjugate myself to her happiness the rest of my life because she is an incredible women! the artistic and craftsmanship levels she is capable of is so impressive! i would marry this girl no questions asked! the feminists of the world should take note that this is what a strong independent women looks like! not the nasty corporate hags we are forced to suffer with in western civilization!,我看到她照顾父母，但从未见过丈夫周围？毫无疑问，这是我见过的女性，我今年60岁！她在使生活变得愉快的许多事物中都很漂亮，而且很熟练！我从来没有发现一个值得一毛钱的美国女性！他们似乎都是如此自恋，以至于使一个男人厌倦了我的我的态度！我不认识你们的其他人，但是如果我遇到这个女孩，我会在我的余生中征服自己的幸福，因为她是一个令人难以置信的女人！她能够实现的艺术和工艺水平令人印象深刻！我会嫁给这个女孩没有问题！世界女权主义者应该注意，这是一个强大的独立女性的样子！不是我们在西方文明中被迫遭受苦难的令人讨厌的公司巫婆！
29294,UgwsEQ7rc9gjhIm0z214AaABAg,0,3 years ago,"she is lovely. very much one with her surroundings. she has not accepted god though, which seems a great loss to her. you can see her eye's lost and wandering. but she does know how to utelize her skills to the maximum, which i completely admire. her food looks scrumptious. i am.glad she adores her family and animals and causes no harm to others. i pray she accepts god, then her life wilk be full. she is so lovely, she would bring such great warmth to her people knowing our creator. may christ guide you liziqi.",她很可爱。她的周围环境非常多。不过，她没有接受上帝，这对她来说似乎是巨大的损失。您可以看到她的眼睛迷失方向。但是她确实知道如何将自己的技能提高到最大程度，我完全佩服这一点。她的食物看起来很美味。我是glad，她崇拜自己的家人和动物，对他人没有伤害。我祈祷她接受上帝，然后她的生命会饱满。她是如此可爱，她会给自己的人带来如此大的温暖。愿基督引导你liziqi。
29624,UgxgSb6INw2wFVEyAgN4AaABAg,0,3 years ago,"the same girl but you are hard -working, skillful or doing",同一个女孩，但你很难工作，熟练或做
29828,UgxCCStL528MU2ssDYJ4AaABAg,0,3 years ago,"living on earth ? you r so skilled humble and caring ,love u .and the place ู…ุงุกุดุงุงููู",生活在地球上？你是如此熟练的谦虚和关怀，爱你。
29929,Ugx7jznHyy8PJHo72dV4AaABAg,0,3 years ago,ok.... based on the production skills of all of these videos. this is not a simple family with a gopro etc . there is big money been made here .based on national income .they are making 30-40 times the average. its all very beautiful etc.but there has to be a big team behind it all,好的....根据所有这些视频的生产技能。这不是一个带有GoPro等的简单家庭。这里有大笔资金。基于国民收入。他们的平均水平是平均水平的30-40倍。一切都很漂亮等。但是，这一切都必须有一个大团队
29942,Ugxr6LZZEwGX-wRHO6x4AaABAg,0,3 years ago,"very accomplished young lady and her sweet grandmother. the young lady has many skills and a beautiful, bountiful farm, but i did not see her once feed or give water to her loyal dogs and lamb or provide a warm place for them.",非常有成就的小姐和她甜美的祖母。这位年轻女士有很多技能和一个美丽而富裕的农场，但我曾经见过她曾经喂过她，也没有给她的忠实的狗和羔羊喂水，或者为他们提供温暖的地方。
30221,Ugy1YXHjTU4vqI3DNeB4AaABAg,0,3 years ago,give food to your pet. i like you and your skill.please give food for your pets.,给宠物食物。我喜欢你和你的技能。请为宠物提供食物。
30266,UgyWs975FvYAX8FxDrR4AaABAg,0,3 years ago,there is just something about these videos and the peaceful skill of this beautiful lady that speaks to my spirit. thank you ๐๐ผ,这些视频和这位美丽的女士的和平技巧只是对我的精神说话。谢谢
30334,UgyrvQrAy0vhKIM-rBt4AaABAg,0,3 years ago,beautiful but skillful to cook the ideal model,美丽但熟练烹饪理想的模型
30603,UgynaY4uNY_IxP1ssxR4AaABAg,0,3 years ago (edited),she is simply amazing...super woman..what skill she has..makes look everything so simple and easy...,她真是太神奇了...超级女人..她拥有什么技巧。
31081,Ugzh8PX-vrOyVbu2BM14AaABAg,0,3 years ago,ly tu that is really skillful,真的很熟练
31553,Ugx_QktdyVFyArkDrdZ4AaABAg,0,4 years ago,she always keep me entertained wit her wonderful skills,她总是让我娱乐她的精彩技能
32032,UgxxeH8Siw90ZkOryrV4AaABAg.8w-QnfZHEcm8w2-E-vt7PY,0,4 years ago,"@justicefornicholealloway maybe you're right. they may have a whole team to produce these videos or they may have been doing everything by themselves. we cannot know that. moreover, it is actually doesn't matter if their lifestyle is real or not (which i think is real because i guess she is from china and i kinda know that they are pretty neat people). i think, what viewers care about is the authenticity of the environment and the modesty of the characters like granny and the skillful girl. ultimately it's all about storytelling and the visuals that is why we are here. :)",@JusticeFornicholealLoway也许您是对的。他们可能有一个整个团队来制作这些视频，或者他们可能自己做所有事情。我们不知道。此外，他们的生活方式是否真实并不重要（我认为这是真实的，因为我想她来自中国，我有点知道他们是非常整洁的人）。我认为，观众关心的是环境的真实性和诸如奶奶和熟练女孩之类的角色的谦虚。最终，这就是讲故事和视觉效果，这就是我们在这里的原因。 :)
32406,UgwzPU_XoHcJxmoHPHt4AaABAg,0,4 years ago,"you ""lizqi"" are my all time favourite, the videos you upload i watch repeatedly again and again. the culinary skills that you display is beyond appreciation, needless to talk about your facial charm....i always get carried away. lots of love and my best wishes",您是我一直以来最喜欢的“ Lizqi”，您会一次又一次地观看的视频。您展示的烹饪技巧令人不欣赏，不用谈论您的面部魅力。...我总是被带走。很多爱和我的最良好的祝福
32552,UgxjJSZBTvrCplq82WN4AaABAg,0,4 years ago,"honestly, you and your granny are absolutely adorable. your skills in all crafts are far beyond anything i've ever seen! if i could learn just a handful of the skills you possess my life would be complete!",老实说，您和您的奶奶绝对可爱。您在所有手工艺品中的技能都远远超出了我见过的一切！如果我只能学会一些您拥有的技能，那么我的一生就会完整！
32764,Ugx4_eSzZD4AlmfapwF4AaABAg,0,4 years ago,so exaggerated acting skills,好浮夸的演技
33663,UgwZt6-AjycVwNYu3m14AaABAg,0,4 years ago,"my life would be like this if school and educational is not important. there's so much else i can learn by living like this. survival skills, nature and my spirit bounded together and i will never ever face problems and feel stress about it. except i'll be living in a rain forest with mountains and lakes and it will always rain. i could grow some paddy i mean life like this is lit",如果学校和教育并不重要，我的生活就是这样。像这样生活，我还能学到很多东西。生存技巧，自然和我的精神融为一体，我永远不会面对问题并感到压力。除了我将住在一个雨林里，里面有山和湖泊，它总是会下雨。我可以种一些稻田，我的意思是像这样的生活
34679,UgyAioG4T94Ib3ToW8l4AaABAg.8uw8XZDSFR_8uxqw1Su6Cb,0,4 years ago,"it is not wasted. let it be known that it is a man-made education and it does serve it's purpose in a man-dictated world. true education is life itself and it is a lifelong process. it only end when we die. like it or not, this school is compulsory. the subject is random, you can't choose and there's no diploma to collect. pay it with due diligence and with skillful mean, it will serve you well. that whatever your status you may be or wherever you are, your peace will be unshakable.
best of regards from the heart.","它并没有浪费。众所周知，这是一种人为的教育，它确实在一个人文的世界中达到了目的。真正的教育是生活本身，这是一个终生的过程。它只有在我们死后结束。不管喜欢与否，这所学校是强制性的。该主题是随机的，您不能选择，也没有文凭可以收集。以尽职调查且熟练地付款，它将为您服务。无论您身份如何或无论您身在何处，您的和平都是无法动摇的。
发自内心的最好的问候。"
29274,UgwmolvP4Sjqg62DkNN4AaABAg,0,3 years ago,i love survival skills out of all i love you,我爱我爱你的生存技能
29058,UgwCOAc5WyYZZwVpMxd4AaABAg,0,3 years ago,"frikkin awesome! most amazing woman i've ever seen... so beautiful and so very skilled at so many different things, and especially with foods!!!๐’๐’๐’๐‘๐ป๐‘๐ป๐‘๐ป๐’ฏ๐’ฏ๐’ฏ๐‘๐‘๐‘๐’“๐’“๐’“",弗里克金真棒！我见过的大多数令人惊叹的女人……如此美丽，如此熟练，在许多不同的事情上，尤其是食物！！！
28779,UgyMG3FTfbNb6UZ3d0F4AaABAg,0,3 years ago,the camera corner is very beautiful. movie skills like swordplay ๐—ก. good ๐‘,相机角非常漂亮。电影技能等剑术
25893,UgzjUlaNZT7LSFRPkBB4AaABAg,0,3 years ago,"i have only watched a couple of this lady's videos, she appears to be non stop until well after dark. her skills are amazing seeing her plow the field grow the corn, collect and carry the sheaves then treat the kernels also the same with the peaches before cooking some lovely looking dishes was so fantastic to watch and she is such a small petite pretty lady i just don't know where she gets her energy from.",我只看了这位女士的几个视频，直到天黑后直到井井有条。她的技能令人惊讶地看到她的耕地种植玉米，收集和携带带束带，然后在桃子烹饪一些可爱的菜肴之前，也可以用桃子对待玉米，这真是太棒了，她真是个小小的漂亮女士，我只是不知道她从哪里获得精力。
21835,UgxzbW5HtNaDvPe_6E94AaABAg,0,3 years ago,this is like watching a max level player in an mmorpg with maxed out skills in everything. she could probably slay a dragon if she wanted to but would probably tame it instead and have it help her craft things. ๐ฅฐ /yesiamnerdy,这就像在MMORPG中观看最大水平的球员，并具有最大的技能。如果她愿意，她可能会杀死一条龙，但可能会驯服它，并可以帮助她制作的东西。
21892,UgxGQ9vWbRNqD4d6pSt4AaABAg,0,3 years ago,"you guys do realise all those videos has a big production team behind? as fiction as any other movies stories. this is not of denying that she is a talented girl or any skills shown arenโ€t real, if you believe china rural life is like this or could be, cinderella is more real.",你们确实意识到所有这些视频都有大型制作团队？就像其他任何电影故事一样小说。这并不是否认她是一个才华横溢的女孩，或者表现出的任何技能不是真实的，如果您认为中国农村生活就是这样或可能是真实的，那么灰姑娘是更真实的。
22201,UgwI6L7EUPwilX6f7_V4AaABAg,0,3 years ago,"the cinematography and storyline are amazing to watch. sheโ€s such amazing skill and hardworking to me. i once visited a village area and barely survived. ๐คญ๐คญ so much work to prepare for the food i ate such as plucked the chicken feather before cooking, or chopped the cassava tree to make stem cassava. 

i truly admire her and her work","摄影和故事情节令人惊叹。她对我来说是如此出色的技巧和勤奋。我曾经参观过一个村庄，几乎没有幸存。 

我真的很佩服她和她的工作"
23027,UgztXElowmV98Sh40Id4AaABAg.92a20StX2dg92cL-m-1Uyl,0,3 years ago,"if you call a channel with full of skills and high quality sponsored by ccp, i can only say that ccp is so dumb that they donโ€t let other channels in china with same quality enter youtube. liziqi is just one of many popular channels in china, so funny that just a channel that we get used to has made some foreigner so afraid hahaha. you better send your comments hundreds times everyday,otherwise it will be flooded and disappear in the comments of her 6 millionen fans",如果您打电话给CCP充满技能和高质量赞助的频道，我只能说CCP是如此愚蠢，以至于他们不允许中国其他频道具有相同的质量进入YouTube。 Liziqi只是中国许多受欢迎的频道之一，如此有趣，以至于我们习惯的渠道使一些外国人如此害怕哈哈哈。您最好每天发送数百次评论，否则将在她的600万粉丝的评论中被淹没并消失
23904,Ugy3SDVbRoQ6kPrcbO94AaABAg,0,3 years ago,"for all those people complaining in the comments that theyโ€ll never live a life like hers-whatโ€s stopping you? donโ€t say money, because she didnโ€t exactly start out with much, or any close family members to help out apart from her grandma, who canโ€t really do much of the heavy labour. donโ€t say location either-even if you only own a small flat or town house you can always find room for a small chilli pot plant or herb garden. donโ€t say you lack the skills-ziqi missed out on a large proportion of school to help out with family-it is never too late to start learning, and none of the things she does are unachievable (after all, plenty other chinese farmers, and farmers across the globe probably work in very similar fashion, perhaps just less aesthetically pleasing as ziqi makes it seem bless). if you want a life like hers, stop complaining that youโ€ll never be like her when the ability to do so is freely available to you. laziness is not an excuse on this world which we can only stay on for a temporary amount of time. talking never got anyone anywhere-itโ€s actually following through on what you say that matters.",对于所有这些人在评论中抱怨自己永远不会像她那样过的生活的人 - 什么阻止了您？不要说钱，因为她并没有完全从事太多或任何亲密的家庭成员来帮助她的祖母，他们实际上无法做很多沉重的劳动。不要说位置，即使您只有一个小型公寓或联排别墅，也总是可以为小辣椒锅或草药花园找到空间。不要说您缺乏Ziqi的技能 - 在很大一部分的学校里都缺席来帮助家庭 - 它永远不会太晚开始学习，而她所做的事情都不是无法实现的（毕竟，其他很多中国农民，全球的农民可能以非常相似的方式工作，也许就像Ziqi所说的那样，在美学上令人愉悦。如果您想要像她这样的生活，请停止抱怨，当您可以自由使用时，您将永远不会像她一样。懒惰不是这个世界上的借口，我们只能暂时待一段时间。说话从来没有让任何人在任何地方都可以遵循您所说的重要内容。
24006,Ugww-zSX_n9yW0SnviZ4AaABAg,0,3 years ago,i can't get enough of these videos the lambs the puppies her exquisite skillthese these are the most serene in god filledl videos i love them,我无法获得这些视频，羔羊幼犬她精致的技巧，这是我爱他们的上帝填充视频中最安静的
25131,UgzlMUx7Ug8lCR-1bOZ4AaABAg,0,3 years ago,"this beautiful girl works a lot ... has a lot of skills, but seems to be explored. i have this impression.",这个美丽的女孩工作很多...有很多技能，但似乎正在探索。我有这种印象。
25964,UgwxwBC9ckkGBzF-IPZ4AaABAg,0,3 years ago,"first of all she is naturally beautiful. she has a lot of skills. she is strong too lol she can carry heavy loads of fruits. she has two assistants yes but she directs most of her videos. i just love how she can just cook anything or do anything like make her dye her dress, embroided clothing or pillowcases. and how she handles things with care. people in her town said she is a very hardworking person. intelligent and has talent. she is just amazing. makes me wanna plant and make a beautiful garden. she inspires millions of people around the world. she is a real life amazing princess.",首先，她天生美丽。她有很多技能。她太坚强了，大声笑她可以携带大量的水果。她有两个助手是，但她指导了大多数视频。我只是喜欢她如何做任何东西或做任何事情，例如使她的衣服，绣花衣或枕套染色。以及她如何小心处理事情。她镇上的人说她是一个非常勤奋的人。聪明并且有才华。她真是太神奇了。让我想种植一个美丽的花园。她激发了世界各地数百万的人。她是一个现实生活中令人惊叹的公主。
28602,UgwvlmBEZVybrDm7ujx4AaABAg,0,3 years ago,"this woman knows how to do just anything and everything. she knows how to forage, cook and preserve food, she knows how to make beautiful furnitures from bamboos, she knows embroidery, she knows how to sew and dye a dress, she knows how to make strings from her sheep's wool and i've only watched like 3 of her videos??? most of us go to universities to learn only one of those skills??? what????",这个女人知道如何做任何事情。她知道如何觅食，做饭和保存食物，她知道如何用竹子制作美丽的家具，她知道刺绣，她知道如何缝制和染色，她知道如何用绵羊的羊毛制作弦看着她的3个视频？？？我们大多数人都去大学学习其中一种技能？？？什么？？？？
25999,Ugx9dJ_Gy-4LDYHYneZ4AaABAg.8zrykg_VVxf9-N2aN2wuyD,0,3 years ago,damien asendorf it does romanticize it a bit. but itโ€s cool to know she can cook like this and is very skilled at it.,达米安·阿斯多夫（Damien Asendorf）确实将其浪漫化了一点。但是很高兴知道她可以这样做饭，并且非常熟练。
26948,UgyGDhnD8GOD5cpwPyF4AaABAg,0,3 years ago (edited),woow her skills are amazing.,她的技能很棒。
27009,UgytoADga1YV3fmneu94AaABAg,0,3 years ago,"for a woman who did so much of tough works, her fingers are surprisingly soft and pretty. 
i am not saying the video itโ€s total fake, but it is definitely scripted, very well written each steps, and the camera shooting were above professional, i am not surprised if thereโ€s a professional team behind this video, and a much older experienced person to teach her how to do. and she probably had some experiences of her own and she learnt quick, she was pretty skillful in the video you can see. but the quality of the filming, the flow make it hard to believe that thereโ€s no golden production team behind its making","对于一个做很多艰苦工作的女人来说，她的手指令人惊讶地柔软而漂亮。
我并不是说视频是完全假的，但是它肯定是脚本的，每个步骤都写得很好，而且相机拍摄均高于专业，如果此视频背后有专业团队，我并不感到惊讶，还有一个老年经验丰富的人来教她怎么做。她可能有自己的经历，她学得很快，她在您可以看到的视频中非常熟练。但是拍摄的质量，流程使很难相信其制作背后没有黄金制作团队"
27334,UgwoBK95SLTCe-m60uJ4AaABAg.8zKMCb-XwpB93khr5o6L6M,0,3 years ago (edited),i'm amazed with her skills.,我对她的技能感到惊讶。
28094,UgzijUf9gElv6KyDSuF4AaABAg,0,3 years ago,"i am amazed by her skills, but the setting is too good to be true.. everything around her looks like its set up in perfect order a bit too perfect. every door and window, even how hand made stuff has a cinematic feel to it..good job by tourism development and culture promotion department of china.. we may not believe but all this rich and vibrant culture was considered old and was burnt away by communists.. hope people there are happier now in modern times..love the theme..and girl is really talented.. good camera work..",我对她的技能感到惊讶，但是设置太好了，无法实现。.她周围的一切看起来都完美地设置了一些完美的设置。每个门和窗户，即使是手工制作的东西也有电影的感觉。.通过中国旅游业发展和文化促进部的好工作。我们可能不相信，但是所有这些富裕而充满活力共产主义者..希望人们现在在现代更快乐。
28504,Ugx1U3FVMqqEizM9cc54AaABAg.8yULX7QVGYw8yW7u_tbDP2,0,3 years ago,"awesome space yes. she has a team. but i believe that her skills, house, plants and her love to her grandma are true. we can feel the natural life without phone, internet and crowd cities.",很棒的空间是的。她有一个团队。但是我相信她的技能，房屋，植物和对奶奶的爱是真实的。没有电话，互联网和人群城市，我们可以感觉到自然的生活。
28517,UgwrC7FHfvUuB2XAb_94AaABAg,0,3 years ago,"liziki you are the brightest star on this earth ...hope you will shine for ever with your skills and talent forever.๐ค—๐ค—๐ค—
love you from india","利兹基（Liziki）你是地球上最聪明的明星...希望您永远以自己的技能和才华永远发光。
来自印度的爱你"
52494,UgxsGi6NlJgpXOu0gP14AaABAg,0,4 years ago,when will it be as skillful as a lice,什么时候会像虱子一样熟练
