,cid,votes,含peaceful,含peaceful中文翻译
3065,UgxK7tTx9vC9pt59mmJ4AaABAg,634,"as we can see in the videos, the background of the forest, farms, yards, cooking stoves and utensils are real. in the past especially for the chinese people our ancestors work hard on every inch of lands they have. they make use of everything that nature provides to them. generation by generations the land grew flourish. this final generation from baby boomers era (like the grandma) likely the last of their kind, because due to the changes of modern and tech/gadjets world. not many still living up the life just like showed in the video because the generation x,y and z are working and living in cities to find income and mostly leaving the old man/woman at their village. in the end leaving the lands and farms unattended (because grandpa/grandma are already old to work and care the lands).
most end up selling their land and the money the new generation get were invested in businesses, building or renovating house in the cities or in another country, etc. 
as you saw in the video, you can see herbs, clean ponds and rivers, varieties of vegetations, animals like birds, chicken, duck, are well taken care of. these are their daily source of food because there are no supermarket nearby where you can buy from there. thus, why need to buy if you can get it fresh from your own farm? chinese are particular in what they eat (diets and healthy) so they grew herbs, vegetables and live stocks. that is how the baby boomers generation survived along the years away from town or cities. 
the beautiful lady is one of the most impressive grandchild in her family. not just beautiful but also hardworking, diligent, caring and humble because she still carry on her family's tradition and the lands. she learns all sorts of cooking, fermenting, recipes could be mostly from her grandparents which is oustanding. 
i too once lived like hers until i was 19 years old and i loves everything just like hers until my grandma passed away and the land was sold by my uncle that year. 
the memories i had never perish. i still remember the smell in the morning when i'm standing in the middle of the farm, the morning dewdrops on the leaves and grasses, the sounds of birds and water flowing in the small river, the bamboo forests in the evening like golden, chasing gooses, collecting the chicken eggs, collecting the sap from rubber trees, the soothing cold wind on the pepper farm hills, catching grasshoppers among the grasses, catching fireflies at night, the smell of firewood burning while boiling hot water, the food that my grandma used to cooked, my cousin shouting from afar teasing me while plucking potatoes from the ground, etc. i misses all that when i watched the video. 
i did went back to the village a few years ago but it wasnt the same anymore and the place changed alot and the farm wasnt like it used to be like. the peaceful life that i missed.","正如我们在视频中所看到的那样，森林，农场，院子，烹饪炉和餐具的背景是真实的。过去，尤其是对于中国人民，我们祖先在拥有的每一英寸土地上都在努力工作。他们利用自然界提供的一切。几代人的一代人的土地蓬勃发展。来自婴儿潮一代时代（像奶奶一样）的最后一代可能是同类的最后一代，因为由于现代和技术/gadjets世界的变化。 X，Y和Z一代在城市工作并居住在城市中，并大部分将老人/女人留在他们的村庄里，所以并没有多少人像视频中的生活那样过上生活。最后，离开土地和农场无人看管（因为爷爷/祖母已经在工作和照顾土地上已经老了）。
大多数人最终出售了他们的土地，以及新一代获得的资金投资于企业，在城市或另一个国家建造或翻新房屋等。
正如您在视频中看到的那样，您可以看到草药，干净的池塘和河流，各种植被，鸟类，鸡肉，鸭子等动物。这些是他们的日常食物来源，因为附近没有超市可以从那里购买。因此，如果您可以从自己的农场获得新鲜，为什么还需要购买呢？中国人在吃的东西（饮食和健康）中是特别的，因此他们种植了草药，蔬菜和活蛋。这就是婴儿潮一代在远离城镇或城市的几年中生存的方式。
美丽的女士是她家庭中最令人印象深刻的孙子之一。不仅美丽，而且勤奋，勤奋，关怀和谦虚，因为她仍然具有家人的传统和土地。她了解各种烹饪，发酵，食谱可能主要来自她的祖父母，这是罢工的。
我曾经像她一样像她一样生活，直到我19岁，我都喜欢像她这样的一切，直到我的祖母去世，那一年我的叔叔出售了这片土地。
我从未灭亡的记忆。我仍然记得早晨，当我站在农场中间时，早晨的气味，叶子和草地上的碎屑，小河中鸟类和水的声音，傍晚的竹林像金色一样，追逐鸡蛋，收集鸡蛋，从橡胶树中收集树液，在胡椒农场山上舒缓的冷风，在草中捕捉蚱hoppers，在晚上捕获萤火虫，柴火的气味在沸腾的热水时燃烧，食物，我是我的食物。奶奶曾经煮过，我的堂兄从远处大喊大叫，一边从地上摘下土豆，等等。
几年前，我确实回到了村庄，但不再一样，这个地方改变了很多，农场不像以前那样。我错过的和平生活。"
22960,UgzH7KKKJzSidK9EZ9d4AaABAg,303,watching her videos have become my stress reliever from the crowded and busy city. it’s so peaceful and makes me love nature even more! ♥️,观看她的视频已成为我拥挤而繁忙的城市的压力减轻。它是如此的和平，使我更加爱大自然！ ♥谢
9013,UgzhzWVbJJOaHS4REKt4AaABAg,208,"an interesting observation: many western families grow beautiful flowers in their gardens, but in a chinese garden you are much more likely to see a great variety of vegetables such as peppers, tomatoes, eggplants, etc: just enough to supply a small family. they are as colorful and pretty. i believe such style reflects certain aspects of chinese culture and philosophy of life. grown up in china, i have always been pursuing a quiet, peaceful and self-sufficient life. and i found it in this film.",一个有趣的观察：许多西方家庭在花园里种美丽的花朵，但是在中国花园里，您更有可能看到各种各样的蔬菜，例如辣椒，西红柿，茄子等：足以提供一个小家庭。他们是丰富多彩的。我相信这种风格反映了中国文化和生活哲学的某些方面。在中国长大，我一直在追求安静，和平和自给自足的生活。我在这部电影中找到了它。
25710,UgwER2qnmVJ7VmOqujl4AaABAg,131,man.... just take me there with her...and i’ll leave my job and shitty things in city life...it’s so peaceful and absolutely satisfying.....,伙计....只带我到那里...我会离开我的工作和卑鄙的事情……这是如此宁静，绝对令人满意.....
21324,Ugw6bGalG6GxpFvlT0B4AaABAg,122,"i am from rural china. many of the pictures in the video remind me of my life, but the clothes i wear when i was young were not so clean.
i am very fortunate to be born in rural china. although there are houses and cars in shenzhen now, i still like and miss the life in rural areas when i was a kid. ... especially in the summer, the air is cool, there are many wild fruits, and you can swim to catch fish in the clear river.
my wife always complains to me why i have to return to the remote countryside every long vacation. where did she understand that only when i returned to the countryside i was familiar with, i could enjoy the peaceful peace of mind.","我来自中国农村，视频里面的很多画面让我想起小时候的生活，只不过我小时候穿的衣服可没这么干净。
我很庆幸出生自中国农村，虽然现在在深圳有房有车了，但我还是喜欢也很怀念小时候在农村的生活。.....尤其是夏天的时候，空气凉爽，野果又多，还可以到清澈的河里游泳抓鱼。
老婆老是向我抱怨，为什么每次长假都要回到边远的农村。她哪里明白，只有回到我熟悉的农村，我才能享受几天心的安宁。"
29079,Ugy_rv69BA1VHfhSQsR4AaABAg,107,"hello,i'm from vietnam,my grandfather often watch your videos and he very like it. he said : "" you very beautiful and you cook very well"" .he wishes he had a peaceful life like you . love you",您好，我来自越南，我的祖父经常观看您的视频，他非常喜欢。他说：“你很漂亮，你做得很好。”他希望他过着像你一样和平的生活。爱你
9101,UgwfzJm9c_AVWwZPV694AaABAg,104,"she is a life artist, she make picking vegetable, cooking , so graceful and peaceful. present it so well. love to watch her video.",她是一位生活艺术家，她做菜，烹饪，如此优雅而宁静。很好地呈现。喜欢看她的视频。
11732,UgyECAhI2fD_muFIK214AaABAg,98,"i wish i'm in that place so quiet and peaceful, be safe liziqi",我希望我在那个地方如此安静和和平，安全地
19350,UgxWWLZSky29EJsezpp4AaABAg,83,"this is basically studio ghibli in real life... so peaceful, so beautiful, so natural and so holistic, what a life.",这基本上是现实生活中的吉卜力工作室……如此宁静，如此美丽，如此自然，如此整体，多么美好。
25602,UgxHsgRpANCCm8gOQEx4AaABAg,74,their life is so peaceful.....wanna be like them,他们的生活是如此宁静.....想像他们一样
5305,UgyaFIYSzsLol9Gr7jF4AaABAg,56,"the sounds, the visuals... everything seems so peaceful! i wish i could spend a month there just to detox and get back close with nature.",声音，视觉效果...一切似乎都很宁静！我希望我可以在那里度过一个月的时间来排毒并与大自然联系起来。
14790,UgyX2fojD4McHy5R2l94AaABAg,46,"i miss this kind of life in our province.those kind of foods, the way she cooked thats how we cook our food before its a healthy living. this shows simple life in a province. peaceful and contented with what you have.",我想念我们各省的这种生活。这些食物，她烹饪的方式就是我们在健康生活之前烹饪的方式。这显示了一个省的简单生活。和平，满足于您所拥有的。
4114,Ugye0kSYeLdQW_-j1_54AaABAg,45,"i love your videos! they are so peaceful and the epitome of what i want someday for my life. i always come back to this one and the year of the pig chinese new year! they are two of my favorites (though the newest new years video was amazing!). much love from florida, usa",我爱你的视频！他们是如此的和平，是我一生中想要的东西的缩影。我总是回到这个新年猪新年的那一年！它们是我的两个最爱（尽管最新的新年视频很棒！）。来自美国佛罗里达州的很多爱
33416,Ugy03CkKsPIFS7k_9nV4AaABAg,44,"i bet her life is so peaceful...and yet again she is a huge role model for all of us in this materialistic world
...
proud of her... i thank youtube for recommending this channel to me.......
its really great....","我敢打赌，她的生活是如此和平……而且她又是这个唯物主义世界中所有人的巨大榜样
...
为她感到骄傲...我感谢YouTube向我推荐此频道。
它真的很棒。"
9582,UgzVKislw8YT9ltJnad4AaABAg,38,the place is so peaceful. i also want to live there.,这个地方是如此和平。我也想住在那里。
30835,UgxCu5OSfZhBvzyVaJh4AaABAg,31,"the small bamboo shoot look so cute 
lately they say snails has lots of good things to healthy young skin 

so beautiful peaceful video
thank you","小竹芽看起来很可爱
最近他们说蜗牛对健康的年轻皮肤有很多美好的事物

如此美丽的和平视频
谢谢"
24212,Ugz70msks_b7G0fXLRJ4AaABAg,25,"watching from jamaica 
such a peaceful and calming video
shout out to all the caribbean peeps watching this","从牙买加观看
如此和平与平静的视频
向所有加勒比海窥视大喊看着这个"
9131,Ugz2srM7s5meV--7YVl4AaABAg,24,"like this kind of lifestyle, peaceful and quiet.",像这种生活方式，和平与安静。
1887,Ugww5ol5GJURmwgV0yR4AaABAg,21,i wish i could admire the landscape & experience real life with youtuber. thank you for contributing the truth of the peaceful countryside. i am vietnamese and i admire her.,我希望我可以欣赏景观并与YouTuber体验现实生活。感谢您贡献和平乡村的真相。我是越南人，我很欣赏她。
27845,UgwTWO_iNGdUKRP3snp4AaABAg,20,damn!! i can feel the peacefull life after watch this,该死！！我可以感觉到这次放松之后的和平生活，感觉就像我想在印度尼西亚☘觉之外生活。
19145,UgyL36VAr3xFKNwipyt4AaABAg,19,"your way of life looks very peaceful, and your food looks 好吃。",您的生活方式看起来很宁静，您的食物看起来好好。
9955,UgykU8u40JDLh8OfSS14AaABAg,18,"so serene to watch her! so calm, so peaceful! 
love from india! โฅ๏ธ","如此安静地看着她！如此镇定，如此宁静！
来自印度的爱！ ♥谢"
18218,UgwFis8As12YuknLUBZ4AaABAg,15,"there are still pickles. just looking at my heart, i feel very calm, peaceful, and give me a comfortable feeling. i started to like you",竟然还会腌菜，光是看着内心就感到很平静，安祥，给我一种舒服的感觉。开始喜欢你了
23089,UgymhEjjUGYIENlpCAx4AaABAg,14,"this lady has everything fresh vegetables, fresh fruits,beautiful flowers all in her garden good nature peaceful place what a life she live in paradise simple life but full of good memories she's very talented and very hardworking very loving to her grandmother that's why she is bless and successful because she has good heart she is beautiful inside and out nobody can do what ever she did she can do everything her body is small but she's very strong to carry heavy things wow just wow ❤❤",这位女士有一切新鲜蔬菜，新鲜水果，美丽的花朵在她的花园中的美好自然宁静的地方成功，因为她有良好的心，她的内在和外面都很漂亮
20175,Ugw79jTD8XtoaVNcRFl4AaABAg,14,"my god, this so peaceful and so relaxing....that’s an understatement mind you. liked and subscribed. ☺️",我的上帝，这是如此的和平，如此轻松。...这是你的轻描淡写。喜欢和订阅。 ☺️
25767,UgxB4C4jxQffnc2kJzZ4AaABAg,13,beautifully filmed and edited! this life looks so beautiful and peaceful to me.,拍摄和编辑精美！这一生对我来说是如此美丽和宁静。
13140,UgxUh2MZ0yEfFyvrA1Z4AaABAg,13,such a peaceful life and she uses everything from the earth!,如此和平的生活，她利用地球上的一切！
24418,Ugx-NRboIJDZ8Wkjka54AaABAg,11,that granny is lucky to have such a caring granddaughter. so peaceful to watch it.,那个奶奶很幸运有这样一个有爱心的孙女。如此宁静地看着它。
33474,UgyMciXaKAAAvdoCy9F4AaABAg,11,"i love the way she cooks, it’s just so peaceful and mesmerising and it also reminds me of the olden days.",我喜欢她做饭的方式，它是如此的和平与迷人，也让我想起了过去的时代。
28000,Ugx1WY5JExPYRwUI8JR4AaABAg,10,your video are so lovely and it has a calming and peaceful effect on,您的视频是如此可爱，并且对保持良好工作的镇定和和平影响
25527,UgwgcicItqLWYlNcWI14AaABAg,10,i hope the whole world will become as peaceful as this.,我希望整个世界都会像这样变得和平。
18552,UgyftR_VY4yxe8ZpG0N4AaABAg,9,"this is so amazing to watch . i wish i could live like this, i'm sure its very hard but being one with nature and being able to supply for your family from what your landscape offers is such a magical thing. i'm jealous of how you live, you are beautiful and smart and doing amazing things for the environment. thanks for letting us watch your beautiful life. its so peaceful",这真是太神奇了。我希望我能像这样生活，我敢肯定这很难，但是与大自然的人成为一个人，并能够从景观提供的东西中为您的家人提供如此神奇的事物。我嫉妒您的生活，您是美丽而聪明的，为环境做了不起的事情。感谢您让我们观看您的美丽生活。它是如此和平
33360,UgwxZQ4DEcDWB2Tx3694AaABAg,9,i just love your peaceful videos living simple wonderful life and the noodle dish looks great.,我只是喜欢您的和平视频，过着简单的美好生活，面条菜看起来很棒。
11401,Ugx-5d2aAZv1U6QtBMx4AaABAg.97aDyK3ahgD97usPt5z3Qd,8,"logicone lol poor you. that’s not a movie set as you tried hard enough to claim. you research ability, if you have any, is poor enough as a hater. check that house from her old videos. that dream garden is made from scratch. it was not beautiful at first. it’s her grandparents’ house. check more info online, if you know how, then you should know she moved back there to take care of her sick grandmother and started to make the house different. if you did even more research, you would know there have been already people checking her life and the house by using the drone and monitors in that small village, disturbing her grandmother’s and her peaceful life, just like stalkers, which almost made her try to move to other places if it were not rejected by her granny since that’s where she has lived for tens of years. if you did know what a “research” is, you should also know there is an interview from sina news, which gives people an quick tour of how her dream garden looks like. 

and you claimed you did research... lol","逻辑大声笑可怜你。这不是一部电影，因为您努力地索要声称。您的研究能力（如果有的话）作为仇恨者足够贫穷。从她的旧视频中检查房子。那个梦想花园是从头开始的。起初它并不漂亮。这是她祖父母的房子。在线检查更多信息，如果您知道如何，那么您应该知道她搬回那里照顾自己的祖母，并开始使房子与众不同。如果您做了更多的研究，您会知道有人在那个小村庄里使用无人机和监视器来检查她的生活和房屋，这使她的祖母和和平的生活都像缠扰者一样，这几乎使她试图尝试如果她没有被她的奶奶拒绝，那就搬到其他地方，因为那是她已经生活了数十年的地方。如果您确实知道“研究”是什么，那么您还应该知道，新闻新闻的采访，这使人们可以快速参观她的梦想花园的样子。

你声称自己做了研究...大声笑"
33298,Ugx0E2Wvm4_pHpN1BYx4AaABAg,7,great video so peaceful!! from portland oregon usa,很棒的视频如此宁静！来自美国波特兰的美国
29449,UgzV5SRrEU2-VIvbK7h4AaABAg.8yWoRCHc-JA8yaExTyjkhI,7,"@franzpeters3824 every country has its sad or tragic history. why not accept we have a good culture and we are being better? this peaceful video still evokes your evil prejudice, shame on you",@franzpeters3824每个国家都有悲伤或悲惨的历史。为什么不接受我们有良好的文化，而且我们正在变得更好？这个和平的视频仍然唤起您的邪恶偏见，对你感到羞耻
9596,UgyA3TG6fPdSHSBwLqd4AaABAg,7,"this is it. this is the most peaceful, content and fulfilling life i can imagine.",就是这个。这是我能想象的最和平，满足和充实的生活。
10798,Ugx9gqxV7TlhVfkD2tV4AaABAg,6,i always wish to have a life just what she have right now. the simple peaceful life. you can see the satisfaction. not all people have. wish u have a healthy life.,我一直希望拥有她现在拥有的生活。简单的和平生活。您可以看到满意度。并非所有人都有。希望你有健康的生活。
27039,UgzXlDFDWD_hVdaDZqZ4AaABAg,6,"having a quiet life is good. those that talk too much do not know how to listen.

i do not live in a lush country, actually a 1 bedroom flat in the city of london, but i am blessed with a quiet peaceful life amongst the chaos. its just me, my husband and daughter, but taking care of them and my in laws, cooking, studying islam, praying and just playing with the kids has resulted in soo much inner peace and contentment. no tv but internet in home. 

thanks to help make people appreciate the quiet life.","过安静的生活是好的。那些谈论太多的人不知道该怎么听。

我不住在伦敦市的一个郁郁葱葱的国家，实际上是一个1卧室的公寓，但我在混乱中度过了宁静的和平的生活。它只是我，我的丈夫和女儿，但是照顾他们以及我的法律，烹饪，学习伊斯兰教，祈祷和与孩子们一起玩，这使人内在的和平与满足。没有电视，但是在家中的互联网。

感谢帮助人们欣赏安静的生活。"
26877,UgyIms1hOLaWVF7KU-t4AaABAg,6,"the western media often report that china is a terrible country. the government is very dictatorial, and always bully people, such as hong kong, xinjiang, and tibet. but china is very vast with 56 different nationalities, they also have a lot of social problems, but the government is working hard to solve it and narrow the gap between the rich and the poor, they try to make the chinese live better. i have lived in china for 35 years, the chinese are lovely and kind, they are peaceful, work hard and enjoy life, that's why the chinese love to cooking food so much!",西方媒体经常报告中国是一个可怕的国家。政府是独裁的，总是欺负人，例如香港，新疆和西藏。但是中国非常庞大，有56个不同的国籍，他们也有很多社会问题，但是政府正在努力解决这个问题，并缩小富人与穷人之间的差距，他们试图使中国人的生活变得更好。我在中国生活了35年，中国人既可爱又善良，他们宁静，努力工作并享受生活，这就是为什么中国人喜欢这么多烹饪食物的原因！
3392,UgzAmfkegyURBzRKuct4AaABAg,5,i want my life to be this peaceful,我希望我的生活变得和平
23409,UgxBVBYCMS7tNk1AeQh4AaABAg,5,i the kind of life you have... peaceful and bountiful... haaayyysss,我的生活……和平与富裕... haaayyysss
33848,Ugxyhd0vwFDmW3bnAUh4AaABAg,4,"you have made my life peaceful❤
god bless you","你让我的生活和平❤
上帝保佑你"
3032,Ugwa8Rwk9XqzgDVEmJp4AaABAg,4,this is what i want when i grow old leaving in a peaceful life.,这就是我在宁静生活中长大的离开时我想要的。
2894,UgzyqbFoZHH2w-6icnp4AaABAg,4,life is beautiful n peaceful when we connect with nature.. so relaxing..,当我们与大自然建立联系时，生活是美丽的和平。
18278,Ugz0HSm7t2DGvsE_jfR4AaABAg.92XiLDl10e_92iK3PKxK3H,4,@leon1779 cause all of us love the life peaceful and natrual,@leon1779，因为我们所有人都喜欢和平与自然的生活
10990,UgyIHJ23ElbXk8r6kCh4AaABAg,3,i would love to live a peaceful life like this than in the city......this is my dream life....,我很想过这样的宁静生活，而不是在城市中……这是我的梦想生活。
10687,UgxqSpb3Gk81b3ZvGH54AaABAg.98VupjufjU799npOD97aXU,3,"@xe2893 ou are such a dumbo. no matter what reason she doing (for money or just for leisure) she make people feel peaceful and stress reliever. if you cant do something like her, you should keep quiet. come back home shut the door and have self reflection and think how could you make your own life better. dont be keyboard warrior coz it will make you like a dumb clown",@xe2893 ou真是无人索。无论她做什么理由（为了钱还是为了休闲），她都会让人们感到和平和压力缓解者。如果您不能像她这样的事情，那应该保持安静。回到家关上门，进行自我反思，并认为您如何使自己的生活变得更好。不要成为键盘战士，因为它会让你像一个愚蠢的小丑
213,UgxXMZQNKWePC2v-OhN4AaABAg,3,"how wonderful. beautiful scenery and people like in the fairy world. very peaceful, beautiful, dreamy.",多么美妙。美丽的风景和像童话世界一样的人。非常和平，美丽，梦幻。
22404,Ugxf0U_unXMMBm4_65F4AaABAg.9-44izPIuzi9-n6g97PvhD,3,after marriage i can stay in dhaka (the capital and the busiest city of bangladesh) or i can stay in my in- laws village.. i will prefer to live in the village. i think this is more peaceful,结婚后，我可以留在达卡（首都和最繁忙的孟加拉国），也可以留在我的法律村。.我更喜欢住在村庄里。我认为这是更宁静的
10197,UgzqFlNxzrjZiAGeG914AaABAg,3,"this place is so peaceful and cool, if i were the owner then i would not be busy with life anymore and quietly here, it makes me feel warm and not the pressure to get rich anymore. this seems to me as a far-off wish",这个地方是如此宁静和凉爽，如果我是所有者，那么我就不会再忙于生活，在这里安静地，这会让我感到温暖，而不再是致富的压力。在我看来，这是一个很遥远的愿望
24155,Ugw7PMd34BlkxyOdepd4AaABAg,3,what a peaceful life they have...wish i could do the same and just cook food and enjoy life to the fullest!,他们拥有多么宁静的生活……希望我能做同样的事情，只烹饪食物，充实地享受生活！
23909,UgxggalCo3sgKB5ssfB4AaABAg,3,"watching the video this looks so easy to prepare but nuhhhhhh this is so damn hard to do, she's so lucky living in that place so blessed so peaceful.",观看视频看起来很容易准备，但是nuhhhhh，这真是太难了，她很幸运地住在那个如此和平的地方。
22917,UgxkczECClFufCPVAXt4AaABAg,3,i cherish to live my life such peacefully,我珍惜自己的生活如此和平
31607,UgwXcDyacnoVwyUcMid4AaABAg.8yVAfDgpCIP8yVYa1L1Awn,3,yes ! i agree with you . her video's are so peaceful & nice info too .,是的 ！我同意你的看法 。她的视频也是如此和平，也很好。
20876,Ugx-bJb65NW48RxZtxh4AaABAg,2,i like this sister too much like luning the life of a simple and peaceful nx without bothering,我非常喜欢这个姐姐，就像在不打扰的情况下摇动一个简单，和平的NX的生活
28301,UgyB4PQ5TmL1C1BlAuh4AaABAg,2,"i watch this channel to heal myself. the best channel there is, on youtube. love the sound of the spatula on the wok. peaceful cuisine comes a close second.",我看着这个频道以治愈自己。最好的频道是YouTube上的。喜欢炒锅上的刮刀的声音。和平美食紧随其后。
12353,UgyyLMkP4MtuTbl6VaB4AaABAg,2,everything you want and everything you need is already at the surroundings everything has all around you it's so nice live peacefully in this kind of place.,您想要的一切和所需的一切都已经在周围的环境中，一切都在您周围，在这种地方真是太好了。
24129,Ugx5Uhn6MDqEgKe2x_N4AaABAg.8zUIszrCZHN8zb2GIa-9s6,2,jenniecorns so relaxing with peaceful music.,珍妮科恩斯（Jenniecorns）和平音乐如此放松。
14255,UgxfDyDE9PbKGlWeV5B4AaABAg,2,i wish we could all live our lives peacefully and beautifully like this.,我希望我们所有人都能像这样和平而美好地过着我们的生活。
11209,Ugy-fIDKsGePUGZQrA94AaABAg,2,"i love her channel, it's so peaceful and really shows us how life without being on our phones and stuff is so beautiful. does she speak english?",我爱她的频道，它是如此的和平，并确实向我们展示了不在我们的手机和东西上的生活是如此美丽。她会说英语吗？
32918,Ugz3FH_-93t-gEqVUdx4AaABAg.8yUkS5gmmql8yVBV-4_Soo,2,"@richubai3863 every small detail you raised, miss li will make people feel chinese culture, the kind of peaceful, quiet and quiet beauty!",@richubai3863 你举的每个小细节，李小姐都会让人感受到中华文化，那种传承那种祥和，幽雅宁静的美好!
32821,Ugz3wSiuNu2iWAiw80B4AaABAg,2,"i bet her life is so peaceful... yet again she is a great role model for all of us in this materialistic world...
proud of her..... i thank youtube for recommending this channel to me..","我敢打赌，她的生活是如此和平...在这个唯物主义世界中，她对我们所有人都是一个很好的榜样...
为她感到骄傲.....我感谢YouTube向我推荐此频道。"
10696,UgxqSpb3Gk81b3ZvGH54AaABAg.98VupjufjU79JKoOpUYA8b,2,"agreed, modern life is full if toxic that it makes this channel feels so peaceful and mesmerising.",同意的，如果有毒使这个频道感觉如此和平与迷人，那么现代生活就充满了。
16980,UgwVz01figG9pcPUCHB4AaABAg,2,i wish we can go back and live like this kind of healthy and peaceful life.,我希望我们能像这种健康与和平的生活一样回去生活。
10673,UgxqSpb3Gk81b3ZvGH54AaABAg.98VupjufjU799_3glC_4LY,2,"@mohammedharoon8453 im not a ccp... but im an overseas chinese...
thats why i know that it is vids about 5.000 years of chinese village culture... not about ccp
actually liziqi only needs ccp support for security guards
i feel very proud that chinese has the most advanced culinary& farming culture in the world
a peaceful culture , not a civilization/culture that based on guns bombs / robberies
ur just jealous. shame on u","@Mohammedharoon8453我不是CCP ...但是我是海外的中国人...
这就是为什么我知道这是中国乡村文化约5。000年的视频...与CCP
实际上，利兹奇（Liziqi）只需要CCP支持安全警卫
我为中国人拥有世界上最先进的烹饪和农业文化而感到自豪。
一种和平的文化，而不是基于枪支炸弹 /抢劫的文明 /文化
你只是嫉妒。对u"
19586,UgwKjZWkmDE3g0QAVod4AaABAg,2,wish i could live like that it looks so peaceful and relaxing and that beautiful garden and land so much support for her and her mom,希望我能像这样生活，看起来如此宁静和放松，美丽的花园和土地为她和她的妈妈提供了很多支持
26707,UgwYyFxWjEyjoI_rN494AaABAg,2,"it looks so lyrical and peaceful, so i feel comfortable all the time. the delicious dishes are a bonus haha",它看起来是如此的抒情和和平，所以我一直都很舒服。美味的菜是一种奖励哈哈
12480,UgxHzBHmSViLYHxKkgt4AaABAg,2,"she's is living the life i always wanted deep in my heart but never did. she's the woman i always wanted but i am not good enough for her. her skills impress me so much. i am jealous of her peaceful life, art and style. she must be a happy person. she deserve it.",她过着我一直想深入的生活，但从未过。她是我一直想要的女人，但我对她还不够好。她的技能给我留下了深刻的印象。我嫉妒她的和平的生活，艺术和风格。她一定是一个快乐的人。她应得的。
1639,UgxqFaFCYOH8mbRj3pt4AaABAg,2,"how life is supposed to be: peaceful, graceful and full of light. god bless you!",生活应该如何：和平，优雅和充满光明。上帝祝福你！
19236,UgwiAiSytG6Lt0iXR6l4AaABAg,2,i really enjoy watching her. she is so skilled and the video has a peaceful quality about it.,我真的很喜欢看她。她是如此熟练，视频具有和平品质。
25622,UgxHsgRpANCCm8gOQEx4AaABAg.8z01C08josy8zDqNZ6aLDU,2,no ones life is peaceful and easier as you think. it depends on people nature can they make it easy or not! everyone has to struggle a lot in daily life. and some people are very strong who have slient tears behind the their heart stealing smile,您想象的是，没有人的生活更加和平，更容易。这取决于人的大自然，他们是否可以使它变得容易！每个人都必须在日常生活中挣扎很多。有些人非常强壮，他们的心脏偷走了微笑的泪水，
22624,UgwJ8scCnalwXShefZx4AaABAg,2,"chinese fairy tail. organic peaceful living. to beautiful to be true. propaganda at its best. 
sweet dreams everyone","中国童话尾巴。有机和平生活。美丽的真实。最好的宣传。
大家甜蜜的梦"
17593,UgyCe6ouhf9RYhQAJrZ4AaABAg.92ifb9pcRNP92u_ufkfGea,1,"joey josef see but to me, it doesn’t matter if it’s real or faked. as long as it makes me feel happy and peaceful, who cares if it’s real or not.",乔伊·约瑟夫（Joey Josef）看，但对我来说，这是真实的还是伪造的。只要这让我感到快乐与和平，谁会在乎它是否真实。
25822,UgzfgmQCSc23c-D9Qqt4AaABAg,1,"i want to live like this. off the land, self sufficient, peaceful",我想这样生活。在土地上，自给自足，和平
14624,UgynuRCNtRvb5cOeW5V4AaABAg,1,"these videos had taken me to a whole new level of a long lost world that i'm longing to live in and experience its peacefulness...the beautiful scenery, the sounds of insects and birds chirping away and running water and seeing you li ziqi gathering food from the garden and in the wild makes me wonder what have we been living in...stressing ourselves 's chinese new year",这些视频使我进入了一个渴望生活并体验和平的漫长世界的全新水平...美丽的风景，昆虫和鸟儿的声音在吹口水，流水，看到你李Ziqi从花园里收集食物和野外，让我想知道我们一直在生活...强调自己
16831,UgxjySQyWB6VBun_lLt4AaABAg.92qrT3Z16hI93HwwU5gTQN,1,"when you think li ziyi's video is fake, the rural areas are not like this at all. i want to tell you that rural china is indeed not like this.
but showing the true appearance of rural china is not the theme of her video at all. the reason why you see such a beautiful video will cause discomfort because it subverts your impression of china, this is not china you know.
the real china should be messy and the people's quality is low. you are embarrassed and even painful for this. you instinctively resist the beautification of china, so you are skeptical of the video here.
many people have ""escaped"" or hope to ""escape"" china because of the status quo of contempt china. however, they may not expect that inferiority in their hometown will always be wrapped like a nightmare. when people enjoy the beauty and tranquility of li zihuan's video, they feel dislike and anger; when people admire china's development and progress, they will not have a hint of joy; a developed country feels that china's threats want to curb china some people even become accomplices. those who despise themselves are actually scornful. china is their demon, as long as they mention them, they will suffer.
i want to remind these people that 1.4 billion people living in china are also flesh and blood, and they are pursuing a happy and peaceful life. they also have their own creativity and imagination. why can't they create such high -level works? why can't china be beautiful?
those who feel that you are offended, if you are abroad, please leave this channel quietly, forget everything about china, and hope that you can live easily and have dignity. if you are in china, please open your eyes and look at everything around you, maybe more beautiful things are waiting for you to discover. even if you can't find it, spend more time to accompany your family, it is a beautiful thing.


——the above is just written to those chinese who have been demon","当你们觉得李子柒的视频是假的，中国的农村根本不是这个样子，我想对你们说，中国的农村确实不是这个样子。
但展示中国农村的真实面貌根本不是她视频的主题。你们之所以看到如此唯美的视频时会产生不适，是因为它颠覆了你们对中国的印象，这不是你们了解的中国。
真实的中国应该环境脏乱，人民素质低下。你们为此感到难堪，甚至痛苦。你们本能的抵制美化中国的事物，因此才对这里的视频持怀疑态度。
有许多人因为鄙夷中国的现状“逃出”了或希望“逃出”中国，然而他们也许没料到，对于自己故乡的自卑将永远如梦魇一般缠绕。在人们享受李子柒视频的唯美与恬静时，他们感到的是厌恶和愤怒；在人们赞叹中国的发展进步时，他们也不会有一丝喜悦；某发达国家感受到中国的威胁想要遏制中国时，有些人甚至成为了帮凶。那些鄙夷自己出身的人，其实也在鄙夷着自己。中国是他们的心魔，只要一提起他们就受煎熬。
我想提醒这些人，生活在中国的14亿人口，他们个个也都是有血有肉，他们都在追求幸福平静的生活。他们也都有各自的创造力和想象力，怎么就不能创造出这么高水平的作品来呢？中国怎么就不能有美好的事物了呢？
那些觉得自己受到冒犯的人，如果你身在国外，请你安静的离开这个频道，忘掉关于中国的一切，同时希望你活得轻松些，有尊严些。如果你身在国内，请你睁开眼重新打量一下周围的一切，也许还有更多美的事物等着你去发现。即便发现不了，多花些时间陪陪家人，也是美事一桩。


——以上只是写给那些着了魔的中国人"
18439,UgxXmmSXsV4bk_pTO714AaABAg,1,"regardless of whether making tofu, chili sauce, dried beef or crab, all videos of ly tu that, a 29 -year -old girl who owns 7.5 million followers on youtube and about 20 million fans on weibo, are all the substance contains nostalgic features and lights up the desire for peaceful life in the countryside,",无论制作豆腐，辣椒酱，干牛肉或螃蟹，所有的ly tu视频，一个29岁 - 年龄的女孩，在YouTube上拥有750万关注者，在微博上拥有约2000万粉丝，所有物质都包含Nostalgic的特征并阐明了乡村和平生活的渴望，
14249,UgzF2-FWL_O_BMy5DtZ4AaABAg,1,success in life is being peaceful and happy. lesson learnt.,生活的成功是和平与快乐。学习到教训了。
16501,UgxIG3fYzbHdN6VBcf94AaABAg,1,dont know why but seeing her feels so peaceful.,不知道为什么，但是看到她感到如此和平。
15584,UgzyGssLUrvj7Cm3Vbp4AaABAg,1,i always feel peaceful after watching the channel,观看频道
26231,UgzO9r_h48q_tZMlA694AaABAg,1,"i feel like u guys live just on the other side of the mountains man, lol which u do. i am from one of the himalayan states of india. i enjoy watching these video there are so peaceful. thank you.",我觉得你们生活在山的另一侧，大声笑。我来自印度的喜马拉雅州之一。我喜欢观看这些视频是如此宁静。谢谢。
25638,UgzfXwRxbydrN61QcMh4AaABAg,1,it looks so peaceful and you want to stay with this c,它看起来很宁静，您想和这个C在一起
26470,UgwFvHiKX-YQrymRxUF4AaABAg,1,"or too want to live a peaceful life in the countryside so much, the scenery is peaceful, the charming trees, the simple food without having to have a strange delicious dish, what a dream life !! !!",或者也想在乡村过上宁静的生活，风景是宁静的，迷人的树木，简单的食物，而不必有一个奇怪的美味菜，多么梦想的生活！！！
26477,Ugw8gelqMPrD9ttpoSV4AaABAg,1,"i am vietnamese, i feel very relaxed when watching your video, it's really peaceful, really peaceful, i love this channel ...",我是越南人，观看您的视频时，我感到非常放松，它真的很宁静，非常和平，我喜欢这个频道...
25623,UgxHsgRpANCCm8gOQEx4AaABAg.8z01C08josy8zFBYyPrf4f,1,"it may look peaceful, i lived w my grandma in a somewhat similar place like this for 4 days and i just wasn’t very comfortable there, it was a lot of work to do things since they didn’t have electricity.",它看起来可能很宁静，我在像这样的地方住了四天，我在奶奶里住了4天，而我在那里并不舒服，因为他们没有电，这是很多工作要做的事情。
13161,UgwiNjwgK5yh8sjR2PB4AaABAg,1,iove her life style it's hard working but calm and peaceful it seems nice,我使她的生活方式很难工作，但是平静而和平，看起来不错
3649,UgzMlZbE0g6tVOgsNvV4AaABAg,1,so admired way of living peaceful life with ur unique way,因此，以您独特的方式生活方式的生活方式
33170,Ugwg1zIlZ6O3KVoqHzZ4AaABAg.8yUf63ay4nS8yV28U6tgWg,1,"hello from vietnam! this vid is really relaxed and peaceful to enjoy the weekend, right? :)",来自越南！这个vid真的很放松，享受周末，对吗？ :)
31881,UgyNfoSa36A2FD-g7WJ4AaABAg,1,ow man they eat peacefully everything is edible i like that no tension...,哦，他们和平吃的一切都可以食用，我不喜欢那种紧张...
31656,UgyU8lQ3_HWOAi9OAyd4AaABAg,1,"can i give you a suggestion to you a little sub? thank you for the sub, but can you only sub the words or dialogue in the video? sub is sometimes too personal and inserted with unnecessary words. liziqi's video is very peaceful and peaceful to see the scene mainly, sometimes curious liziqi and what she says to each other, the conversations are not sub. sometimes there are sub friends also insert sub ads for her channel, so it is very difficult to understand and uncomfortable. i said frankly, i hope you are sympathetic.",我可以向您提供一些建议吗？谢谢您的潜艇，但是您只能在视频中删除单词或对话吗？ Sub有时太个人化，并用不必要的单词插入。 Liziqi的录像带非常和平，很安静地看到现场，有时是好奇的Liziqi以及她彼此所说的话，对话不是sub。有时，有子朋友还为她的频道插入子广告，因此很难理解和不舒服。坦率地说，我希望你很同情。
33434,UgzYXv9FK9xtvbBMpQJ4AaABAg,1,i also want to live a peaceful cs like that ✔,我也想过像这样的和平的CS✔
4151,Ugz06hQA6aUEJPKDbl94AaABAg,1,"it's great to need vegetables just picking up ...
live in the village with simplicity more peaceful ..","很高兴需要蔬菜，只是捡起...
生活在村庄里，更简单。"
28116,UgzQz_Kh7UohBB76KTB4AaABAg,1,a very peaceful and beautiful countryside,一个非常宁静和美丽的乡村
19141,UgyrWpj5DpQ7ND6wY0B4AaABAg,1,i like this kind of life so peaceful,我喜欢这种和平的生活
5784,Ugy5JmlyP78m22q0qx14AaABAg,1,"everything what we need to survive is here , i'm lucky i onced experienced this as a kid ,i'd like to go back & experience this again but our place is not like this anymore, one day i will find a place like this again & leave peacefully with nature until i die โค",我们需要生存的一切都在这里，我很幸运，我小时候就经历过这种经历，我想回去再体验一下，但是我们的地方不再像这样了，有一天我会找到这样的地方再次和和平地与大自然离开，直到我死了❤
34477,UgxRH_1HgWfcqu8Baep4AaABAg,1,"it's always loving and peaceful watching your video...
#mashungmizingkhai","观看您的视频总是充满爱心和和平的...
#mashungmizingkhai"
21370,UgyTWxcORe7iVOo9h0t4AaABAg,1,i like to live in the countryside like this. peaceful to incredible!,我喜欢这样住在乡村。和平到不可思议！
4918,UgzDGig2nRmII3g0Utp4AaABAg,1,this video is so peaceful,这个视频是如此和平
10690,UgxqSpb3Gk81b3ZvGH54AaABAg.98VupjufjU799pneizUXb6,1,so true ..hw i wish to be like her life .so peaceful and full of love ..shes such a good example of a loving and contented fine lady ...,如此真实。
28232,UgxNYhIa1VpG0L3nNqZ4AaABAg,1,"she seems to do everything with so much deep calmness and peacefulness. <3 
how can one reach that?","她似乎以如此深厚的平静与和平来做一切。 <3
一个人怎么能达到这一点？"
21839,UgwMBquNUCtc8PrUrq14AaABAg,1,"what a peaceful way to live in the heart of mother nature where everything is provided for! i'd live here in simplicity, quietness and oneness with all that",在提供一切的地方，是一种生活在大自然中心的宁静方式！我会以简单，安静和统一的方式生活在这里
11603,UgxYvQ_WZafa5tkgcAB4AaABAg,1,damn i didnt know i had soft heart till i watched this video...its peaceful,该死
33431,Ugy03CkKsPIFS7k_9nV4AaABAg.8yUbaCQrcWw8yUpduIYNdL,1,unfortunately her life is not so peaceful at all. she was being chased by crazy fans and competitors harrassed her with drones hoovering over and people traspasing her property she had to move because her old grandma was not coping with the intruders,不幸的是，她的生活根本不是那么和平。她被疯狂的粉丝追赶，竞争对手骚扰她，无人驾驶飞机徘徊，人们不得不移动她的财产，因为她的老祖母没有应对入侵者
22738,UgzlgC7NwWQ7aEU1F1N4AaABAg,0,i loved the peaceful natural ambience and the way she cooks variety hope to try sumtime lyk dis wen we give back to nature nature gives back to us,我喜欢和平的自然氛围以及她烹饪的方式，希望尝试sumtime lyk wen我们回馈自然自然回馈我们
25081,UgwJ407GeFnozRJPKFB4AaABAg,0,"its great to watch.. or ever live there.. so peaceful...
wonder where did she learn english","很高兴观看..或曾经住在那里..如此宁静...
想知道她在哪里学习英语"
24106,Ugxo_oxaWCvcDQ2UM5B4AaABAg.8zUvI546PxY8zV8tI4I80_,0,@kmpoon2550 xinjiang and tibet are peaceful and safety enough rather than chaos as someone said.,@kmpoon2550 xinjiang和西藏是和平与安全的，而不是像某人所说的那样混乱。
25154,UgwOSkWdprDJehXzxcF4AaABAg,0,"beautiful girl , beautiful place , peaceful life。",美丽的女孩，美丽的地方，和平的生活。
22564,UgxL5h63-yttUmqUHCN4AaABAg,0,that place is so peacefull,那个地方是如此和平
22450,UgwHxU7a_4e2cN8qAtB4AaABAg,0,life is so peacefully away from the noisy lifestyle in the lavish cities that are increasingly expanding to return to a quiet countryside to live a peaceful simple life that is the dream of many people. hope you can produce many meaningful videos like this so that everyone can feel. good luck,生活如此和平地远离奢侈城市中繁华的生活方式，这些生活方式越来越不断扩大，以返回一个安静的乡村，过着和平而简单的生活，这是许多人的梦想。希望您可以制作许多这样的有意义的视频，以便每个人都能感觉到。祝你好运
22321,UgxpXV4BEcvLf2ZDipJ4AaABAg,0,"i think i want to live a life like her, healthy and delicious foods, an organic way of planting fruits and vegetables, peaceful place, beautiful views and fresh air",我想我想像她一样生活，健康可口的食物，一种种植水果和蔬菜的有机方式，宁静的地方，美丽的景色和新鲜空气
25202,UgyYIUMm7wDCVbDcCwN4AaABAg,0,"awwwww so peaceful there, to live there until the end would be awesome, away from all the dramas. even the food is lovely. as for the hard working young lady she's beautiful, princess of the garden. thanks for sharing your paradise with us.",在那里如此宁静，到那里住在那里，直到最后会很棒，远离所有戏剧。甚至食物也很可爱。至于勤奋的小姐，她很漂亮，是花园的公主。感谢您与我们分享您的天堂。
22710,UgwI4biDZrKV438OcLx4AaABAg,0,very peaceful.! want to be in a place like this.,非常和平。！想在这样的地方。
24836,UgxpgaiJbEcAW6570jd4AaABAg,0,it is so beautiful to watch your cooking and how you respected your ingredients. thank you for making these videos. it is really peaceful. it made me really miss living in asia.,观看您的烹饪以及如何尊重成分是如此美丽。感谢您制作这些视频。真的很和平。这让我真的很想念住在亚洲。
22850,UgzUoKkn4sGG_S9_TAp4AaABAg,0,this is such a satisfying video i wanna live there too it seems so peaceful ❤️.,这是一个令人满意的视频，我也想住在那里，似乎是如此宁静。
25071,UgyKqLdYocJxQNDNc314AaABAg,0,life is too peaceful. vietnam,生活太宁静了。越南
24857,UgykNjuHkWqfrvMDVJt4AaABAg,0,rural life is peaceful and happy !!!,乡村生活是和平与快乐的！！！
24502,Ugxns1ziOl9UogFQhpR4AaABAg,0,why is it so peaceful,为什么如此和平
23024,UgyL2nR6ubVL84czbx14AaABAg,0,looks peaceful,看起来和平
23518,UgwUfxAQCpWfRG578mJ4AaABAg,0,"a peaceful life, there is no bon chen ❤️",和平的生活，没有邦陈❤️
24286,UgxRxDG9R6t5jNGXw4t4AaABAg,0,i wish i was there. looks so peaceful,真希望我当时也在。看起来很宁静
23519,UgyWrAc3hk7p38NdMsJ4AaABAg,0,"a peaceful life, there is no bon chen ❤️",和平的生活，没有邦陈❤️
24240,UgydKwxKNDlE3tMCOed4AaABAg,0,life of many people dream ... peaceful ... but the lives of life make us forget about peace ...,许多人的生活梦想...和平...但是生活的生活使我们忘记了和平...
23716,UgzxNzL40UryApyC1154AaABAg,0,"suggest some peaceful chinese music 
https://www.youtube.com/watch?v=rjhjsnhgnng 

https://www.youtube.com/watch?v=m1gxmbsxq1g","建议一些和平的中文音乐
https://www.youtube.com/watch?v=rjhjsnhgnng

https://www.youtube.com/watch?v=M1GXMBSXQ1G"
25355,UgxpATpwpzTESxxSDMN4AaABAg,0,looks so peaceful!,看起来很宁静！
24005,UgzD-Y2QYRZ8bj7erJF4AaABAg,0,like this life .... so peaceful ..... iam from vietnam,像这一生...如此宁静.....我来自越南
24159,UgzYMC1xz2r5nkB54J54AaABAg,0,really peaceful and osm.. and beautiful girl... jesus bless you,真的和平与osm ..和美丽的女孩...耶稣祝福你
24139,UgwkLHvR63hpHtdYGOh4AaABAg,0,eating organic food and living in this peaceful place with clean air. i won’t be surprised if this lady and the grandma would live longer than an average human being.,用干净的空气在这个宁静的地方吃有机食物。如果这位女士和祖母的寿命比普通人更长，我不会感到惊讶。
24105,Ugxo_oxaWCvcDQ2UM5B4AaABAg.8zUvI546PxY8zV7IGvWnwN,0,@yvonchao2405 please also praise for the beautiful views of xinjiang and tibet. support the people living there and wish them to have a peaceful life like this video.,@yvonchao2405还要赞美新疆和西藏的美丽景色。支持居住在那里的人们，并希望他们过着像这个视频一样和平的生活。
25311,Ugzdmv4_RiicHgF4Az54AaABAg,0,hello from france you are truly amazing and so peacefull,来自法国的您好，您真是太神奇了，如此和平
172,Ugz2ZrvN_k3Ivz5vFft4AaABAg,0,"watching her video always feels peaceful, i hope you will release a lot of videos in the near future.❤
but anyone who sees this sister looks like mz, mz k sir","观看她的视频总是很和平，希望您能在不久的将来发布很多视频。
但是任何看到这个姐姐看起来像MZ的人，MZ K先生"
25420,Ugz18B-qr2SFyatGV3B4AaABAg,0,"so peaceful, simple and satisfying",如此和平，简单和令人满意
25454,Ugz6EMUolJd2aAixV8x4AaABAg,0,watch the clip but feel too peaceful :) ❤,观看剪辑，但感觉太宁静:)❤
29545,UgwGiLv3CWvSycmStQ14AaABAg,0,thanh binh peaceful and peaceful life as new as an an an lac,anh binh和安宁和和平的生活一样新
29857,UgwnTrpnGfMeuN1DOx14AaABAg,0,"i would love to just sit there and eat, such a peaceful place. take care, liziqi. ^^",我很想坐在那里吃饭，这是一个宁静的地方。保重，liziqi。 ^^
29961,UgzCKZgOtkscykm75-R4AaABAg,0,looks like the most peaceful place on earth! wow,看起来像是地球上最宁静的地方！哇
30039,Ugw1gT_-jvNSctqc-Kt4AaABAg,0,wow... so peaceful,哇...如此和平
31255,Ugxa8sU25b3AZKPrRfh4AaABAg,0,i feel so peaceful,我感到很宁静
31871,Ugzo27XVVrliXZhx9i54AaABAg,0,so fascinating to see the different types of food & the plants you cook with. a style of foraging in the beautiful mountains & then turned into an exotic dish. seems like a peaceful way to live,如此着迷，可以看到您烹制的不同类型的食物和植物。在美丽的山脉中的觅食风格，然后变成一个异国情调的菜。似乎是一种和平的生活方式
31879,UgzWI-aUGAEfVRDmz2h4AaABAg,0,such a peaceful life of living .. the chief is so pretty and cooking skill is so professional ...,如此宁静的生活。酋长是如此漂亮，烹饪技巧是如此专业...
32002,UgyzjP7MB91ZPI12fF94AaABAg,0,"beautiful scenery, nguyen people are skillful, live peaceful rural life",美丽的风景，nguyen人很熟练，生活和平的乡村生活
32003,UgyzicNg6rP3dOkDRol4AaABAg,0,when ever i feel stressed i watch ur vedios.. the music made me calm nd cool nd the visual provides peace of mind.... love u lot liziqi... thank u for making such peacefull vedios,每当我感到压力时，我都会看着ur vedios ..音乐使我冷静下来，视觉效果让您放心。
32167,UgweIG6paXaxMw0eP994AaABAg,0,in a time when a lot of bad things are happening in the world watching your peaceful videos are the best thing. i don't even eat any of those foods but the message you are sending us is what i'm hear for. thank you.,在世界上观看和平视频的许多坏事发生的时候，最好的事情是最好的事情。我什至不吃任何这些食物，但是您向我们发送的信息是我所听到的。谢谢。
32906,Ugz7YtKUOib9uzxnfIZ4AaABAg,0,so peaceful and beautiful,如此和平与美丽
33229,Ugxo8WkOfdue32jOOY14AaABAg,0,every sound is so peacefull..i enjoy every bit of it☘,每个声音都很平静..我喜欢它的每一点☘
33237,UgxXMRapIEPzmBRDNIB4AaABAg,0,"i liked the music it peaceful,plus the content of the videos",我喜欢它和平的音乐，以及视频的内容
33251,UgyY-7BQaChlaPmuKVR4AaABAg,0,"watch the video but peaceful ❤
watch video that is peaceful to strange ❤","观看视频，但和平❤
观看对奇怪的宁静的视频❤"
33359,UgzAc7kA97SUY0PQBkl4AaABAg,0,i feel peaceful when i watch your video ❤️,当我观看您的视频❤️时，我感到很宁静
33569,UgwuUhRjVgJxAcWR0Y14AaABAg,0,thank you so much for a peaceful and beautiful video that you don't need to know what you want to do even if you don't understand it.,非常感谢您的和平与美丽的视频，即使您不了解，也不需要知道自己想做什么。
33671,UgyTl_JBSnIXe6b9PAB4AaABAg,0,peaceful,平静的
33880,UgxFOywxT5f07KlH-cx4AaABAg,0,like to live a peaceful life as you,喜欢过着和平的生活
34012,Ugy5LHfskYUMiLc5C994AaABAg,0,"my favourite youtuber, so peaceful life",我最喜欢的YouTuber，如此和平的生活
34331,Ugx3kxPgLZk7WW-k2Xd4AaABAg,0,"i always eager to wait for you new video new sounds , cooking ,your gesture and rural atmosphere which make my mind peaceful .",我总是渴望等待您的新视频新声音，烹饪，您的手势和乡村氛围，这使我的想法变得和平。
34399,UgxR1TodkCjomw77-4J4AaABAg,0,there is something so serene and peaceful about everything you do. thank you for sharing this part of your life with us.,您所做的一切都有如此宁静和和平。感谢您与我们分享生活的这一部分。
34627,UgwKvelYFScHTqZqwgl4AaABAg,0,always peaceful watching your videos,总是和平观看您的视频
34700,UgzchmV0aOwG9VziS7J4AaABAg,0,"you are my queen in many things ❤️ thank you for your beautiful videos, and peaceful as well",您是我的女王，在很多事情上❤️感谢您的精美视频，也是和平的
34711,Ugwi7E-ETFGD6B56qwp4AaABAg,0,now i can sleep peacefully!,现在我可以和平睡觉！
34797,Ugy1VEAOpYXcFUT7Ced4AaABAg,0,"always very excited to see a new offering from this brilliant teacher. and then..right on the tail of excitement- the peacefulness that comes from these amazing 
film-lessons gently shifts the experience to near meditation. 

thank you greatly, 

for enriching our lives.","看到这位出色老师的新产品总是很高兴。然后..在兴奋的尾巴上 - 这些令人惊奇的宁静
电影人将体验轻轻地转移到近乎冥想中。

非常感谢

丰富我们的生活。"
29182,UgzYVsfJ1Oyaor6bA2F4AaABAg,0,"so peaceful and soothing , regret the advertising",如此和平与舒缓，后悔广告
29062,Ugz1_bxXduHUeufKBwh4AaABAg,0,"every time i see her, i feel very peaceful",每次见到她，我都感到很平和
28396,UgzHbFCoIESbxsbnz8t4AaABAg,0,"makes me wonder how secluded they are or how they’re doing, considering china’s huge food scandals. a large portion of china’s food production at the farm stage is very dangerous because crops are blasted with chemicals and animals are shot up with so many chemicals as well that the farmers aren’t even aware of what they’re putting into their livestock, but they know it yields results. it’s scary over there, but i’m relieved to see that there are some able to live peacefully in the countryside and live off the land without fear of poisons and toxins in their food. i hope i’m able to visit some regions as this someday, where food is handled with much care and thought for those eating it.",考虑到中国的巨大食品丑闻，让我想知道他们有多僻静或做得如何。中国在农场阶段的粮食生产中很大一部分是非常危险的他们知道这会产生结果。那在那儿很恐怖，但是我很高兴看到有些人能够在乡村和平生活，远离土地，而不必担心食物中会有毒药和毒素。我希望我能够访问一些地区，如有一天，食物对食物的食物充满了照顾和思考。
26784,UgxXjgu6gvb8Aov7V4d4AaABAg,0,"what place is this? i want to live in there coz the environment is so clean and fresh with greeny vegetables, trees and its a peaceful place to live in.",这是什么地方？我想住在那里，因为环境是如此干净，新鲜，绿色的蔬菜，树木和宁静的生活场所。
25566,UgxpJVLyLS05WIMM1Md4AaABAg,0,this video calm my anxiety... and gave me a peaceful mind...,这段视频使我的焦虑症平静...并给了我一个和平的头脑...
25645,UgwW3guiJV0DKwbVpFJ4AaABAg,0,why just a peaceful life like this is enough,为什么像这样的和平生活已经足够了
25887,UgwKbFoYkHbkS23Hp1t4AaABAg,0,"ziqi is so beautiful and peaceful girl, as beautiful as food she cooks",Ziqi是如此美丽和宁静的女孩，就像她烹饪的食物一样美丽
25921,UgyK75RoaYprq--_gQV4AaABAg,0,peacefull life.......,和平生活.......
26036,UgzwEasHsxtoL-AW8554AaABAg,0,watch this video i feel very peaceful,观看此视频，我感到很宁静
26131,UgwsrAzOibg_JG_PSAF4AaABAg,0,"life is peaceful, i always dream of getting it",生活是和平的，我总是梦想着获得它
26134,Ugz14refm7y9WBTID2t4AaABAg,0,so peaceful.. i like such simple ordinary scenes in china,如此和平..我喜欢中国如此简单的普通场景
26229,UgzlNNIgClbXIhtHid54AaABAg,0,simply amazing beyond words!! suddenly while watching liziqi life seems much more calm and peaceful,简直令人惊奇的是超越言语！！突然看着Liziqi生活似乎更加平静与和平
26241,UgyR3pCsT20yQnLz5Bd4AaABAg,0,"i just discover today her chanel and video, and this is so awesome good filming look like profesional documentary but is this realy amator video? so good to watch her life so peaceful",我今天刚刚发现了她的香奈儿和视频，这真是太棒了，看起来像是专业纪录片，但是这是Amator的视频吗？很好看她的生活如此宁静
26298,UgzjPM64ohRbGxnc0QV4AaABAg,0,"kaas mai bhi yesi shant jhagh me reh sakti.logo se door, apno ke saath.so peaceful.",kaas mai bhi yesi shant jhagh me reh sakti.logo se门，apno ke ke saath.so和平。
26480,UgzQXftogck1GU5QRz94AaABAg,0,peaceful.,平静的。
27077,UgxYqKUE7coLIZz8pI94AaABAg,0,peaceful place!,和平的地方！
28285,UgyhCEpnkk7uOYrJs_94AaABAg,0,"i'd like to live in a place like this, so peaceful and full of nature. learning all the things she does wouldn't be so bad either :d",我想住在这样的地方，如此宁静和充满大自然。学习她所做的所有事情也不会那么糟糕：D
27141,Ugz_nNCVDPshgq3UGa94AaABAg,0,that's china:) really peaceful.,那是中国:)真的很和平。
27468,UgzekiMsIrftamoTLtx4AaABAg,0,peaceful life is so simple ... i just need to be like that,和平的生活是如此简单...我只需要那样
22155,Ugw02UPZLQq6MiZVJBh4AaABAg,0,looks very peaceful!,看起来很宁静！
27575,UgyufvpYvQXknS04W6x4AaABAg,0,peaceful:),平静的：）
27749,UgxNbUv7FgKHWC7jak54AaABAg,0,such a quiet peaceful happy healthy life but she had a sad childhood..let her b happy now,如此安静的和平的快乐健康生活，但她度过了一个悲伤的童年。
27762,UgwJG893if87KCiINXR4AaABAg,0,beautiful peaceful scenery,美丽的和平风景
27806,UgxWRZ4216K-pZR_Ggt4AaABAg,0,life is truly peaceful. few places are like that.,生活是真正的和平。那样的地方很少。
27810,UgwXlfVcBVIpeJ315Gh4AaABAg,0,"lovely, peaceful...",可爱，和平...
27854,UgzpJrZs8Mj5fCxYeJF4AaABAg,0,"im from vietnam
i really like your videos that are so beautiful and peaceful in the end i wish you a happy and peaceful life","我来自越南
我真的很喜欢您的视频，最终是如此美丽与和平，我祝您生活快乐，和平"
27981,UgzOdzUtkupNO8VZntl4AaABAg,0,this is how life should be...peaceful and carefree!,这就是生活应该……和平与无忧无虑！
28134,UgzHwuT38q9oh97rQGV4AaABAg,0,"i really like your videos, a peaceful and happy life",我真的很喜欢你的视频，一个和平与快乐的生活
22269,UgyU7zFsWb3gzq4sJ4R4AaABAg,0,"i realize where life is very peaceful, hp is a youtube so the money is not very important, but it is important where the homegrown is very simple, peaceful",我意识到生活在哪里非常和平，惠普是YouTube，所以钱不是很重要，但在本土非常简单，和平的情况下，我希望拥有这样的CS
18993,UgxF9y6_CAK172vsmaN4AaABAg,0,"i'm from mainland of china.i used to suspected her video was just a show till i lived like her for a month(last december) and knew her story.the feeling from deep inside remind me where i from,a small peaceful countryside.unfortunately,i can't lived this way totally in present era.i hope it will come true when i retired",我来自中国大陆。我曾经怀疑她的视频只是一个节目，直到我像她一样住了一个月（去年12月），并知道她的故事。从内心深处的感觉使我想起了我从哪里，一个小的和平的乡村不幸的是，我不能在当今时代完全生活。我希望我退休时会成真
22036,UgxXl31TMbEq505tVsx4AaABAg,0,so amazing yet so peaceful...,如此神奇，却如此和平...
8854,UgzAydA833_uRaLWpsR4AaABAg,0,"it might be propaganda, but god damn is it the most peaceful chill propaganda i've ever seen.",这可能是宣传，但该死的是我见过的最和平的寒冷宣传。
9110,UgwfzJm9c_AVWwZPV694AaABAg.9AQ6TCjo5aj9C2y4R8Bpix,0,"amy behrens what a beautiful description and exactly right, a graceful, peaceful life artist.",艾米·贝伦斯（Amy Behrens）是一个美丽的描述，完全正确，是一位优雅，和平的生活艺术家。
9159,UgzklntCNID4wKlyuMl4AaABAg,0,"the environment it so peaceful, and the food she's cooking, it satisfying. man their culture it interesting, i would try out their food that would be great.",它是如此宁静的环境以及她正在烹饪的食物，它令人满意。他们的文化很有趣，我会尝试他们的食物。
9494,Ugzpc1ht5eYMD_nucYF4AaABAg,0,"many women in this era have no output value as waste. if many girls have output value like her, it is really peaceful.",现在这时代许多的女人跟废物一样毫无产值，如果许多女生像她一样有产值的话，那真的太和平了
9609,UgxB6egSa9jqTuXQrH94AaABAg,0,life is so peaceful,生活是如此和平
9674,UgzdiVZkzdWVdqQqPTN4AaABAg,0,it is peaceful,这是和平的
9767,Ugz72Z54OULc1o_scqF4AaABAg,0,soo peacefull,Soo和Peacefull
9777,Ugxzw4R7lrlVjWPbjzR4AaABAg,0,i love to go home again in forest i love it all music the girl the way she work and cooking in the place so peacefull thanks for the video ๐๐๐,我喜欢在森林里再次回家，我喜欢这一切音乐，就像她在这个地方工作和做饭的女孩一样，非常感谢您的视频
9912,UgwERrTf5LgD6JMcqJ54AaABAg,0,life is peaceful life,生活是和平的生活
10081,UgxAMTj23YxKUErPZ7N4AaABAg,0,"busy with work but comfortable...
it's a calm and peaceful video.","忙于工作，但很舒服...
这是一个平静而和平的视频。"
10357,UgyHmy6hNPWuUam6T7J4AaABAg,0,"the atmosphere is very good.
if going to live, it would be peaceful.","气氛很好。
如果要活下去，那将是和平的。"
10379,Ugy0YeU5OdXptUHWrv14AaABAg,0,your video is so peaceful and natural whenever i see these types of things i feel sleepy and relax.,每当我看到这些类型的事物时，您的视频都是如此宁静和自然，我感到困倦和放松。
10383,UgxpPTE6B7R57v6XWJN4AaABAg,0,peaceful !!! want go to hometown,平静的 ！！！想要去家乡
10408,UgztcpiWAzZOYF52PvR4AaABAg,0,her daily life looks so peacefull...,她的日常生活看起来很平静...
10611,UgyWc93lj4B85DLnJ9B4AaABAg,0,"apart from the money she earned from youtube, is a peaceful and bountiful life she already have.",除了她从YouTube赚到的钱外，她已经过了宁静而享受的生活。
11008,Ugy4SRDcmz0tcnkReEp4AaABAg,0,"wondeful, lovely, peaceful, calming, soothing, beautiful, creative........",奇妙，可爱，和平，平静，舒缓，美丽，创造力........
11580,UgziEkJ1TmFk4luO1ad4AaABAg,0,so peacefull,如此和平
11996,UgzlsLnX7NOfPvQzFU54AaABAg,0,so want to live in the village ... cool and peaceful,所以想住在村庄...凉爽宁静
12100,UgzF9W71RnUQB7TMdMB4AaABAg,0,"everything is so simple and not complex, peaceful and serene, all you need is your grandma!!",一切都是如此简单，不复杂，和平与宁静，您需要的只是您的祖母！
12114,UgxtsJnRbrNsXooO3OV4AaABAg,0,peaceful.,平静的。
12329,UgzZFBwBYUl_eT34JkF4AaABAg,0,what a wonderful peaceful life. god bless u,多么美好的和平生活。上帝保佑你
12354,UgxxgRlFHqfW0-Bb0cd4AaABAg,0,i want to live like this... so many 's so peaceful.. baking cooking without the recipe book and all is fresh from the garden.. plenty of,我想这样生活...这么多plant蔬菜
12579,UgxkSuhcZOghHsyaGW54AaABAg,0,yum this food looks delicious and healthy. thank you for sharing such a great peaceful video.,yum这种食物看起来很美味又健康。感谢您分享如此出色的和平视频。
12644,UgwftFIPnd8nwnp24EN4AaABAg,0,"real life harvest moon
so peaceful..","现实生活收获月亮
很平静.."
12652,UgxnawWz4ptMSwlJ31B4AaABAg,0,some ppl r used to artificial this iike a peaceful non-artificial wonderland :3,一些ppl r用来人为地人造的非人工仙境：3
12977,UgywhJBAr-5UNwBOfS94AaABAg,0,what a beautiful life to have with a beautiful place to live so peaceful with delicious food thank you for sharing your life and video with me,拥有一个美丽的生活的美好生活的美好生活，与我分享您的生活和视频
13138,UgyAuySldzPJW2JoqZ14AaABAg,0,it's peaceful,和平
13347,Ugy4eGKgQ1FghhLVhmN4AaABAg,0,peaceful and calm and comfortable country pictures. also she is very charming lady.,和平，平静，舒适的乡村照片。她也是非常迷人的女士。
13430,Ugxq2UN3z3w6z2NEU5B4AaABAg,0,lovable way to share beautiful aspect of everyday life .no need to be chinese to learn and understand . it's relaxing and peaceful . i love li ziqi channel.,可爱的方式来分享日常生活的美丽方面。不需要成为中国人才能学习和理解。这是放松而和平的。我爱李Ziqi频道。
13434,UgxyVcriwU85w4FX0aZ4AaABAg,0,i love the peaceful life and delicious food ntn,我喜欢和平的生活和美味的食物NTN
9050,UgzhzWVbJJOaHS4REKt4AaABAg.9AX5_LiL_FU9BOM7k3tiSJ,0,most of our chinese like to persuade the peaceful life and never have the ambition for the politics.,我们的大多数中国人都喜欢说服和平生活，而从不对政治有野心。
8368,UgzCwKm3ADVsT3b47wt4AaABAg,0,she lives a very peaceful life๐ฅฐ,她过着非常和平的生活
21859,UgxZQDsNr2V-8Py8xaR4AaABAg,0,here is very peaceful,这是非常和平的
8159,Ugw0ohEoSL9M_r1KMEl4AaABAg,0,so calm and peacefull,如此镇定与和平
599,Ugz9JKcFjclqezIgQ0p4AaABAg,0,this grandmother has a beautiful grandchild and diligent 'very diligent. living in a village that is peaceful damay 'cool air',这个祖母有一个美丽的孙子，非常勤奋。住在一个宁静的damay'酷空气'的村庄
886,UgzlSsYiQWKhkxQjHfp4AaABAg,0,nature here is peaceful and fresh,这里的大自然是和平与新鲜的
1334,Ugy-_S3I36ypTKJecWN4AaABAg,0,"is there any house with such conditions?
let me be born in the groom
but the scenery is so beautiful and peaceful","有这样的情况吗？
让我出生在新郎
但是风景是如此美丽与和平"
1409,UgydxvFqpTuXrgytech4AaABAg,0,too peaceful,太平了
1522,UgwZpFP1RYONQpsn2fd4AaABAg,0,"her life was the same as mine when i was a child. it could have been so peaceful and wonderful, but now we live in the city.",我小时候的生活和我的生活一样。它本来可以是如此的和平与美妙，但是现在我们住在这座城市。
1570,UgyQVgR31YSoiaiqBDB4AaABAg,0,"if there is really a language in the world that can be understood regardless of time and space, regardless of race and regardless of national boundaries, there is no doubt that it is music. zhou qiang music is committed to creating a channel for music dissemination and music exchange, to deliver the sound of true beauty to the world. if it appeals to you, please subscribe to our channel and leave positive comments. we will update our works from time to time, may the world be peaceful, may your world be full of laughter and song.",如果世界上确实有一种可以理解的语言，而不论种族和民族边界如何，毫无疑问，它是音乐。 Zhou Qiang Music致力于创建音乐传播和音乐交流的频道，以向世界传播真正的美丽声音。如果吸引您，请订阅我们的渠道并发表积极的评论。我们将不时更新我们的作品，愿世界和平，愿您的世界充满欢笑和歌曲。
1662,Ugxv8lYzyC5W0GbEknt4AaABAg,0,i wish there was a house in such a peaceful village,我希望在一个宁静的村庄里有一所房子
1786,UgwnOLHxaWllwiieEKZ4AaABAg,0,"this is the first time i watch your video. you are very pretty and also cook very well, peaceful villages, fresh air",这是我第一次观看您的视频。您非常漂亮，也很好做饭，宁静的村庄，新鲜空气
1834,UgztXD1Y9b9v3JPqOuB4AaABAg,0,where this place is peaceful through the wish j minh is also black once,这个地方通过愿望J Minh也是黑色的，曾经是黑色的
1854,UgxEYAEfaZmVARj0P9h4AaABAg,0,truly peaceful is just enough not to be high,真正的和平就足以不高
1995,UgyUfpzduVuVMitdFRJ4AaABAg,0,"the thing i like most in china is the green forest, so peaceful",我在中国最喜欢的是绿色的森林，如此宁静
2001,UgyYIgtn1wfzdSvXVDx4AaABAg,0,life is truly peaceful.,生活是真正的和平。
2053,Ugys-Y2NAULF98mm6cR4AaABAg,0,all her videos remind me my childhood. very peaceful ver organic which the life should be.,她所有的视频都提醒我我的童年。生活应该是非常和平的有机物。
2257,Ugwm1aPjEE2PCnCuBdZ4AaABAg,0,i love the peaceful background music,我喜欢和平的背景音乐
2322,UgywTEfUz-Y9oen9ktN4AaABAg,0,a very peaceful life of simple peace with the people we love,与我们所爱的人的简单和平的和平生活
3037,UgzOMu6pgqrzzqp3fn54AaABAg,0,tired times with the pressures of life just want to watch videos like these feel extremely peaceful,疲倦的生活压力只想观看这样的视频，感觉非常宁静
3402,UgwTm6x62wpImCHrOsV4AaABAg,0,the cold world feels peaceful in life.,寒冷的世界在生活中感到和平。
3592,UgwZ7TQd6mYCHum2X354AaABAg,0,i would trade every cent i have to live in that place. who needs a car? who needs a mansion? who needs a million? if you can live in a beautiful place with a peaceful environment. i would even be more contented.,我将要贸易我必须居住在那个地方的每一个。谁需要汽车？谁需要豪宅？谁需要一百万？如果您可以住在一个拥有宁静环境的美丽地方。我什至会更加满意。
3840,UgwrR_dcHubpcASUWm54AaABAg,0,life is so peaceful,生活是如此和平
4639,UgyqlJVXVRBt5hYfviJ4AaABAg.9JC7ArXt6XW9JKptChxMEJ,0,"@cindyfu7692 you have been brainwashed by the communist party. you know that china is the center of the world, but as long as china is gone, all countries will be peaceful and there will be no infectious diseases. ""south korea is not like china to interpret history. we have to learn the history of shame and no longer happen.","@cindyfu7692 你已经被共产党洗脑了中华思想，你们知道中国是世界中心，但只要中国不在了，所有国家就和平了，也不会发生传染病。"" 韩国不像中国那样曲解历史。我们要学习再耻辱的历史，不再发生"
5261,UgzOkMUQn6ML8siXEZh4AaABAg,0,i'm wondering how staged this is. it just seems...too perfect. none the less it's beautiful and peaceful,我想知道这是多么上演。似乎...太完美了。尽管如此，它是美丽与和平的
5895,UgxOEanzYVUJA5ZGK4F4AaABAg.9FO-KUDgyWn9FtA03Uh4NM,0,"dream wife, where is peaceful",梦想的妻子，在哪里和平
5958,UgwDG6MK2bDBTWRUJ5Z4AaABAg,0,"very beautiful this village, safe and peaceful, frestery",这个村庄非常美丽，安全，和平，狂热
6119,Ugx_R7XI_ASH8NSLJ2t4AaABAg,0,"review it, it's too peaceful ๐๐๐",审查它，太平了
6526,UgxeFNB26SMQ4LgSZGR4AaABAg,0,"what a peaceful place, everyday eats healthy foods.. ๐ค—",多么宁静的地方，每天都在吃健康食品。
7019,Ugzl-GgnNoc4-K35HOt4AaABAg,0,"beautiful and peaceful. simple but profound. life is born we leave us and forced us to be responsible for life.
the mind was confined to love. faith is short. the mind is not consistent. nostalgia bothering me. different vs prejudice. freedom and peace. the immense loneliness between money. look at me because we are the main opinion.","美丽与和平。简单但深刻。生活是诞生的，我们离开了我们，迫使我们对生活负责。
思想仅限于爱。信仰很短。头脑不一致。怀旧困扰我。不同的与偏见。自由与和平。金钱之间的巨大孤独感。看我，因为我们是主要意见。"
7094,UgxP6k4I1Xhev3SbNiF4AaABAg,0,peaceful,平静的
7095,UgxCstEC3KpuDURC5Lh4AaABAg,0,peaceful,平静的
7627,UgxfDjlHOZU1bCCRzjZ4AaABAg,0,want to have a peaceful life like this,想拥有这样的和平的生活
13454,UgyF9tEuMsV68gW_9F14AaABAg,0,"these short films originally revealed peace. but watching other animals take life and eat, that peace is gone. essence essence eat vegetarian, more peaceful and healthy than eating pork, chicken, snail meat.",本来这些短片透露着祥和。但看着其他动物被你夺去生命、吃掉，那种祥和就没有了。。。吃素吧，比吃猪肉、鸡肉、螺肉，更和平健康。
13503,Ugx3hQlwC00_p9JiIWB4AaABAg,0,it is peaceful ☘️,这是和平的☘️
13515,UgyWC5E44lU4pxyKoIR4AaABAg,0,like ziqi so peaceful，so loving family❤️,像Ziqi如此和平，如此爱的家庭❤️
13666,UgwXKctPbtal03ud3b14AaABAg,0,the country life is just so peaceful,乡村生活是如此和平
16939,Ugz7W5qupS337wyTnIt4AaABAg,0,i like the video's bgm.it's so soft and peaceful,我喜欢视频的bgmm。
17203,UgxAcGmPWm25DtUXgA54AaABAg,0,"in a place where peaceful ,,,",在和平的地方
17309,Ugwc8omuL1gZTD_5IJN4AaABAg,0,"it's so scattered and peaceful, i want to live in china.",它是如此分散和和平，我想住在中国。
17407,UgxypmsOxRH9Gn1cQsx4AaABAg,0,this is an amazing youtube and a amazing life. i can really appreciate this way of living it seems so natural and peaceful.,这是一个了不起的YouTube，也是一个了不起的生活。我真的可以欣赏这种生活方式，看起来如此自然与和平。
17444,UgxlhpAQvJaHV3nSC-d4AaABAg,0,"not sure how i ended up here, but i have subscribed after just a couple of minutes. this is so incredibly well filmed and so peaceful to watch. simply beautiful and fascinating.",不确定我是怎么回到这里的，但是仅几分钟后我就订阅了。这是如此令人难以置信的拍摄，非常宁静。简单美丽而有趣。
17669,UgzgWG4l9oRVwCRuVbF4AaABAg,0,very soothing and peaceful videos,非常舒缓和和平的视频
17697,UgwOBpzLGFEgV2EqQ9t4AaABAg,0,"welcome to china, welcome to sichuan, it’s full of yummy food and it’s such a peaceful and relaxing place. then you will know the real china.",欢迎来到中国，欢迎来到四川，里面充满了美味的食物，它是一个宁静而轻松的地方。然后，您将知道真正的中国。
18028,UgynkQtlIkaTNf_rSg54AaABAg,0,what a relaxing and peaceful music ..feel like a healings...,多么轻松而宁静的音乐。
18540,Ugz7vX27tY0R8YBBwyB4AaABAg.92TOl30agtK92iKPHXND6_,0,"this is also the rural life that traditional chinese is longing for, calm, peaceful and natural",这也是中国传统所向往的乡村生活，平静且安详且自然
18761,Ugwi6_Yohuq9Ngp3wQx4AaABAg,0,so peaceful,很平静
18796,Ugyr0ZHB1XTN7FeekRF4AaABAg,0,life like this is a dream...god gave everything to survive easily but we make everything so difficult..such a peaceful life..so refreshing.,像这样的生活是一个梦想...上帝付出了一切容易生存，但我们使一切变得如此困难。
18880,UgzHrtEQ7Pax9R6ykyJ4AaABAg,0,peaceful,平静的
18984,Ugz4RHfrFwhPY1y_kpt4AaABAg,0,make the impetuous heart feel peaceful,让浮躁的心感到宁静
19117,Ugzcmv6s-Nl5xgt-iNl4AaABAg,0,"someday i want to live a place like that,, so peaceful,, its amazing video!",总有一天，我想住一个这样的地方，如此宁静，它的令人惊叹的视频！
19240,UgzsgcDtZ9HfTD-m5EF4AaABAg,0,"very peaceful video, it feels like you want to live like this",非常和平的视频，感觉就像您想这样生活
19339,UgwguINCYNJq4TLZSAZ4AaABAg,0,"it looks like paradise 
peaceful and pleasant","看起来像天堂
和平与愉快"
19480,Ugw3mBF-qNdz2kFsQMt4AaABAg,0,watching the video feels peaceful and pleasant must support the channel,观看视频感觉和平和愉快必须支持频道
19513,Ugz89guBBOWHSTU1Vnt4AaABAg,0,look so delicious and peaceful,看起来如此美味和宁静
19652,UgyxbnCHP1QNh0FfTNh4AaABAg,0,"comfortable, smooth, peaceful, easy to like",舒适，光滑，和平，易于喜欢
19865,UgwdlIjifZ-jCl0RKRR4AaABAg,0,"hello from what i know, life propagated by this charming woman does not look so cute in the chinese countryside. the expansion of cities makes beautiful and peaceful villages turn into stinking and complained gutters, with highly processed food, and people eat it. and about such food that this beautiful lady presents, they can only dream about ... and this is sad. fate has prepared",您好，据我所知，这个迷人的女人在中国乡村看起来并不那么可爱。城市的扩张使美丽且宁静的村庄变成了臭味，并抱怨沟槽，用高度加工的食物和人们食用。关于这位美丽的女士展示的这种食物，他们只能梦想……这很可悲。命运已经准备好了
20421,UgzfvT02oaoPXXql7s14AaABAg,0,"life is very peaceful, you make mon so clever!",生活非常宁静，你使蒙恩变得如此聪明！
20426,Ugz5sjRWzXLxQJN04vd4AaABAg,0,"if you see the feeling of a peaceful countryside, i used to stay in the singaporean loan.",那些看到我曾经住在现场的和平乡村的感觉的人
20536,UgweF0BGuzIxK-l0s5N4AaABAg,0,hello ly tu that. life is too peaceful,你好ly tu。生活太宁静了
20720,Ugwd4Izq7JLpez6hemN4AaABAg,0,peaceful and peaceful life,和平与和平的生活
20745,Ugwkz-iCOoI4_VNfEW54AaABAg,0,very peaceful,非常和平
21069,UgxTWIqq4RNzwOQDBQp4AaABAg,0,god so peaceful and happy,上帝如此和平与快乐
21244,Ugz7eLuYRqGdhF82jCh4AaABAg,0,"this channel is your channel, huh. i like to watch the video you do. very peaceful and happy.",这个频道是您的频道，是的。我喜欢看你的视频。非常和平与快乐。
21543,UgzQyYnfIRq3DiOCg7V4AaABAg,0,"wow how i wish i can live here.. your place is very peaceful, the vagetables are all fresh.. i really love this place..",哇，我希望我能住在这里..您的住所非常和平，偏ingables都是新鲜的..我真的很喜欢这个地方。
21605,UgwScvCmRrkV07Adycp4AaABAg,0,truly peaceful,真正的和平
16938,UgxOdPaSAq5JjlEJPql4AaABAg,0,i like the video's bgm.it's so soft and peaceful.,我喜欢视频的BGM。
16897,Ugwz97v14PEOjG2IHAZ4AaABAg,0,so peaceful to watch.,如此安静地观看。
16856,UgxKO28V1YAyeiYVN594AaABAg,0,all videos that she make i feel peaceful with the life.,她让她让我生活和平的所有视频。
14952,Ugy4DKizhSWVzxorkBF4AaABAg,0,i feel peaceful!!,我感到和平！
13817,UgwH0-Bo5-9CQQSfa2F4AaABAg,0,"looks so incredibly peaceful, i'd love to live like that",看起来如此令人难以置信的和平，我很想这样生活
13832,UgzSSjalyHfUkfMlCgN4AaABAg,0,such a simple peaceful life...very enticing!,如此简单的和平生活...非常诱人！
13869,UgwVupen1Yxz-heFZbp4AaABAg,0,a beautiful and peaceful existence,美丽而宁静的存在
13872,UgzMjcm5D-cD3kBS8Yp4AaABAg,0,i liked everything but the snails. and the chinese could suck this pasta more peacefully! i loved!,除了蜗牛，我都喜欢所有东西。中国人可以更和平地吸收这种意大利面！我喜欢！
13874,UgzIGr93BTagnSGpe4N4AaABAg,0,"simple, easy, peaceful, and beautiful lifestyle",简单，简单，和平，美丽的生活方式
13924,Ugww6cQkKq7cMZxhRIt4AaABAg,0,life like this is truly peaceful,这样的生活确实是和平
14031,UgyKy1Talg7kMKyjzbx4AaABAg,0,"such a beautiful women, inside and out, nature and hardwork has done here well. and healthy and i believe loving and truly being present, and appreciating what's around here, and peaceful, and an amazing cook, cooking with love",如此美丽的女人在内外，自然和努力在这里做得很好。健康，我相信爱心和真正的在场，并欣赏周围周围的事物，和平，以及一个了不起的厨师，用爱做饭
14212,UgyUNGFOXhxupgVGh254AaABAg,0,i feel truly peacefull. thanks,我感到非常和平。谢谢
14308,UgxKCmlzjTNOh9dhPi54AaABAg,0,man.. i want to live like her.. it simple.. rich .. peaceful life..,男人..我想像她一样生活..这简单..富裕..和平的生活..
14320,Ugyd_M2LLCcPK1zfB5V4AaABAg,0,if life was this peaceful,如果生活就是这个和平
14675,UgzyH9AF9R9hdMrlqMt4AaABAg,0,i am ready to die and born again for this peaceful life....,我准备在这种和平的生活中死亡并重生。
14859,UgwaUb2R_LeYJ3Yugtx4AaABAg,0,it’s a peaceful life,这是和平的生活
14918,UgxnAGAxS8WmCIYm6UR4AaABAg,0,peaceful to strange,和平对奇怪
14984,Ugxs5lFymtlyN-Ff5Il4AaABAg,0,beautiful place...so peaceful,美丽的地方...如此宁静
16694,UgwuJECP3-i9FyEeZ-h4AaABAg,0,"amazing chinese girl, amazing culture, hope everyone find a peaceful life with love",令人惊叹的中国女孩，令人惊叹的文化，希望每个人都用爱找到宁静的生活
15072,Ugwra4CBBMjX63-kedx4AaABAg,0,it is peaceful,这是和平的
15089,Ugwazokx2IM_89VQzOB4AaABAg,0,"wow, it looks like you're looking at the smallest time. the fire will be relieved. but now the child has no idea the goodness of the fire. it's a lonely story. what a really happy life? it's just a human life.
a peaceful life in nature without fighting. the most important and important. moreover, nature makes use of people. it's the most luxurious way of living.","哇，看来您正在看最小的时间。大火将放心。但是现在孩子不知道火的善良。这是一个寂寞的故事。多么幸福的生活？这只是人类的生活。
在不战斗的情况下，在自然中的和平生活。最重要和重要的。而且，自然利用人。这是最豪华的生活方式。"
15198,UgyyujWv7FjpHBejdYF4AaABAg,0,"very nice liziqi,watching yours and dioaxi videos almost every day while having dinner or whenever i'm in low mood to have peaceful mind... keep it up..


your videos made me to do my own videos in healthy and different way... thank you so much
https://www.youtube.com/watch?v=6o8-b6_sj18","非常不错的利兹奇，几乎每天都在吃晚饭时几乎每天观看您的和dioaxi的视频


您的视频使我以健康和不同的方式进行自己的视频...非常感谢
https://www.youtube.com/watch?v=6O8-b6_sj18"
15241,Ugxa7Ao-ZeWOkQZAX_p4AaABAg,0,"beautiful life <3
nver imagine beautiful life can be achieve without need to spend big money. no need expensive hotel...
just living with nature with everyday natural routine is simply so peaceful and beautiful...spiritually fulfill","美丽的生活<3
想象一下，可以实现美好的生活，而无需花费大笔钱。不需要昂贵的酒店...
只是与日常的自然习惯一起生活是如此和平与美丽...在精神上实现"
15683,UgyypFxWDlYvnwpdzvB4AaABAg,0,what a peaceful looking life.,多么宁静的生活。
15815,UgynV6vilet_LPc84Th4AaABAg,0,how peaceful life like this,这样的和平生活
16175,Ugxh8fxpCEChP0VVQ9h4AaABAg,0,"i wish i could just learn to live, grow, and eat off the land. where she lives seems so peaceful. i can see how that would increase life span and decrease stress.",我希望我可以学会生活，成长和吃掉土地。她居住的地方看起来很宁静。我可以看到这将如何增加寿命并减轻压力。
16204,Ugz3haj4dRaHR29PQe94AaABAg,0,"very peaceful video it makes me relax. i don't know if i'm watching a drama series, a cooking show or documentary...",非常和平的视频使我放松。我不知道我是在看电视剧系列，烹饪节目还是纪录片...
16208,Ugz_FWPZ9hCyl8Esp694AaABAg,0,"what wealth. how peaceful it is to say, ""let's go get some food"" but not in the restaurant rather directly from the garden. i want my own farm too. how peaceful. love lots. shi shi.",什么财富。说：“让我们去吃东西”是多么宁静，但不是直接从花园里的餐厅里。我也想要自己的农场。多么和平。爱很多。什什。
16305,UgxxdeEkQFlBQnEjwyR4AaABAg,0,she and her family will live long peaceful lives,她和她的家人将过着悠久的和平的生活
16420,UgymVIKHG1WGFaMuHJZ4AaABAg,0,she's like an angel where peaceful countryside,她就像一个天使，宁静的乡村
16440,UgzU2Z8vWPrDzQagW4x4AaABAg,0,just watching makes me feel so peaceful... it soothes my mind from daily stresssssss,只是看着我感到如此和平...这让我从日常的压力中舒缓了我的想法
16676,Ugwz_rKT8DI-rEFZt_V4AaABAg,0,very peaceful.,非常和平。
35083,UgzfyCKRUoE5oZQ9TTt4AaABAg,0,this is so peaceful <3,这是如此和平<3
