,cid,votes,含respect,含respect中文翻译
21985,Ugx1S3F_HcEVF0Xfeox4AaABAg,159,she can't die of hunger even without money. i respect her intelligence,即使没有钱，她也不能死于饥饿。我尊重她的才智
22322,UgzalH_OucQr_GSfdLx4AaABAg,87,"grandma should get some respect..

somebody had to teach this girl all this stuff.","奶奶应该得到一些尊重。

有人必须教这个女孩所有这些东西。"
17083,UgwoGmYYcukjLHjpxMp4AaABAg,35,"i about 5 years of using youtube, this the first and the only youtube channel that i subscribed just after watching a single video. you are amazing and everything about you is so so beautiful.
love and respect from india","我使用YouTube大约5年了，这是我观看单个视频后唯一订阅的第一个也是YouTube频道。您真是太神奇了，关于您的一切都如此美丽。
印度的爱与尊重"
19953,Ugy64b8Tc-CR9fv_DdR4AaABAg.91FI0ImISkq91xZDt3yshg,19,"@sweetanzu2231 all due respect, even if its for money you can't deny that it's good content. i don't see why can't it be for money. she's not currently working in the cities and so she posted some meaningful content online to get some income. and it's not easy to get those content filmed so clearly. people who dislikes just find excuses to dislike it.",@sweetanzu2231所有应得的尊重，即使它是为了钱，也不能否认它是很好的内容。我不明白为什么不能赚钱。她目前没有在城市工作，因此她在网上发布了一些有意义的内容以获取一些收入。而且，让这些内容如此清晰地拍摄并不容易。不喜欢的人只是找到不喜欢它的借口。
12515,Ugz80ivmyIbHXgQYwCV4AaABAg.96a7oIarqd-96iU_b_HpaQ,16,"pete g eating bats is part of some people’s culture and even if you feel disgusted by that, you shouldn’t be disrespectful about it.",Pete G吃蝙蝠是某些人文化的一部分，即使您对此感到厌恶，也不应该对此不尊重。
15385,UgxM6M0zpu3k7SD32RR4AaABAg.93FjALA-hss94AR4UvRPDa,14,"strait arrow lmao, are you even serious after you made a comment like this, no respect for fools, done",海峡箭lmao，在这样的评论之后，您甚至是认真的，对傻瓜没有尊重，
10364,UgzOhAf0sg2LzijmoAR4AaABAg.98ojNybWPIt98rG-rLjeNS,13,"she's a very busy woman. she's always out doing things, so she barely snacks. she's more focused on feeding her family, and prefers to eat with them. 
in asian cultures, it's more known to savour food with family, because of how hard they work together to grow and create amazing dishes. 
you don't really think about food when you go buy it from the store. however, when i was in asia, you can see all the hard work people put in to make a filling meal. eating a whole pot of anything would be very disrespectful and a waste of food. 
eat until your full please, don't over eat, and please, please don't waste food when others can have it.","她是一个非常忙碌的女人。她总是在做事，所以几乎没有零食。她更专注于为家人喂养，并且更喜欢和他们一起吃饭。
在亚洲文化中，众所周知，与家人一起品尝食物，因为他们如何共同努力生长和创造令人惊叹的菜肴。
从商店购买食物时，您并没有真正考虑食物。但是，当我在亚洲时，您可以看到人们为填充餐的所有辛勤工作。吃一整锅任何东西都是非常不尊重的，并且浪费食物。
吃饭，直到您吃饱，不要吃饭，请，请不要在别人拥有的时候浪费食物。"
18603,Ugw-4ZcCGQMb7Of6XvF4AaABAg.92QSySm3B1D92_IhXI_D3-,13,pedro c yes it is a lie. mao is totally a great leader in many sense from chinese perspective. he built a new regime where china enjoys real freedom post hundreds years of being slaves by foreigners. he had ego and made big mistakes but his contribution outweighs his mistakes. hence people in china still respect and thank him for what he did. western media demonizes him i believe is because he represents communism while ignoring what he did to china and chinese people. it's a totally subjective and political view. i hate they teach that in classroom to brainwash my kids.,Pedro C是的，这是一个谎言。从中国的角度来看，毛面完全是一位伟大的领导者。他建立了一个新的政权，中国在数百年之后成为外国人的奴隶。他有自我，犯了很大的错误，但他的贡献大于他的错误。因此，在中国的人们仍然尊重，并感谢他的所作所为。我认为西方媒体妖魔化了他，因为他代表共产主义，而无视他对中国和中国人民的所作所为。这是一种完全主观和政治观点。我讨厌他们在教室里教我的孩子。
21240,Ugz1v1OrVPtjEbP4xcl4AaABAg,11,"this channel is similar to the advertising of this girl, how much she knows and knows how. respect to her, all the same, not everyone can)",这个频道类似于这个女孩的广告，她知道和知道了多少。尊重她，都是一样的，并非每个人都可以
19956,Ugy64b8Tc-CR9fv_DdR4AaABAg.91FI0ImISkq920fK0OaLWV,11,"@metalwaves4154 thank you both. if what ms. li's observers posted on some chinese sites are true, she is making around chinese yuan 200 million a year, from videos and online store combined. yt further gives her at least an estimated 1.5 million us dollars a year due to tens of millions of viewer clicks. she disclosed she sometimes worked till 3 a. m. to edit filmed images. at a number of times, she fell ill and was hospitalized due to over-diligence. i respect her since i grew up in south china and i can do 99 % of what she did on camera (due to my deprived childhood). i read and found some dislikes came from opposing camps and competitors. like she does, my daughters and i donate funds to support underprivileged children.",@MetalWaves4154谢谢你们。如果李女士的观察者在某些中文网站上发布的内容是真实的，那么她每年从中国人民币围绕2亿人元来制作视频和在线商店。 YT进一步给她，估计每年至少有150万美元，这是由于数千万的观众点击。她透露她有时工作直到3 a。 m。编辑拍摄的图像。多次，她病了，由于过度填补而住院。我尊重她，因为我在中国南部长大，我可以做她在相机上所做的99％（由于我的童年时代）。我阅读并发现一些不喜欢的来自对立的营地和竞争对手。像她一样，我和我的女儿捐赠了资金来支持贫困儿童。
30900,UgzwGoc9tWSZUi0myDV4AaABAg.8yVQSrHBeQZ8ytWCxtiBol,10,"bramha's astra well... that is what cooking is... its definitely not ""food eating"" or ""food storing""... putting together dishes doesnt need to be original or super creative. i really dislike how americans are looked down on on everything. im not saying american cuisine is anything impressive, weve been around for a handful of generations tbh and were all just bunch of cultural foods mixed together, but dont disrespect american chefs or food lovers that genuinely enjoy their creations...",布拉姆（Bramha）的阿斯特拉（Astra）很好...那就是烹饪...绝对不是“食物吃”或“食物存储” ...将菜肴放在一起不需要原始或超级创意。我真的不喜欢美国人如何看待一切。我并不是说美国美食令人印象深刻，我们已经待了几代人，只有一堆文化食品混合在一起，但不要不尊重美国厨师或食物爱好者，这些爱好者真正喜欢他们的创造...
15717,UgwKmvCYgvIwZBiZ-_Z4AaABAg.936K9pwta5L93CkO2tINOa,9,@xizhiwu8821 her grandmother reminds me of my grandmother who passed away 8 years ago. so i have nothing but respect for her and her grandmother and they seem so happy.,@xizhiwu8821她的祖母让我想起了8年前去世的祖母。所以我只尊重她和她的祖母，他们看起来很高兴。
31692,Ugzwq0QZyJaOcraGqYh4AaABAg,9,this meal looks absolutely delicious and healthy. thanks for sharing. this video shows great respect for the wonderful foods on earth and how we can present them.,这顿饭看起来绝对美味又健康。感谢分享。该视频非常尊重地球上美妙的食物以及我们如何展示它们。
26605,UgxJBSbdkQqsSwlR7s14AaABAg,8,you are an amazing person and having all the technical and technique of a professional chef. much respect!!!,您是一个了不起的人，拥有专业厨师的所有技术和技术。非常尊重！！！
6914,UgzhLfv10DLOfN-W8Xl4AaABAg.9DrBV-z1UcC9Dwcee9cLPp,7,@milkknife my statement holds true irrespective of whether marvel is good or not...๐คทโ€โ๏ธ me a thanos fan btwโ๏ธ,@milkknife我的陈述是真正的说法
29521,Ugw7pdGvQF_fd0s96zJ4AaABAg.8yWiBLps9B58yaiwQwQTzH,7,"@user-ke5rz1cw5d first of all, don't think he's chinese. second of all, what you said is extremely disrespectful.",@user-ke5rz1cw5d首先，不要以为他是中国人。其次，您所说的非常不尊重。
11398,Ugx-5d2aAZv1U6QtBMx4AaABAg.97aDyK3ahgD97q01CqoB8C,7,logicone pity you think so... do some research about her before you comment. give some respects to people who work hard.,可惜您是这样认为的...在评论之前对她进行一些研究。对努力工作的人表示敬意。
12150,Ugws0uW8NvIsxTdzjj54AaABAg,7,"it doesn't need to be a professional photographer
it doesn't need to be a professional chef
it doesn't need to be a professional agriculturist for you to come up with this beautiful thing around you. the world is so beautiful when you learn how to appreciate little simple things that surrounds you. and that's this beautiful woman literally did despite of her generation. so much respect","它不需要成为专业摄影师
它不需要成为专业厨师
您不需要成为专业的农业学家就能想出您周围的这一美丽的事情。当您学会如何欣赏周围的小简单事物时，世界就是如此美丽。尽管这一代人来说，这是这个美丽的女人的字面意思。如此尊重"
19954,Ugy64b8Tc-CR9fv_DdR4AaABAg.91FI0ImISkq92-qn-394XN,6,@ashoretoo im sorry i think what she is doing is awesome i do have questions of how she makes money because growing up with a garden there is alot of time involved and cooking like she is and rounding up her ingredients and let's not forget how much time filming and making a video takes so i have much respect for her and i would not be suprised if shes working 15+hrs a day plus taken care of granny much respect to her i dont understand stand why anyone would dislike this content unless its a hate monger,@Ashoretoo我对不起，我想她在做什么很棒，我确实有疑问她如何赚钱，因为在花园里长大的时间涉及很多时间，像她一样烹饪并弄清楚自己的食材，让我们不要忘记多少时间拍摄和制作视频需要花费很大的尊重，如果她每天工作15+hrs加上奶奶的照顾，我不明白，我不会感到惊讶，除非有人会不喜欢这个内容贩子
34019,UgzhqLlw1RPT7apnOpB4AaABAg.8yUW_GiXa3r8yUkSz38PcU,6,"george costarica if you dont like, go watch somthing else instead of hate and waste people's time. if you're such a rich bitch you don't deserve to talk nasty about her because she works harder than most people, and she deserves respect for that.",乔治·科斯塔里卡（George Costarica）如果您不喜欢，请去看其他东西，而不是仇恨和浪费人们的时间。如果您是一个如此丰富的bit子，您不应该谈论她的讨厌，因为她比大多数人更努力地工作，她应该尊重这一点。
5391,UgzYarYsJDSDYdYzoSR4AaABAg,5,the struggle of making such a great video and taking care of your mom is deserving all praise and respect unlike many who had kept their parents at old age home just to fulfill their selfish economic interest.,制作如此出色的视频和照顾您妈妈的斗争值得所有的赞美和尊重，这与许多在老年家之家保持父母只是为了满足他们自私的经济利益而不同。
18232,UgzsHZsR0J2sPs3rcJV4AaABAg.92Z2Qf802hp92hpt4TuVUT,4,@sometimesitdown food of north is absolutely not what you called garbage.if you want respected then show your respect to other culture and different lifestyle.,@Sometimesitdown北部的食物绝对不是您所说的垃圾。如果您想受到尊重，然后表现出对其他文化和不同生活方式的尊重。
32985,Ugx8POQtaPCweV6mccp4AaABAg,4,"thank you for sharing with us your beautiful culture, it amazes me and gain my respect more for chinese, they’re so hard working and patient. i enjoy so much watching your videos",感谢您与我们分享您美丽的文化，这使我惊讶，并更加尊重中文，他们是如此努力和耐心。我非常喜欢看你的视频
12519,Ugz80ivmyIbHXgQYwCV4AaABAg.96a7oIarqd-96lRRgRAcAr,4,"pete g how could they know it causes harm? they probably thought nothing of it before the corona virus, and although scientist truly believe the corona virus is from eating bats, it may not be true. so, please stop being disrespectful.",他们怎么知道它会造成伤害？他们可能在电晕病毒之前什么也没想到，尽管科学家确实认为电晕病毒是因为吃蝙蝠而不是真的。因此，请不要不尊重。
12751,UgyoUyua9jwu177E6KJ4AaABAg,4,"well done, what a thin, fragile, and to any of our peasants, he will give a head start, does not whine, does not whine, the feeling that she can and can do everything. the beauty, as i understand it, is her grandmother, about whom she carefully and respectfully cares. not our silicone installations.",做得好，多么薄，脆弱，对我们的任何农民来说，他会开头，不会抱怨，不会抱怨，她能够并且可以做所有事情的感觉。据我了解，美丽是她的祖母，她精心而尊重的是她。不是我们的硅胶装置。
15414,UgxM6M0zpu3k7SD32RR4AaABAg.93FjALA-hss9AX8aGTbWWq,4,"strait arrow 
i don’t care about your stereotypical thoughts on chinese government, but you really should respect other people’s work. this young lady was born in rural area of china, yet she learned filming, positioning and post-processing all by herself. every minute of this little video came out from hours of repetitive work. she does have assistants, but her job is no less tough. she sometimes processes the video until 3am and wakes up again at 5 so that she won’t miss the mild morning light in the summer, before it is too bright to film. if you look at the raw pictures posted by her assistant on weibo you will know how many scars she has on her hands, and how much tanner she is than what you see here. even with this released version you can see the muscles on her arm, which she could not have if she does not work day and night in the field. such honest work deserves respect and appreciation by any means, no matter what you think the original purpose of the video is. yet i see none of these in the way you talk. seriously, shame on you.","海峡箭头
我不在乎您对中国政府的刻板印象，但您确实应该尊重别人的工作。这位年轻女士出生于中国农村地区，但她独自学习了拍摄，定位和后处理。这个小视频的每一分钟都来自数小时的重复作品。她确实有助手，但她的工作同样艰难。她有时会处理视频直到凌晨3点，然后在5点再次醒来，这样她就不会错过夏天的温和早晨的光线，然后它太亮而无法拍摄。如果您查看她的助手在微博上发布的原始图片，您将知道她手上有多少疤痕，以及她比您在这里看到的tanner多少。即使有了此发布的版本，您也可以看到手臂上的肌肉，如果她在野外白天和晚上不工作，她就无法拥有。无论您认为视频的原始目的是什么，这种诚实的工作都应得到任何尊重和赞赏。但是，我以您说话的方式看不到这些。说真的，让你感到羞耻。"
5904,UgxTppqJZwwpwH5jSYJ4AaABAg,4,"wanting true โค๏ธ love to share happiness๐น
""seeking for someone who wants to share true love & happy life together""
hope to find, out nice warm heart, honesty, faithful, respectful, and sweet partner. ๐น๐’–๐’โ๐•","想要真正的❤️爱分享幸福
“寻求想要共享真正的爱与幸福生活的人”
希望能找到，诚实，忠实，尊重和甜蜜的伴侣，找到美好的心脏，诚实，忠实。"
12523,Ugz80ivmyIbHXgQYwCV4AaABAg.96a7oIarqd-96o56aJwRAO,3,@peteg9133 well i think you should learn how to communicate with others in a more respectful way,@peteg9133好吧，我认为您应该学习如何以更尊重的方式与他人交流
29531,Ugw7pdGvQF_fd0s96zJ4AaABAg.8yWiBLps9B58yc0272Tc8b,3,"@shiminli3966 we too love and respect chinese people, i have a chinese girlfriend she is so kind and respectful",@shiminli3966我们也爱和尊重中国人，我有一个中国女朋友，她是如此善良和尊重
19973,Ugy64b8Tc-CR9fv_DdR4AaABAg.91FI0ImISkq92Ozvwo_Cck,3,"@aimeem9566 in china, there are more than 200 million pepole who support li, i also support her. of course, someone dislikes her due to some reason, but please do not say most of dislikes from china. this saying does not respect china.",@aimeem9566在中国，有超过2亿pepole支持李，我也支持她。当然，由于某种原因，有人不喜欢她，但请不要说来自中国的大多数不喜欢。这句话不尊重中国。
28394,UgwUIpxwSyasjhBUl9h4AaABAg,3,beauty coming out of the inside. i respect you who live in nature. i thought it was nice.,美丽从内部出来。我尊重你生活在大自然中的人。我以为很好。
18604,Ugw-4ZcCGQMb7Of6XvF4AaABAg.92QSySm3B1D92aCkGs_7PQ,3,"@jessieli2308 same for stalin, some russians hate stalin, other ador him. stalin did many many great things for soviet union benefits of what russian civilization is still benefiting from. same about mao. many respects to two great leaders!",@jessieli2308对于斯大林来说，一些俄罗斯人讨厌斯大林，另一个俄罗斯人。斯大林为苏联所做的俄罗斯文明仍在从中受益而做了许多伟大的事情。关于毛泽东也一样。许多方面都针对两个伟大的领导人！
6324,UgyqJ-dwJ0rbNemgb194AaABAg,3,"damn, well, do i have such tears of joy, or from such a video, the creators of a big respect just super i watch in one breath. .",该死的，好吧，我有如此喜悦的眼泪，或者从这样的视频中，我一口气地观看了一个非常尊重的创作者。 。
5930,Ugxbo9UV7tJZLo3Ydc14AaABAg,3,"wanting true โค๏ธ love to share happiness๐น
""seeking for someone who wants to share true love & happy life together""
hope to find, out nice warm heart, honesty, faithful, respectful, and sweet partner. ๐น๐’–๐’โ๐•","想要真正的❤️爱分享幸福
“寻求想要共享真正的爱与幸福生活的人”
希望能找到，诚实，忠实，尊重和甜蜜的伴侣，找到美好的心脏，诚实，忠实。"
20877,Ugw6BrmR8HouM_p-7Cd4AaABAg,2,everything done with care. i'll eat your food any day because of the respect you show it. thanks for sharing.,一切都要谨慎。由于您表现出的尊重，我每天都会吃您的食物。感谢分享。
5667,UgwpUI0m8Mk-QT1ICNl4AaABAg.9G4tMmRfxew9J5SxjgluyG,2,@tomrauhe just respect what people eat dude. if u want to eat that rabbit food then go ahead. not everybody can go vegan :/,@tomrauhe只是尊重人们吃的家伙。如果您想吃那只兔子的食物，那就继续。并非每个人都可以去素食主义者：/
13635,UgxCNjipQN20tLmq4nJ4AaABAg,2,"organized -matured, transmitted from generations, recipes, many blanks., respect for the elders speaks of many and also the blessing of the elders
do they have the main thing? and nature?","有组织的 - 从几代人，食谱，许多空白中传播，尊重长者的尊重，也是许多长者的祝福
他们有主要的事情吗？和自然？"
15409,UgxM6M0zpu3k7SD32RR4AaABAg.93FjALA-hss98XaaFmAZ6B,2,"strait arrow it’s a ‘propaganda’ if you wish it. it’s also a high-value production , staged ( for ken rascon) piece of entertainment that teaches simple and good value ( i.e. respect and love for your grandma) if you wish it. no one dies in make this well crafted film. all ( including messieurs arrow and rascon i suspect and hope) are entertained watching this in the time of a pandemic. so i decide to ‘wish’ the latter in this instance.",海峡箭头，如果您愿意，这是一个“宣传”。这也是一部高价值的作品，为肯·拉斯康（Ken Rascon）演出，如果您愿意的话，它教授简单而良好的价值（即尊重和对祖母的爱）。没有人死于制作精良的电影。在大流行时期，所有人（包括Messieurs Arrow和Rascon）都很有趣。因此，我决定在这种情况下“希望”后者。
5947,UgxBZlK643skj4gvMxZ4AaABAg,2,"wanting true โค๏ธ love to share happiness๐น
""seeking for someone who wants to share true love & happy life together""
hope to find, out nice warm heart, honesty, faithful, respectful, and sweet partner. ๐น๐’–๐’โ๐•","想要真正的❤️爱分享幸福
“寻求想要共享真正的爱与幸福生活的人”
希望能找到，诚实，忠实，尊重和甜蜜的伴侣，找到美好的心脏，诚实，忠实。"
14567,UgzGJkA1_05JZiiafKl4AaABAg.947wSBzYSTb94l2R97Lp6y,2,"tala taptap i humbly appreciate you giving your time explaining your perspective of heaven, so thank you (: however that is not the case for others. while you strongly believe about your ""heaven"" i believe its only fair to respect others beliefs, whatever it may be. everyone goes through different types of unfortunate circumstances, and everyone goes through depression differently. while it may have worked on you, may not work on others.",tala tappap我谦虚地感谢您给您的时间解释您对天堂的看法，所以谢谢（：但是，对别人而言并非如此。虽然您坚信自己的“天堂”，但我相信尊重他人信仰的唯一公平可能是。每个人都经历了不同类型的不幸情况，每个人都以不同的方式经历抑郁症。尽管它可能对您有用，但可能对他人不起作用。
12516,Ugz80ivmyIbHXgQYwCV4AaABAg.96a7oIarqd-96iWGDBsa_U,2,@lizaudy2905 if it causes some sort of harm to others in any way yea ill disrespect it.,@lizaudy2905如果以任何方式对他人造成某种伤害，则不尊重它。
1117,UgzEGSixnIgPqWcJtAx4AaABAg,2,love to watch her respect for her grand mother,喜欢看着她尊重她的大母亲
33432,Ugy03CkKsPIFS7k_9nV4AaABAg.8yUbaCQrcWw8yUq46mF4YX,2,@sorciere777 ah that's sad..people should learn to appreciate things than harassing and also learn to respect others privacy,@sorciere777啊，这很可悲。
25106,Ugw-DdATiRyg1VfnTQB4AaABAg,2,fresh air and water and food drinks .. respect,新鲜空气，水和食品饮料..尊重
25942,UgxBsztybtV9hwif3Jh4AaABAg.8yws93FKWqS8z1H6OYomsS,1,it's always great when a respected content creator turns you on to something new and unique. i loved this video and i can't wait to watch more.,当受人尊敬的内容创建者将您转向新颖独特的东西时，这总是很棒的。我喜欢这个视频，我迫不及待想看更多。
19076,Ugxx0C0wczLWx2DIaoJ4AaABAg.928Ic4g69m392EpjEA6l5g,1,"yes, asians are mostly very very friendly and respectful people....that is, if you're white. blacks who visit asia often tell a different story.",是的，亚洲人大多是非常非常友好和尊重的人....也就是说，如果您是白人。拜访亚洲的黑人经常讲另一个故事。
25115,Ugyu100yc_UWXEErAhV4AaABAg.8z81w0-jNYd8zDGJKDZqZi,1,@abc_cba respect every religion and culture buddy. don't be too rude.,@ABC_CBA尊重每个宗教和文化好友。不要太粗鲁。
15422,UgxM6M0zpu3k7SD32RR4AaABAg.93FjALA-hss9A_CeenNcK9,1,"strait arrow listen you punk, the dimwit is the one who shoots its mouth with impunity and hides behind a juvenile avatar as its profile. any self respecting human adult will use his/her real name and real profile in an open chat forum. that said, not once did i disrespect you as i clearly allow the fact that i may have misunderstood and preemptively offered an apology. this is class and education-which you obviously lack. so don’t address me without asking for an audience in the future you hoy polloi! ( i bet you don’t even know what that term means as it perfectly describes you). you simply don’t deserve my effort. while you are at it, check you spelling. dimwit ( that’s you) is in one word. 
comme on dit en français, tu es un crétin sans éducation ni savoir-vivre.","海峡箭头聆听您的朋克，Dimwit是那些不受惩罚地射出嘴并躲在少年化身作为其轮廓的人。任何自我尊重的人类成年人都将在一个公开的聊天论坛中使用他/她的真实姓名和真实个人资料。就是说，我没有一次不尊重你，因为我显然允许我误解并先发出道歉的事实。这是班级和教育 - 您显然缺乏什么。因此，不要在未来询问观众的情况下向我讲话！ （我敢打赌，您甚至都不知道该术语的含义，因为它完美地描述了您）。你根本不应该得到我的努力。当您使用它时，请检查您的拼写。 Dimwit（就是您）一句话。
在dit enfrançais上，the es uncrétinsanséducationni savoir-vivre。"
22583,UgwOmhNcXJUluURnR6B4AaABAg.9--5CrdeP009-BRhULN5JA,1,"@kateydid18 she can be whatever she want,she is li ziqi...for me she is amazing ...even if she is bi,gay,or straight she could have the possibility to be mother in the way she want to be by natural way,or adoption ...we have so much love and admiration for her that we dont want her amazing skills to be forgotten or stop with her...just that...we just want more from her...
she is free and wise...and we need to respect who she is,and her choices... no matter what...
(sorry about my bad english :) )","@kateydid18她可以成为自己想要的一切，她是李齐（Li Ziqi）...对我来说，她很棒...即使她是双性恋，同性恋或直率，她也可以像她想成为母亲一样成为母亲自然的方式或收养...我们对她充满爱心和钦佩，我们不希望她的惊人技能被遗忘或与她停下来...只是……我们只希望从她那里得到更多...
她是自由和明智的...我们需要尊重她是谁，以及她的选择...无论如何...
（对不起，我的英语不好:)）"
15418,UgxM6M0zpu3k7SD32RR4AaABAg.93FjALA-hss9AY09rRmvBV,1,"strait arrow 
1. prove it
2. i can disprove it by saying i don’t believe you
you can’t make random accusations without any support of evidence. again, respect.","海峡箭头
1.证明它
2.我可以通过说我不相信你来反驳它
没有任何证据，您无法随机指控。再次，尊重。"
20034,UgwiMcIzBnJ1xRFEe3h4AaABAg,1,"take a min and showing respect to the camera man it's was peaks and editor with nature's pleasent music 's beautiful 
and her skills awesome 
literally i don't know what is she cooking but i love it it's finnaly superb","花一分钟，表现出对摄影师的尊重，这是高峰和编辑，大自然的音乐愉快的音乐
她的技能很棒
从字面上看，我不知道她在做什么，但我喜欢它，这是芬纳利的精湛"
22639,UgyASWejBaqg5M32ITB4AaABAg,1,"who can find the wife of xiande? her value is far better than jewelry. her husband trusted her and lacked anything. she was beneficial to her husband in her life. she was looking for wool and fine numbness, and she made his own clothes happily. she seemed to be a merchant ship, which was transported from a distance. tian weibai got up, prepared food for the whole family, and assigned maids to do housework. she chose nakada to buy it and make money to plant vineyards. she is energetic and her arms are powerful. she is well versed in business, and her lights will not turn off at night. she holds a roller and holds a spinning hammer. she is happy to help the poor and reach out to help the hardships. she is not worried about her family because of snow, because the whole family is wearing zhu hong warm clothes. she sews embroidered blankets for herself and made clothes with fine numbness and purple cloth. her husband sat with the local elders at the gate of the city and was respected. she sewed thin hemp clothes for sale, and made a belt to a businessman. she was full of power and honor, and she greeted the future with a smile. what she said was wisdom, and her training was full of love. she cooks all the housework and never eats her leisure. her children stood up and blessed her. her husband also praised her, saying, ""there are many women in the world, only you are unparalleled."" gorgeous is false, beauty is short, only women who fear the lord are worthy of praise essence
proverbs 31: 10-30 ccb
https://bible.com/bible/36/pro.31.10-30.ccb","谁能找到贤德之妻？ 她的价值远胜过珠宝。 她丈夫信赖她， 什么也不缺乏。 她一生对丈夫有益无损。 她寻找羊毛和细麻， 愉快地亲手做衣。 她好像商船， 从远方运来粮食。 天未亮她就起床， 为全家预备食物， 分派女仆做家事。 她选中田地便买下来， 亲手赚钱栽种葡萄园。 她精力充沛， 双臂有力。 她深谙经营之道， 她的灯彻夜不熄。 她手拿卷线杆， 手握纺线锤。 她乐于周济穷人， 伸手帮助困苦者。 她不因下雪而为家人担心， 因为全家都穿着朱红暖衣。 她为自己缝制绣花毯， 用细麻和紫布做衣服。 她丈夫在城门口与当地长老同坐， 受人尊重。 她缝制细麻衣裳出售， 又制作腰带卖给商人。 她充满力量和尊荣， 她以笑颜迎接未来。 她说的话带着智慧， 她的训言充满慈爱。 她料理一切家务， 从不偷懒吃闲饭。 她的儿女肃立， 为她祝福， 她的丈夫也称赞她， 说：“世上贤德的女子很多， 唯有你无与伦比。” 艳丽是虚假的， 美貌是短暂的， 唯有敬畏耶和华的女子配得称赞。 
箴言 31:10‭-‬30 CCB 
https://bible.com/bible/36/pro.31.10-30.CCB"
13851,UgwAr1sHyMluvxExwFV4AaABAg,1,the best grand daughter that females should respect and follow.,女性应尊重和遵循的最好的大女儿。
23350,Ugys3fVw99zvv6ThBfV4AaABAg,1,respect to this great chief.. natural cooking!,尊重这个伟大的酋长..自然烹饪！
22587,UgwOmhNcXJUluURnR6B4AaABAg.9--5CrdeP009-CXcZGWE-z,1,"@choink2558 yes indeed...you know as brazilian is really complicated...i. remember when i went to college by walking in manaus/amazonas i used to have my earphones as louder as possible just to not listen disrespectful words towards me, we feel like an object ...some men talk like we are rude if we don't pay attention to their stupid words,here in north brazil the most part of men are really rude,disrespectful,stupid about the way they treat women...brazil has a long way to change many things in our society... we have many rights which is nice... but we need more we deserve more! ❤",@choink2558是的，确实...你知道巴西人真的很复杂...我。请记住，当我上大学时，我曾经在马纳斯/亚马逊群岛上行走时，我曾经让我的耳机尽可能响，只是不听我的不尊重的话，我们觉得自己像个对象……有些人说话，就像我们不去的话一样粗鲁t注意他们愚蠢的话，在北巴西，男人的大部分人真的很粗鲁，不尊重，愚蠢的对待女人的方式……巴西有很长的路要改变我们社会的许多事情……我们有许多很好的权利...但是我们需要更多我们应该得到更多的权利！ ❤
28689,UgxCpRiDGzrwuzVOfl94AaABAg.8yY6-41Td1g92sJYr9HeG4,1,@franzpeters3824 so what?people deserve to be respected only when he can speak proper english?,@franzpeters3824那么什么？只有在他说正确的英语时，人们应该受到尊重？
5928,UgwS7SB7D6tYicwC8ZZ4AaABAg,1,"i am a simple people who want to meet a serious partner, polite and calm. i hate lies, hypocrisy and stupidity. i want a good life with my partner for her who will respect me and love me for who i am. if you are interested here is my whatsapp. 491782570178",我是一个简单的人，想见一个认真的伴侣，礼貌而镇定。我讨厌撒谎，虚伪和愚蠢。我想要与我的伴侣一起度过美好的生活，她会尊重我并爱我的身份。如果您感兴趣的话，这是我的WhatsApp。 491782570178
5899,UgyHtSs5XclKY9XfGAJ4AaABAg,1,i like you food because very neuter for people for all peoples an your i have to big respect for your personality and your food. my name is timmy form germany city cologne.,我喜欢您的食物，因为对所有人的人来说，非常中性，我必须非常尊重您的个性和食物。我叫蒂米（Timmy）形成德国城市科隆（Cologne）。
5944,UgyqQ13ffx9dFaq0wGR4AaABAg,1,"i am a simple people who want to meet a serious partner, polite and calm. i hate lies, hypocrisy and stupidity. i want a good life with my partner for her who will respect me and love me for who i am. if you are interested here is my whatsapp. +491782570178",我是一个简单的人，想见一个认真的伴侣，礼貌而镇定。我讨厌撒谎，虚伪和愚蠢。我想要与我的伴侣一起度过美好的生活，她会尊重我并爱我的身份。如果您感兴趣的话，这是我的WhatsApp。 +491782570178
5648,UgwpUI0m8Mk-QT1ICNl4AaABAg.9G4tMmRfxew9HAZTOf-gTH,1,"@facelessdrone but the way he phrased it may make most humens misunderstand, i respect his life choice. he just has to respect ours",@facelessdrone，但是他用它的措辞可能会使大多数人的误解，我尊重他的人生选择。他只需要尊重我们的
5968,UgxBZlK643skj4gvMxZ4AaABAg.9FF-ZvuKkMT9FK5T0TISDm,1,"wanting true โค๏ธ love to share happiness๐น
""seeking for someone who wants to share true love & happy life together""
hope to find, out nice warm heart, honesty, faithful, respectful, and sweet partner. ๐น๐’–๐’โ๐•","想要真正的❤️爱分享幸福
“寻求想要共享真正的爱与幸福生活的人”
希望能找到，诚实，忠实，尊重和甜蜜的伴侣，找到美好的心脏，诚实，忠实。"
4734,UgxgkIUq7AboA6LZOut4AaABAg.9IpGMkIcI2I9Kxe4FhCc3b,1,@winterkoyabear4630 there is no necessity of rudeness. be respectful.,@Winterkoyabear4630没有必要。尊重。
5969,UgxBZlK643skj4gvMxZ4AaABAg.9FF-ZvuKkMT9FK5UUKQCvp,1,"i am a simple people who want to meet a serious partner, polite and calm. i hate lies, hypocrisy and stupidity. i want a good life with my partner for her who will respect me and love me for who i am. if you are interested here is my whatsapp. 491782570178",我是一个简单的人，想见一个认真的伴侣，礼貌而镇定。我讨厌撒谎，虚伪和愚蠢。我想要与我的伴侣一起度过美好的生活，她会尊重我并爱我的身份。如果您感兴趣的话，这是我的WhatsApp。 491782570178
5903,UgzlzO-1rE655wGM5il4AaABAg,1,"i am a simple people who want to meet a serious partner, polite and calm. i hate lies, hypocrisy and stupidity. i want a good life with my partner for her who will respect me and love me for who i am. if you are interested here is my whatsapp. 491782570178",我是一个简单的人，想见一个认真的伴侣，礼貌而镇定。我讨厌撒谎，虚伪和愚蠢。我想要与我的伴侣一起度过美好的生活，她会尊重我并爱我的身份。如果您感兴趣的话，这是我的WhatsApp。 491782570178
28674,UgxCpRiDGzrwuzVOfl94AaABAg.8yY6-41Td1g92izS_H3e9M,1,"@franzpeters3824 you're funny bro. you don't have the right to demand others and speaking english doesn't equal to any superiority. please be respectful and don't say something like this next time, otherwise the only thing you get to learn is to merely judge people in front the screen. 别做杠精。",@franzpeters3824你是有趣的兄弟。您无权要求他人，说英语不等于任何优势。请尊重，下次不要说这样的话，否则，您唯一要学习的就是在屏幕前判断人们。别做杠精
21959,UgwubpDIAP0ERX2COUF4AaABAg,0,the view is so amazing in every video...the sound n everything is so relaxing..till now i have viewed all your videos.i don't like kitchen work but really after seeing you i feel an urge to go to the kitchen n cook something..i have come across many useless cooking videos on youtube but truly speaking yours the the best..your hardwork is clearly visible in these videos..n i admire you alot for the respect n love you have for your grandma,每个视频中的景色真是太神奇了...声音n一切都很放松。.现在我已经观看了您所有的视频。我不喜欢厨房的作品，但实际上见到您后，我感到渴望去厨房n煮东西..我在YouTube上遇到了许多无用的烹饪视频，但真正说出您的最佳。您在这些视频中清楚地看到了您的努力。您的位置，您的风格和生活..保持前进
32223,UgwxnbxxOOO1rdZp83J4AaABAg,0,"always excellent is just 6 and i am already hungry that envies you live in a beautiful place of culture rich of respect for the elderly, animals, nature to life greetings from el salvador blessings to you and your whole family",总是很棒的只有6岁了，我已经饿了，让您生活在美丽的文化场所，对老年人，动物，自然对生活的问候，来自萨尔瓦多祝福给您和您的整个家庭
22116,Ugyt81VPY8OCMeJs9Nl4AaABAg,0,asalamu alaikum! i love your work! i would love to see people like you in other countries doing the same thing. maybe then these countries would get more love and respect that they deserve. you have encouraged me to be a better person. mashallah and alhumdullilah for you!,Asalamu Alaikum！我爱你的工作！我很想在其他国家 /地区看到像您这样的人在做同样的事情。也许那时这些国家将获得更多的爱和尊重。您鼓励我成为一个更好的人。 Mashallah和Alhumdullalah为您服务！
22292,UgyXQ5VwS7zRlKbFm814AaABAg,0,nijole i don't know that he is throwing so much but i do fuck some bamboo outbreak tacos with japanese chuti soup with his respective soy saucea with chili ... and the japanese then hahahaha,妮可（Nijole
32045,UgxJVvu-Irj6ytheiJJ4AaABAg,0,beautiful and virtuous a kiss my respects for you,美丽而贤惠的亲吻我对你的尊重
31806,UgxSnr57WiMuCZ4hMlx4AaABAg,0,she is the only person who will survive the apocalypse and in the world after. there's not a single thing she can't do with her own hands. mad respect.,她是唯一一个将在启示录和之后在世界上生存的人。她没有一件事情不能用自己的双手做。疯狂的尊重。
32551,UgyO0x9KBtW4e0BwWAF4AaABAg,0,"with all respect and affection, have you ever wondered what the impact on the physical, mental and spiritual structure would be like if you removed all kinds of flesh in your diet? abração !!! ❤",有了所有的尊重和感情，您是否曾经想过，如果您消除了饮食中的各种肉，对身体，心理和精神结构的影响会怎样？ Abração！ ❤
33672,UgxgYb0PUieseZ41iiZ4AaABAg,0,how do u stay slim and flawless irrespective of abundant food. huh,无论食物丰富，您如何保持苗条和完美无缺。嗯
33725,UgwKboIPIH4hwXWrInN4AaABAg,0,amazing. respect from brasil.,惊人的。尊重巴西。
34265,Ugxs4YKLZVZOwktUi5F4AaABAg,0,"liziqi i respect you and your country and your delicious food technique how to make/cook food. but i m vegetarian but i do like your food recepie and ingredients which we can put or mix in our food, thank you very much. i watch your video all.",Liziqi我尊重您和您的国家以及您美味的食物技术如何制作/烹饪食物。但是我是素食主义者，但我确实喜欢您可以在食物中放入或混合的食物和食材，非常感谢。我全部观看了您的视频。
34364,UgzmpyAT2j7DNLj0NGV4AaABAg,0,i love your place and i respect you a lot..,我爱你的地方，我非常尊重你。
30929,UgzwGoc9tWSZUi0myDV4AaABAg.8yVQSrHBeQZ96iHmOtQdyF,0,david b u know what.who does not respect others does not deserve to be respected,大卫b你知道什么。谁不尊重他人不应该受到尊重
22508,UgzoI1ygZdt_Y3ycHbV4AaABAg,0,i respect you.thank you for your nice hurt girl.,我尊重你。谢谢你的好伤害女孩。
22213,UgyJ0WAIXrXQwTGnYmd4AaABAg.9-9z5z0dct39-DsMjYRLeE,0,@spacebluemoth8320 there are men out there who would value and respect her properly and would love to have a talented partner like her to work through life with. i understand that most men aren't strong enough to be her partner. but some are.,@SpaceBluemoth8320有些人会适当地珍视和尊重她，并希望有一个有才华的伴侣像她这样的生活。我知道大多数男人不足以成为她的伴侣。但是有些是。
27821,Ugxuzo_Y3KJ9CL5yynd4AaABAg,0,"li ziqi lives with her grandmother in the countryside of mianyang in southwest china’s sichuan province.she was orphaned at a very young age. as a young adult she lived in the city, but when her grandfather passed away, she moved back to take care of her grandmother. respect her a lot from pakistan",李齐（Li Ziqi）与她的祖母住在中国西南四川省的米扬阳（Mianyang）乡村。她年轻的成年人住在这座城市，但是当祖父去世时，她搬回去照顾祖母。从巴基斯坦尊重她
22585,UgwOmhNcXJUluURnR6B4AaABAg.9--5CrdeP009-BSx9A7UbL,0,"@choink2558 i am just human...not the best one because i need to learn to really love myself more so i can love the others in the way they deserve but i think i am progressing...i hope women can have more respect,freedom and more opportunities in this planet...we know how is hard to be woman...
but my respect goes to woman,man,child,babies,animals,for the ones who is really trying to make these world better somehow... like liziqi i am becoming so calm after her videos and i was so stressed ,so negative...but after her i feel piece in my mind because she make us feel a lot feelings by her videos...i am glad about it ❤","@choink2558我只是人类...不是最好的人，自由和在这个星球上更多的机会...我们知道很难成为女人...
但是我的尊重是对女人，男人，孩子，婴儿，动物的敬意，那些真正试图使这些世界变得更好的人……就像Liziqi一样，我的视频后，我变得如此镇定，我感到非常压力，如此负面。 。"
24836,UgxpgaiJbEcAW6570jd4AaABAg,0,it is so beautiful to watch your cooking and how you respected your ingredients. thank you for making these videos. it is really peaceful. it made me really miss living in asia.,观看您的烹饪以及如何尊重成分是如此美丽。感谢您制作这些视频。真的很和平。这让我真的很想念住在亚洲。
28049,UgzVoWhmcaPp-WxrzEl4AaABAg,0,highly respect to her,高度尊重Her
25869,UgzMG1bLDL7HEMyKG2V4AaABAg,0,"that mean work.. 
respect!","这意味着工作..
尊重！"
25867,UgznAq5_uUy-MvNeeMF4AaABAg,0,"this their job.. her husband probably filming his wife cooks.. that's awesome.. but behind scene for sure its a lot work to pick you're food from the back yard ;) 
respect!","这是他们的工作..她的丈夫可能在拍摄妻子的厨师..太棒了..但是在现场肯定会做很多工作，可以从后院挑选您的食物；）
尊重！"
25797,UgwATYqJihlUJncZtQF4AaABAg,0,"sorry i was comentt before you make shorter video. i'm. sorry 
i see its opposite. 
respect","抱歉，在您制作较短的视频之前，我是Comentt。我是。对不起
我看到它的相反。
尊重"
28173,UgwF9wSZem8Q6l_pByJ4AaABAg,0,wow wow wow. lots of respect and love from pakistan,哇哇哇。巴基斯坦的尊重和爱
29038,UgzVX1s3HdmhWmmILgN4AaABAg.8yXyAuH9Z1Y8yf0AXGMkPq,0,"@user-dw6rn9zh6c pay attention, there are always a lot of both may 2018 and there are still 3 videos there, and for the last month there are. one that the np is growing)? or she loves the pappis so that she constantly selects them, and how she grows up in forest))!? just their culture is like this. t.b.do, see on liz: it also squeezes calories, carbohydrates, vitamins and fats for all that is around and gives nature: vegetable and animal, it is simply apparently popular in european countries, in the usa, with us, and not just in asia. and apparently she realizes that it will be living for us, and this is so: it is full of varieties! but the puppy, for them, like borsuk- superproof, even capable of treating tuberculosis with its fat. turn to me: such a ""practical"" korean, japanese woman, legged, chinese)) whoever she is, will not miss this product !! (therefore, the little puppies are always disturbed in the video. i can’t judge: such as a culture, for muslims shock and fu, that we eat pigs, i just think not to show, not to tell about it. if she prepares and uses everything that is in her household! and this is not honest according to her relations towards us. haith, i would have respected her more for honesty. i didn’t hide it particularly. imea is a little knowledge about their culture, seeing her video and a little in my head. it’s hard to understand. calm. by the way) by the way) by the way) i have today d.r. !!) and they gave me a puppy !! dobermanchik)",@user-dw6rn9zh6c注意，2018年5月总是有很多两者，那里仍然有3个视频，在上个月。他们，以及她在森林中长大的方式）！！！！！！！！！！！！！！！！！！它显然在欧洲国家，在美国，与我们一起在亚洲而受欢迎。显然，她意识到它将为我们生活，这就是如此：它充满了品种！但是小狗，因为那只小狗，因为他们像Borsuk-Supphrove，甚至能够用脂肪治疗结核病。转向我：这样的“实用”韩国，日本女性，腿，中文））无论她是谁，都不会错过此产品！小幼犬总是在视频中被打扰。我无法判断：例如一种文化，对于穆斯林震惊和fu，我们吃猪，我只是认为不要表现出来，不要说出它。如果她准备并使用一切那是在她的家中！根据她与我们的关系，这是不诚实的。海斯，我会以诚实的态度更尊重她。我并没有特别掩饰。我的脑海里有点。很难理解。顺便说一句），顺便说一句），我今天拥有的），他们给了我一只小狗！dobermanchik） 。
29563,UgzG-2BzN26KVnH3-d94AaABAg.8yWfOyLeaiz8yYIgnaquHE,0,@chenz.m6017 i thought that she may read the comments and out of respect for her i used a translation app to compliment her,@chenz.m6017我以为她可以阅读评论，而出于尊重，我使用了翻译应用程序来称赞她
27944,UgwHF3iuK6BQgwS858J4AaABAg,0,"she reminds us the simple but healthy lifestyle of our past. ''grow your own food and respect the earth that created you.'' everyone went to the cities but they forgot that the true meaning of life, is back to their roots.",她提醒我们过去简单但健康的生活方式。 “种植自己的食物，尊重创造你的地球。”每个人都去了城市，但他们忘记了生活的真正含义又回到了他们的根源。
30070,UgylRiFzwPFV2BUEC2t4AaABAg,0,"two women, grandmother and grand daughter are bringing traditional sichuan life to the entire world. i hope the chinese people are aware and recognise the great contribution women and girls have made for their families and their nation throughout their history, because there has been appalling disrespect for girls during the one child policy. this is why 30 million men cannot find a wife, due to the widespread selective abortion of infant girls. can the chinese people now see the value of women?",两个女人，祖母和大女儿正在为整个世界带来传统的四川生活。我希望中国人民意识到并认识到妇女和女孩在整个历史上为自己的家人和国家做出的巨大贡献，因为在一个儿童政策中，人们一直对女孩感到不尊重。这就是为什么3000万男人由于堕胎的婴儿堕胎而找不到妻子的原因。中国人现在可以看到女性的价值吗？
30100,Ugy5BmPOIsX2FY3HP-h4AaABAg,0,"what a beautiful and relaxing channel. 
i love to see her cooking for her grandmother. she is very respectful.
i also love seeing her little dog. i always look forward to seeing the dog or dogs in different vlogs. 
this is a wonderful channel. i always watch every vlog a few times.","多么美丽而轻松的频道。
我喜欢看到她为祖母做饭。她非常尊重。
我也喜欢看到她的小狗。我一直期待看到不同视频博客的狗或狗。
这是一个很棒的频道。我总是看几次视频博客。"
30312,UgxlD7F4LIADR8nw3Xx4AaABAg.8yVezNp8yw392vADf9RPUF,0,yeah no gmo for them or no go to the big x walmart all that s*** their grocery store is right outside their door that's their grocery store everything's fresh with no chemicals and no additives no wonder they live such long alive especially the women an asia the elderly are respected and taken care of no rest home for them when they take their final rest it'll be in their own bed in their own house. that's how it works over there no senior citizen care center,是的，他们没有转基因或没有转到大X沃尔玛，他们的杂货店就在他们的门外，这是他们的杂货店，一切都是新鲜的，没有化学物质，也没有添加剂，难怪她们活着很长的活着，尤其是女人，尤其是女人亚洲老年人受到尊重，当他们最后休息时，他们没有得到任何休息家，这将在自己的房子里躺在自己的床上。这就是它在那儿的工作方式
30313,UgxlD7F4LIADR8nw3Xx4AaABAg.8yVezNp8yw392vAawheT4W,0,"@xaofaye5603 asian men do live longer because of their lifestyle however the women live much longer because they're always active all the damn time rest home for them, there's no senior citizen care center none of that nonsense. oh and the elderly are respected in asia",@xaofaye5603亚洲男人的生活更长，因为她们的生活方式更长，但是妇女的寿命更长，因为她们总是活跃在该死的时间里为她们静止不动，没有老年人公民护理中心，没有任何废话。哦，老年人在亚洲受到尊重
23239,Ugw7BWpWLsh4_uBbdJ54AaABAg,0,"lousifen, devil's dish? certainly looks good, though. i like to add that china should respect vietnam""s sovereignty, and that i would like you more if that should happen.",Lousifen，魔鬼的菜？肯定看起来不错。我喜欢补充说，中国应该尊重越南的主权，如果应该发生的话，我希望您更希望您。
23018,UgzXp2stT58NtRg_iS94AaABAg,0,this type of cooking is so tedious! a lot of little things have to be done just so to get it perfect and honestly i respect you for it. i have no clue how you find time to cook these meals completely from scratch and get other things done!,这种烹饪是如此乏味！为了使它变得完美，我为此尊重您。我不知道您如何从头开始完全烹饪这些饭菜并完成其他事情！
924,UgyXR7aywQCc92AXT4l4AaABAg,0,i just respect the class with you,我只是和你一起尊重班
15944,UgyJUkeaP5GLqmepKvx4AaABAg.931Z0g3y6VI931ZdYkImPV,0,my only message to the chinese people is to not only respect but learn to love when your neighbor wants to eat their green onion pancake with hummus or have grass jelly drinks in the canton-speaking areas or taiwan style mochi or cambodian banana blossom. always learn to love diversity. love your neighbor. peace.,我给中国人的唯一信息是，不仅要尊重，而且要学会爱，当您的邻居想用鹰嘴豆泥吃绿色的洋葱煎饼，或者在讲广州的地区或台湾风格的摩chi或柬埔寨的香蕉花朵中享用草果冻饮料。始终学会爱多样性。爱你的邻居。和平。
21174,UgxuhMV6MCWbDkoeind4AaABAg,0,how i admire you absolutely clever you have a big respect,我如何欣赏你绝对聪明，你得到了极大的尊重
13418,UgztkoLJwqXBeChDgmB4AaABAg,0,"i hate that y'all label her as a housewife, like sure i get she can do many things for her grandma and herself but just the meaning behind housewife is so annoying, how dare you disrespect queen liziqi like that, she's obviously an independent woman who even does so called ""man work"" no housewife here, just and independent woman who happens to know many things and cares for her grandma",我讨厌你们把她标记为家庭主妇，就像我确定的那样，她可以为奶奶和她做很多事情，但是只是家庭主妇背后的含义真是太烦人了，你多么敢于不尊重皇后liziqi，她显然是一个独立的女人甚至在这里做“男人工作”的人，在这里没有家庭主妇，正义和独立的女人恰好知道许多事情和照顾她的祖母
12776,UgwqrzU4IF4sdXcIU8J4AaABAg,0,whoever gets her as a wife is lucky asf and they better treat her with respect,谁让她成为妻子的人很幸运，他们最好尊重她
12686,UgwLIbEhSyqs7-CqzEN4AaABAg.96Qv_lQeYm497AX39CIHZb,0,she is a persistent and worthy of respect,她是一个持久和值得尊重的
12528,Ugz80ivmyIbHXgQYwCV4AaABAg.96a7oIarqd-97EElg39gnN,0,"and here we see ppl being disrespectful, one of the reasons humanity will die soon",在这里，我们看到PPL是不尊重的，人类很快就会死的原因之一
12243,UgwOBXtUhPpAG9pIjVt4AaABAg,0,"everything is beautiful
you can see it forever.
i respect the people who live so carefully ...
it looks like you're watching a movie.","一切都很美
您可以永远看到它。
我尊重那些如此谨慎的人...
看来您正在看电影。"
12068,Ugx2sAt8NRRjdGcabzx4AaABAg,0,"there is only cultural exchange, and no political struggle. this is the most real life and love. why can’t human beings respect each other and respect other people’s life？respect for other people’s cultural traditions and social values ？",只有文化交流，没有政治斗争。这是最真实的生活和爱。为什么人类不能互相尊重并尊重他人的生活？尊重他人的文化传统和社会价值？
11125,UgxpdOIY6XAjCgtcHld4AaABAg.97zEYYNKUWq982gYixPMBj,0,liziqi has big heart with a lot of respect and understanding,Liziqi的心脏大大尊重和理解
10578,UgwRRUhzKRl1csB-P894AaABAg,0,4:07-> ...respect for elders.............,4：07-> ...尊重长者.............
9703,UgxeDjXMOCo9vlzxzEZ4AaABAg.99hgqgWegqn9AOvgBdvxY2,0,"@fafa-rd4wx i have no idea about that. just respect honesty. i feel she lies to me and fooling me. tell everybody she's so smart and powerful, done everything on her own.",@fafa-rd4wx我对此一无所知。只是尊重诚实。我觉得她对我说谎，欺骗了我。告诉大家她是如此聪明和强大，自己做了一切。
8429,Ugy9YUhj5FAfWG7B3Yl4AaABAg.9BRX-p_fxNC9BWkXRyUBlc,0,"@shannonclark8091 you really need to learn more to be respectful towards others. ever heard of racism? you should get acquainted with that word. learn to respect other race's culture. that attitude of yours might bring you down and bring you conflict when you're in a setting with people with different races and culture. you can't force them to change their culture. it's them, it's who they are. same like they can't force you to change yours. would you not be offended if someone told you that what you are doing is disgusting and that they hate it? we should learn to co-exist and respect our differences. if you don't like it just distance yourself with them but don't say such bad things to them and make mean comments like ""it's a bad thing, you shouldn't do this or that coz it doesn't fit my own beliefs, or values"". learn to adjust and emphatize.",@shannonclark8091您确实需要学习更多以尊重他人。听说过种族主义吗？您应该熟悉这个词。学会尊重他人的文化。当您与具有不同种族和文化的人的环境中时，您的这种态度可能会使您失望并带来冲突。您不能强迫他们改变他们的文化。是他们，就是他们。就像他们不能强迫您改变自己的一样。如果有人告诉您您正在做的事情令人恶心而他们讨厌它，您会不会被冒犯吗？我们应该学会共存并尊重我们的差异。如果您不喜欢它，只是与他们距离距离，但不要对他们说这么糟糕的话，并做出卑鄙的评论，例如“这是一件坏事，您不应该这样做或不符合我自己的信念，或值”。学习调整和强调。
8426,Ugy9YUhj5FAfWG7B3Yl4AaABAg.9BRX-p_fxNC9BVOm9AgL2Y,0,"not to be rude to you but i'd like you to know that it's part of their culture. if you don't make any slurping sound or any sound like eating, to them it looks like you're not enjoying your food and a very disrespectful gesture to the person who made the food. we have different cultures and saying that while watching this video is a bit offensive to these people you're referring not liking their eating ""manners"". don't say such things to people who have different race, learn to know their culture first before commenting this kind of things.",不要对你无礼，但我希望你知道这是他们文化的一部分。如果您没有发出任何刺耳的声音或任何声音，那么对他们来说，对他们做饭的人来说似乎不喜欢食物，也不是非常尊重的姿态。我们有不同的文化，并说在观看这段视频时，对这些人不喜欢他们的饮食“举止”有些冒犯。不要对有不同种族的人说这样的事情，请在评论这种事情之前先了解自己的文化。
5735,UgycD7F7yoRRpUPax2B4AaABAg,0,a small woman but acting and soul is respectable.,一个小女人，但表演和灵魂是可观的。
5669,UgwpUI0m8Mk-QT1ICNl4AaABAg.9G4tMmRfxew9JeBjQgUlbL,0,"@tomrauhe you either kill plants or kill animals. you also kill millions of microorganism every minute. if you are vegan, then please respect others. it's your lifestyle, keep it to yourself.",@Tomrauhe您要么杀死植物，要么杀死动物。您还每分钟杀死数百万微生物。如果您是素食主义者，请尊重他人。这是您的生活方式，请保留自己。
4619,UgxT-7FaaxMwvGaZwHt4AaABAg,0,slam respect trmksh for the prophet's tops in mangga dua trimaksih sudh prnh breaking pkrjaan secure parking punyanyah org chines trmksh pa shah is happy to become an employee of bpak mhon mav if there is.,尊重trmksh，对先知在Mangga dua trimaksih sudh prnh bure trubling pkrjaan安全停车场paunyanyah org chines trmksh pa shah很高兴成为bpak mhon Mav的雇员。
4233,UgwY6O_cQkP02B9ApdZ4AaABAg,0,"the spectacular crocodile respectively shrug because recorder literally load anenst a nimble fish. like, grateful gratis himalayan",壮观的鳄鱼分别耸了耸肩，因为录音机实际上是敏捷的鱼。喜欢，感激的是喜马拉雅
4173,UgzosAM1zNRxRDMOytF4AaABAg,0,im from indonesia and i am respect,我来自印度尼西亚，我尊重
4053,UgxUdGk-pmZNX8YKL4F4AaABAg,0,"the third dungeon fundamentally jump because arithmetic respectively trap minus a chilly slip. flawless, tremendous team",第三个地牢从根本上跳跃，因为算术分别陷阱减去了寒冷的滑动。完美无瑕的团队
3719,UgwgXxINTBEKHS45CIl4AaABAg.9Mcb968Qnzr9Q5kebAGO_G,0,my thoughts too! she reaps of all her granddaughters hard work. i love how respectful she is to her grandmother.,我的想法也！她收获了所有孙女的辛勤工作。我喜欢她对祖母的尊重。
2963,Ugy2ainHxB8OXIpkPDd4AaABAg,0,now this is a real woman!! much love and respect!,现在这是一个真正的女人！很多爱与尊重！
2167,Ugzj2i7ctDyPYEETZfd4AaABAg,0,hope to respect the culture and food of other countries,希望尊重其他国家的文化和食物
1904,UgyzZOtw8wgTo-nXsid4AaABAg,0,"disciples regulations (3)
❤ panai
everyone. all must be love. god overwhelmed.
together.

[easy to solve] as long as it is a person, it is similar, regardless of ethnic, human, gender, and religious beliefs, they should love each other. it is also the transformation of the heavens and the earth, and it should not be distinguished by you and me, and cooperate with each other to maintain this symbiotic and prosperous life community.
❤
those who are tall. the name is high. people are emphasized.
non -appearance. great person. look at it.
people are convinced. nothing.
❤
[easy to solve] the nobility of virtue is naturally high. everyone respects his virtue, not appearance. those who have talented people have excellent ability to deal with things, and their reputation is naturally extraordinary. however, what people admire and admire are his ability to do things, not because he is good at boasting.
❤
i have the ability. don't be selfish. people can.
don't be light. don't be rich. don't be proud.
don't hate it. don't like new. people are not idle.
don't stir. people are uneasy. don't disturb.

[easy to solve] when you have the ability to serve everyone, don't be selfish, just consider yourself, reluctant to pay. for the talents of others, you should learn, appreciate, and admire, not criticism, jealousy, and slander. don't please be rich, and don't be proud of themselves in front of the poor, or despise them. you should not like the new and hate the old. you must cherish old friends or old things, and do not be greedy for new friends or new things. when others are busy, don't disturb him. when others are in a bad mood or are physically and mentally arbitrary, don't gossip to interfere with him and increase his troubles and anxiety.
❤
people have short. don't unveil it. people have private.
don't say. taoist is good. that is good.
people know it. the more thoughtful. promote evil.
that is evil. different. mainly.
good persuasion. germany is built. out of irregularity.
two losses.

[easy to solve] don't expose the shortcomings of others. the privacy of others should not be publicized. the advantages or good deeds of praise of others are good deeds. when the other party hears your praise, it will definitely encourage good deeds. zhang yang's faults or disadvantages of others are to do evil. if criticism is too much, it will also recruit themselves. friends should have persuaded each other and build good moral cultivation together. if there are mistakes, you can't persuade each other, both of them will have defects.
❤
whenever. it is expensive. there are many.
take less. will add people. ask yourself first.
i don't want to. that is, ourselves. encounter.
forgotten. short resentment. the reward is long.

[easy to solve] the acquisition or granted of property must be clearly understood. it is better to give others more people. before you add things to others, or ask others to do things, you must ask yourself: ""if you change it to me, would i like it?"" if you do n’t even want to do it, you must stop immediately. remember to repay. others are sorry for themselves, and they should forget it. don't remember the resentment for too long in your heart, even if you're in the past. other people have to remember to be in mind, grateful, and often repay.
❤
wait for the servant. you are expensive. although expensive.
mercy and wide. attocked. no heart.
take care of people. fang wuyan.

[easy to solve] to treat the maids and servants in the home, we must pay attention to the righteousness and lead by example. although it is important, it is more valuable. if the battle is forced to obey, the other party will inevitably be convinced. only by serving people can others not complain.

the same person. elastic category. vulgar.
benevolence. relief. how fearful people are.
unexpectedly. the color is not charming. can kiss.
infinite. germany and japan advance. live days.
not kiss. infinite harm. villain enter.
bailing bad.

[easy to solve] it is also human, good, evil and evil, and mental heights are uneven. there are many people affected by the vulgarity, and there are few people with kindness and generosity. if they are really benevolent, everyone naturally fears him, because he speaks fair and selflessly without concealment, and does not please others, so everyone will naturally be awesome. those who can get close to rende and learn from him are very lucky, because he will make our virtue progress every day, and the fault will decrease one day. if you are not willing to get close to the gentlemen of the people, there will be endless scourge, because the unscrupulous villain will approach us while it is false, and our words and deeds will be affected by bad words, and even the whole life will enter the wrong direction.

文 ❤ 
do not work. but learn text. long flashy.
whoever. but do it. don't learn text.
let's see it. amazing.

[easy to solve] can't do filial piety, 悌, jin, faith, pan -loving, and relatives, and blindly study. even if there are some knowledge, it is just a habit that has increased its fascinating and unrealistic. what is the use? if you just keep your teachings and refuse to study, it is easy to do it because of unknown things and cause mistakes according to your own prejudice. this is also wrong.

reading. three arrives. eye.
believe. read this. don't admire.
this is not the end. don't get up. width is limited.
tightly use it. worked. stady.
suspicious. sui notes. just ask.
seeking meaning.

[easy to solve] the method of reading should be focused on three arrival: eye, mouth, and heart, the three are indispensable, so that the effect of getting more effort can be received. study science must be dedicated to deepen, and you ca n’t start reading this book before it can be read. he also enviouss other books and wants to read other books. this will never be able to read a book in depth. you must read this book to read another one. when setting a reading plan, you may wish to relax. in actual implementation, you must step up hard work and strictly implement it. you must not be lazy. the daily accumulation of the month was deeply worked, and the original unreasonable and doubtful doubts were naturally solved. when you have any questions in your heart, you should take notes at any time. as soon as you have a chance, you should ask the good teacher yiyou. be sure to understand its true meaning.

the room is clear. the wall is clean. several cases are clean.
the pen is zheng. ink grind. both heart.
the word is disrespectful. heart disease. list of classics.
there is a fixed. after reading. restore.
although there is anxiety. crushed. there is a shortage.
just make up. non -holy books. don't look at the screen.
well. bad heart. don't violently.
don't give up. holy and xian. tame.

[easy to solve] the study should be sorted and cleaned, and the walls should be kept clean. when reading, stationery such as pen and ink, paper, and other stationery should be neat and messy, and all of them are in order to calm down to read. the ancients should use a brush to write ink first. if they were absent, the ink would be missed. if the words written are crooked, it means that you are impetuous and your heart cannot be determined. books should be divided into different categories, arranged neatly, placed in a fixed position, and they must be returned to the restore place after reading. although there is an urgent matter to leave, take the book and leave it before leaving. the book is the crystallization of wisdom. if there is a defect, it must be repaired and keeps complete. it is not a book that preach the words and deeds of sages and bad books that are harmful to physical and mental health. they should abandon and not read, so as not to be polluted, wisdom, and ambitions to become unhealthy. when you encounter difficulties or setbacks, don't abandon yourself, don't have to be cynical, complain about the world, you should be angry and study hard. although the realm of sages is high, it can be achieved in order. ❤

disciples are easy to solve (end)
title: disciples three -character sutra
filial scriptures are easy to solve. welcome to print.
❤ minglun teach filial piety
read thousands of times. it is self -explanatory.
implement life. it really does.

the disciples' name is ""xunmengwen"", which was made by li yuxiu, a talented talent in the kangxi period of the qing dynasty. its content adopts the sixth articles of ""the analects of confucius"": ""the disciples enter the filial piety, and they are brothers, and they believe in the people, and they love the public, and they have the power to learn."" sentence yiyun compilation is divided into five parts to perform; specifically listed on the etiquette and norms that the children are at home, out of the country, taking care of people, studying, and studying. later, after the revision of jia cunren in the qing dynasty, it was renamed ""disciples regulations"". it was the best reading of enlightenment and educating children dunlun to prevent evil and consciousness, and develop a loyal family style.
title: changli
1. family affairs, do not say to outsiders.
for example, if you talk about the economic situation at home, the place where your family usually goes out, or when the family is expected to go, in case of the thief or someone who is interested, they will break through the empty door and do bad things.
in addition, the ancients said that the family was ugly. if complains and accusing their families of listening to outsiders, others could not help you solve the problem. it would not only hurt the dignity of the family, but also made outsiders impress your family. or outsiders pass the housework you said as a gossip. if the sky is chaotic and then spread back to your ears, it will not only be unable to argue, but also increase the family's heart.

2. buddhism: knowing that more methods are actually giving.
❤ faiba: wisdom and wisdom.
i often read the ancient sage books and do their best. let the general public pay attention to moral cultivation and distinguish between right and wrong, so that they will not argue with others or sin.
❤ 富。。.
foreign wealth is something outside of the body, money, clothes, food, etc., provided to those in need.
inner wealth is his own body. at home, we help our family to do housework, serve our family with our bodies, and help the poor to help the poor disadvantage. this is all fortune. only can it be available.
❤ the fearless giving is the reason, the obtained fruit is healthy and longevity.
everything is terrifying, fearful, and threatened by life. you help him leave all horror and let him be physically and mentally stable. this is called fearless giving.

3. see the person who is lost, don't say proud.
(those who understand the feelings of others can always think about others.)
when he encounters frustrated, sad, and lost people, he has been hit in all aspects and is very unhappy. it should be said that he can comfort him, instead of saying how much he is.
when others break their fortunes and lose their jobs, you say that you are promoted to get rich, which will make the other party even more unbearable. pride and pride itself is evil, let alone hurt people?
on the contrary, the mood that can be eliminated by others' nervousness or anxiety is good. even if you ca n’t help you, do n’t go down. don't do it because of goodness, don't do it because of evil.
it is not only violence and crime called evil deeds. the evil thoughts that people often can't stop are the source of disaster.
welcome to print. bleak","弟子规（3）
❤泛爱众
凡是人。皆须爱。天同覆。
地同载。

【易解】 只要是人，就是同类，不分族群、人种、性别、宗教信仰，皆应相亲相爱。同是天地所化育覆载的，应该不分你我，互助合作，才能维持这个共生共荣的生命共同体。
❤
行高者。名自高。人所重。
非貌高。才大者。望自大。
人所服。非言大。
❤
【易解】 德行高尚者，名望自然高显，大家所敬重的是他的德行，不是外表容貌。有才能的人，处理事情的能力卓越，声望自然不凡，然而人们所欣赏佩服的，是他的处事能力，而不是因为他擅于夸耀。
❤
己有能。勿自私。人所能。
勿轻訾。勿谄富。勿骄贫。
勿厌故。勿喜新。人不闲。
勿事搅。人不安。勿话扰。

【易解】 当你有能力可以为众人服务的时候，不要自私自利，只考虑到自己，舍不得付出。对于他人的才华，应当学习、欣赏、赞叹，而不是批评、嫉妒、毁谤。不要去讨好巴结富有的人，也不要在穷人面前骄傲自大，或者轻视他们。更不可以喜新厌旧，对于老朋友或旧事物要珍惜，对于新朋友或新事物不要贪恋。当别人正在忙碌的时候，不要去打扰他，当别人心情不好或身心欠安的时候，不要闲言闲语去干扰他，增加他的烦恼与不安。
❤
人有短。切莫揭。人有私。
切莫说。道人善。即是善。
人知之。愈思勉。扬人恶。
即是恶。疾之甚。祸且作。
善相劝。德皆建。过不规。
道两亏。

【易解】 别人的缺点，不要去揭穿。别人的隐私，切忌去张扬。赞美他人的优点或善行，就是行善。当对方听到你的称赞之后，必定会更加勉励行善。张扬他人的过失或缺点，就是行恶，如果指责批评太过分了，还会给自己招来灾祸。朋友之间应该互相规过劝善，共同建立良好的品德修养。如果有错不能互相规劝，两个人的品德都会有缺陷。
❤
凡取与。贵分晓。与宜多。
取宜少。将加人。先问己。
己不欲。即速己。恩欲报。
怨欲忘。报怨短。报恩长。

【易解】 财物的取得或给予，一定要分办清楚明白，宁可多给别人，自己少拿一些，才能广结善缘，与人和睦相处。要将事物加到别人身上，或要托别人做事之前，先要反问自己：「如果换成是我，我愿意吗？」如果连自己都不愿意，就要立刻停止。受人恩惠要记得报答。别人有对不起自己的事，应该宽大为怀把它忘掉。怨恨不平的事不要记在心中太久，过去就算了。别人对我们的恩德，则要铭记在心，感恩不忘，常思报答。
❤
待婢仆。身贵端。虽贵端。
慈而宽。势服人。心不然。
理服人。方无言。

【易解】 对待家中的婢女与仆人，要注重自己的品行端正并以身作则。虽然品行端正很重要，但是仁慈宽大更可贵。如果仗势强逼别人服从，对方难免口服心不服。唯有以理服人，别人才会心悦诚服没有怨言。

同是人。类不齐。流俗众。
仁者希。果仁者。人多畏。
言不讳。色不媚。能亲仁。
无限好。德日进。过日少。
不亲仁。无限害。小人进。
百事坏。

【易解】 同样是人，善恶邪正、心智高低却是良莠不齐。受风气流俗影响的人多，仁慈宽厚的人少。如果是真正有仁德的人，大家自然敬畏他，因为他说话公正无私没有隐瞒，又不讨好他人，所以大家自然会起敬畏之心。能够亲近仁德的人，向他学习，是很幸运的事，因为他会使我们的德行一天比一天进步，过错也跟着一天天减少。如果不肯亲近仁人君子，就会有无穷的祸害，因为不肖的小人会趁虚来接近我们，日积月累，我们的言行思想都会受到不良的影响，甚至使整个人生走入错误的方向。


不力行。但学文。长浮华。
成何人。但力行。不学文。
任己见。昧理真。

【易解】 不能身体力行孝、悌、谨、信、泛爱众、亲仁这些本分，一味死读书，纵然有些知识，也只是增长自己浮华不实的习气，变成一个不切实际的人，如此读书又有何用？如果只是谨守教诲，却不肯读书学习，就容易因不明事理，而依自己的偏见行事，造成错误而不自知，这也是不对的。

读书法。有三到。心眼口。
信皆要。方读此。勿慕彼。
此未终。彼勿起。宽为限。
紧用功。工夫到。滞塞通。
心有疑。随札记。就人问。
求确义。

【易解】 读书的方法要注重三到：眼到、口到、心到，三者缺一不可，如此方能收到事半功倍的效果。研究学问要专一、专精才能深入，不能这本书才开始读没多久，又欣羡其他的书，想看其他的书，这样永远也定不下心把一本书好好深入读通。必须把这本书读完，才能再读另外一本。在订定读书计画的时候，不妨宽松一些，实际执行时，就要加紧用功，严格执行，不可以懈怠偷懒。日积月累功夫深了，原先窒碍不通、困顿疑惑之处，自然而然都迎刃而解了。求学当中，心里有疑问时，应随时笔记，一有机会，就向良师益友请教，务必确实明白它的真义。

房室清。墙壁净。几案洁。
笔砚正。墨磨偏。心不端。
字不敬。心先病。列典籍。
有定处。读看毕。还原处。
虽有急。卷束齐。有缺坏。
就补之。非圣书。屏勿视。
蔽聪明。坏心志。勿自暴。
勿自弃。圣与贤。可驯致。

【易解】 书房要整理清洁，墙壁要保持干净。读书时，书桌上笔墨纸砚等文具要摆放整齐不凌乱，触目所及皆是井然有条，才能静下心来读书。古人写字使用毛笔先要磨墨，如果心不在焉，墨就会磨偏了。写出来的字如果歪歪斜斜，就表示你浮躁不安，心定不下来。书本应该分门别类，排列整齐，放在固定的位置，阅读完毕须归还原处。虽有急事要离开，也要把书本收好再离开。书本是智慧的结晶，有缺损就要修补，保持完整。不是传述圣贤言行的著作，以及有害身心健康的不良书刊，都应该摒弃不看，以免身心受到污染、智慧遭受蒙蔽、心志变得不健康。遇到困难或挫折的时候，不要自暴自弃，也不必愤世嫉俗、怨天尤人，应该发愤向上努力学习。圣贤境界虽高，循序渐进，也是可以达到的。 ❤

弟子规易解（终）
书名：弟子规 三字经 
孝经 易解。欢迎翻印。
❤明伦教孝
读书千遍。其意自现。
落实生活。确实做到。

弟子规原名＜训蒙文＞，为清朝康熙年间秀才李毓秀所作。其内容采用《论语》学而篇第六条：「弟子入则孝，出则弟，谨而信，泛爱众，而亲仁，行有余力，则以学文。」的文义以三字一句，两句一韵编纂而成，分为五个部份加以演述；具体列举出为人子弟在家、出外、待人接物、求学应有的礼仪与规范，特别讲求家庭教育与生活教育。后经清朝贾存仁修订改编，并改名为＜弟子规＞，是启蒙养正，教育子弟敦伦尽份防邪存诚，养成忠厚家风的最佳读物。
书名：常礼举要
1.家庭之事，不可向外人言。
举例来说，如果你讲到家里的经济状况、家人平常出入的地点，或是什么时间家人预计要去哪里，万一被小偷或是有心人士打听到了，他们会闯空门、做坏事。
另外，古人说家丑不可外扬，若是抱怨、指责家人给外人听，别人也不能帮你解决问题，不仅会伤害家人的尊严，也让让外人对你们一家印象不佳。又或者外人把你说的家务事都当成闲谈八卦传出去，若是说得天花乱坠再传回你耳中，不仅百口莫辩，也徒增一家人心里难受。

2.佛教：知道得到更多的方法其实是布施。
❤法布施：得聪明智慧。
常常读古圣贤书，并身体力行。让社会大众能够注重品德修养，能够分辨是非，才不会与人争执或是犯罪。
❤财布施得财富、功德。
外财就是身外之物，钱、衣服、食物等，提供给需要的人。
内财是自己身体。我们在家里面，帮助家人做家事，用我们的身体为家人服务，在外做义工帮助贫困弱势这都是财布施。能舍才有得。
❤无畏布施是因，得到的果报是健康长寿。
万物有恐怖、有畏惧、生命受到威胁，你帮助他离开一切恐怖，让他身心安稳，这叫无畏布施。

3.见失意人，不说得意语。
（明白别人感受的人总是能够多为别人着想呢。）
遇到失意、伤心、失落的人，他各方面都受到打击，很不得意，应该说点让他得到安慰的话，而不是说自己有多在行、多厉害。
当别人破了财，丢了工作，你却说自己升官发财，这会让对方更加不堪忍受。傲慢、骄傲本身即是恶，更何况用来伤人？
相反的，能够免除别人紧张恐惧或是忧虑的心情即是善，即便帮不上忙也千万不要落井下石。勿因善小而不为，勿因恶小而为之。
并非只有暴力、犯罪才叫恶行，人常常止不住的恶念也是灾难的源头。
欢迎翻印。"
1903,UgwqCtFUDHEsOnpWJeF4AaABAg,0,"guanyin bodhisattva [method of the da traveling water]
those who have a purely durable disciple of the sambo disciples can read da tragedy water conditional and give an association. when you read, you must first burn the incense to give a cup for opening the water (how much is not restricted); you should read: 1. xiangzan; 2. the mantra of jingkou; 3. southern wuda's compassion to save the most of the guanyin bodhisattva; 4. thousands of hands and thousands of eyes are not hindered great tragedy dharani (three sounds), great tragedy (forty -nine times); 5. mantra of the puppet; 6. nanwu great ferry guanyin bodhisattva (ten sounds). this great tragedy water can cure all the symptoms of all sizes. those who serve this water must first read the ten sounds of ""nanwu dafeng guanyin bodhisattva"" (such as children or sickness cannot read, all the relationships can be read with each other), and then take it and immediately work. if you serve this water or his family can make a wish, or take a few days a month, you can see the effect; until you diven the great virtue and the sorrowful water, the water can be infinite and the giving is infinite. determined.
[great tragedy mantra fire prevention law]
in addition to sprinkling in the housing housing with great tragedy water, a yellow yuan paper can be replaced, and the ceremony of chanting is the same as the above. think of the great tragedy mantra forty -nine times (that is, the seven o into one line, a total of seven lines), and on the four -corner o, the inspiration of the guanyin (that is, one of the ten small spells) per corner, add a small curse to the corner in the corner in the big o, and then burn this mantra to the stoves, it can avoid the fire of a house. if the meritorious meritorious merits can make the neighbors surrounding the neighbors be with the legal benefits without being returned.
【guanyin inspiration mantra】
alas. well. matta nihina. jidu topada. jaita. weida miles. saiden tower. bu li sitaga. na bu na na. nabili. toshn banner.
(kou nai) masaki. say 啰. shama.
【furnace xiangzan】
furnace incense is shining. meng xun in the legal world. the sea of ​​buddhas. surprisingly. clouds in the clouds. sincerity fang yin. the buddhas are all over the whole body. nanwu xiangyun gai bodhisattva mahasa (three names)
【jingkou mantra】
alas. xiu li xiuli. capricorn xiuli. xiu li. my mother -in -law.
【mantra mantra】
nanmo drank nahuro.佉。 佉. live and live. mo momo. tiger luo. alas. congratulations. su shi took it. alas. splash. my mother -in -law. (three times)
title: lenyan mantra · great tragedy mantra · ten mantra · heart sutra mantra explanation · release rites.
[effect of recite the great tragedy mantra]
1. 1. can get peace. 2. except all diseases. 3. prowning life. 4. get rich. 5. eliminate all the felony of bad karma. 6. difficult to get away. 7. grow all the merits of all white methods. 8. achieve all good roots. 9. stay away from all the horror. 10. at the end of the life, any buddha soil will be born.
2. guanyin fuxing white buddha's words: those who hold this spell have fifteen kinds of good students: 1. the place where the birth is often met with the good king. 2. nostalgia. 3. when the usual value is good. 4. changfeng good friends. 5. the roots are often sufficient. 6. the heart is pure. 7. do not commit banned ring. 8. all dependents, grace and smooth. 9. financial and wealthy food is often abundant. 10. heng gains others respectfully. 11. all treasures, no robbery. 12. the intention to ask for it is known. 13. longtian shan shen constant guard. 14. where you are born, see the buddha. 15 heard the fa -rectification, and enlightenment is deep.
not with fifteen kinds of evil:
1. do not die hard for hunger. 2. do not die for the babble. 3. do not die for the enemy. 4. do not kill each other. 5. do not kill tiger wolves and evil beasts. 6. dist in the poisonous snake scorpion. 7. do not burn to death for water and fire. 8. do not die in the poison. 9. do not kill the poison. 10. do not miss the madness. 11. do not die for the mountains and trees. 12. not to death for the wicked. 13. if you do n’t get evil gods and evil ghosts, you will die. 14. do not died for evil. 15. it is not a non -divided self -killed.
third, the recitation of this spell, 84,000 diseases in the world are treated.
fourth, if you recite meditation in the mountains, if there is a mountain essence, ghosts and gods disrupt, and recite this curse again, all the devils will be bound.
fifth, the person recite the holder, and when the guanyin is in the world, all the good gods and king kong are densely guarded.
6. if all sentient beings are seeking a wish, they will be fast on the 37th to recite this dharani, and they will be willing.

—— the above -mentioned great tragedy dharani sutra

great tragedy
1. nanwu drinking na yeye
2. nanwu aye
3. polylon emperor shuo bowe
4. bodhisattva
5. capricorn
6. capricorn
7. 唵
8. sajie punishment
9. niged 怛 怛 怛 怛
10. nanwu kiji kili 蒙 悉 悉 唎 唎 唎 10
11.
12. nanwan na 囉 囉 囉 囉 囉
13. 沙 咩 咩 1 1 1
14. sapa awa bean losing
15. ahandi pregnancy
16.
17. gunning special bean
18. 怛姪 him
19. 醯 醯 19 唵
20. lu jiadi
21. garo di
22. yiyi
23. capricorn bodhi sasa
24. sa po sa po
25. mo mo 摩
26.
27. judu julu meng
28. du ludu punish 卢 帝 帝
29. capricorn punishment
30. tuo tuo 陀
31. di guni
32. room buddha
33.
34. what is the penalty?
35. mu dili
36. ichi izu
37. the room of the room
38. aya shen buddha
39. punishment and punishment
40. buddha house
41. hu lu hu duo
42. hu lu, lu lu li li
43. 囉 囉
44.
45. su shi su shi
46. ​​bodhi night bodhi night
47. bodhisattva night bodhisattva night
48. mi di 弥 night
49. that 啰 啰
50. earth linia
51. po na mo na
52.
53. si tuo ye
54. 訶
55. capricorn night night
56. 訶
57. si tuo yuyi
58.
59. 訶
60. that 啰 啰
61.
62. mo 啰
63. 訶
64.
65. 訶
66. 摩 6 陀 娑 6 6
67.
68.
69. 訶
70. bota capricorn sita night
71.
72. that 啰 啰 啰 啰
73. 訶
74.
75. 訶
76.
77. nanwu aliya
78. bornei
79. shuo 皤 皤
80. 訶
81. 殿 唵 8 唵
82.
83. ba tuo
84. 訶
bleak","观世音菩萨【大悲水之念服法】
凡三宝弟子净口虔修者均可念大悲水疗疾，并布施结缘。念时，先须焚香顶礼，供开水一杯（多少不拘）；应念：1.香赞；2.净口业真言；3.南无大慈大悲救苦救难广大灵感观世音菩萨；4.千手千眼无碍大悲心陀罗尼（三声），大悲咒（四十九遍）；5.补阙真言；6.南无大悲观世音菩萨（十声）。此大悲水仗佛威力能治一切大小疑难之症。服此水者必须素口先念「南无大悲观世音菩萨」十声（如小儿或病者无法念时，凡有关系之人均可同声代念），然后服下，立刻见效。如服此水者或其家人能发愿放生，或每月斋素几日，尤见功效；至若潜修大德念大悲水时，水可无限而布施亦无限，此随发心者功德如何而定。
【大悲咒防火灾法】
除用大悲水遍洒居屋可免火灾外，可改备黄元纸一张，念咒时仪式同上述；每念大悲咒一遍于此黄纸上印一红。共念大悲咒四十九遍（即印七O成一行，共七行），并于四角O上，每角加念观音灵感真言（即十小咒之一）一遍，加一小咒于角上大O内，然后将此咒纸焚于各家灶君座前，能免一宅火灾。如念咒者功德圆满，能使四周邻舍同受法益，不遭回禄。
【观音灵感真言】
唵。嘛呢叭弥吽。麻曷倪牙纳。积都特巴达。积特些纳。微达哩葛。萨而斡而塔。卜哩悉塔葛。纳补啰纳。纳卜哩。丢忒班纳。
（口奈）麻嚧吉。说啰耶。莎诃。
【炉香赞】
炉香乍爇。法界蒙薰。诸佛海会。悉遥闻。随处结祥云。诚意方殷。诸佛现全身。南无香云盖菩萨摩诃萨（三称）
【净口业真言】
唵。修利修利。摩诃修利。修修利。娑婆訶。
【补阙真言】
南谟喝囉怛那哆囉夜耶。佉啰佉啰。俱住俱住。摩啰摩啰。虎罗。吽。贺贺。苏怛拿。吽。泼抹拿。娑婆訶。 （三遍）
书名：楞严咒·大悲咒·十小咒·心经神咒功德说明·放生仪轨。
【诵持大悲咒之功效】
一、1.能得安乐。 2.除一切病。 3.延年益寿。 4.得富饶。 5.灭除一切恶业重罪。 6.离障难。 7.增长一切白法诸功德。 8.成就一切诸善根。 9.远离一切诸怖畏。 10.临命终时，任何佛土，随愿得生。
二、观世音复白佛言：持此咒者，得十五种善生：1.所生之处常逢善王。 2.常生善国。 3.常值好时。 4.常逢善友。 5.身根常得具足。 6.道心纯熟。 7.不犯禁戒。 8.所有眷属，恩义和顺。 9.资具财食，常得丰足。 10.恒得他人恭敬扶接。 11.所有财宝，无他劫夺。 12.意欲所求，皆悉称遂。 13.龙天善神恒常拥卫。 14.所生之处，见佛闻法。 15所闻正法，悟甚深义。
不受十五种恶死：
1.不为饥饿困苦死。 2.不为枷禁扙楚死。 3.不为冤家仇怼死。 4.不为军阵相杀死。 5.不为虎狼恶兽残害死。 6.不为毒蛇虺蝎所中死。 7.不为水火焚漂死。 8.不为毒药所中死。 9.不为蛊毒害死。 10.不为狂乱失念死。 11.不为山树崖岸坠落死。 12.不为恶人魇魅死。 13.不为邪神恶鬼得便死。 14.不为恶病缠身死。 15.不为非分自害死。
三、诵持此咒者，世间八万四千种病，悉皆治之。
四、若在山野诵经坐禅，如有山精魍魉鬼神扰乱，诵此咒一遍，诸鬼魔皆被缚。
五、如法诵持者，观世音时敕一切善神、金刚密迹，常遂护卫，不离侧，如护眼命。
六、若诸众生现世求愿者，于三七日净持斋戒，诵此陀罗尼，必果所愿。

－以上节录大悲心陀罗尼经

大悲咒
1.南无喝囉怛那哆囉夜耶
2.南无阿唎耶
3.婆卢羯帝烁钵啰耶
4.菩提薩埵婆耶
5.摩诃薩埵婆耶
6.摩诃迦卢尼迦耶
7.唵
8.萨皤囉罚曳
9.数怛那怛写
10.南无悉吉栗埵伊蒙阿唎耶
11.婆卢吉帝室佛啰楞驮婆
12.南无那囉谨墀
13.醯唎摩诃皤哆沙咩
14.萨婆阿他豆输朋
15.阿逝孕
16.萨婆萨哆那摩婆萨多那摩婆伽
17.摩罚特豆
18.怛姪他
19.唵阿婆卢醯
20.卢迦帝
21.迦罗帝
22.夷醯唎
23.摩诃菩提薩埵
24.萨婆萨婆
25.摩啰摩啰
26.摩醯摩醯唎驮孕
27.俱卢俱卢羯蒙
28.度卢度卢罚闍耶帝
29.摩诃罚闍耶帝
30.陀啰陀啰
31.地唎尼
32.室佛啰耶
33.遮啰遮啰
34.么么罚摩啰
35.穆帝隶
36.伊醯伊醯
37.室那室那
38.阿啰参佛啰舍利
39.罚娑罚参
40.佛啰舍耶
41.呼卢呼卢摩啰
42.呼卢呼卢醯利
43.娑囉娑囉
44.悉唎悉唎
45.苏嚧苏嚧
46.菩提夜菩提夜
47.菩驮夜菩驮夜
48.弥帝唎夜
49.那囉谨墀
50.地利瑟尼那
51.婆夜摩那
52.娑婆訶
53.悉陀夜
54.娑婆訶
55.摩诃悉陀夜
56.娑婆訶
57.悉陀喻艺
58.室皤囉耶
59.娑婆訶
60.那囉谨墀
61.娑婆訶
62.摩啰那囉
63.娑婆訶
64.悉啰僧阿穆佉耶
65.娑婆訶
66.娑婆摩诃阿悉陀夜
67.娑婆訶
68.者吉啰阿悉陀夜
69.娑婆訶
70.波陀摩羯悉陀夜
71.娑婆訶
72.那囉谨墀皤伽囉耶
73.娑婆訶
74.摩婆利胜羯啰耶
75.娑婆訶
76.南无喝囉怛那哆囉夜耶
77.南无阿利耶
78.婆罗吉帝
79.烁皤囉耶
80.娑婆訶
81.唵悉殿都
82.漫多啰
83.跋陀耶
84.娑婆訶
"
1757,UgwrExyK24M1ydlvq4B4AaABAg,0,"i love your beautiful heart the respect and goodness you give to your grandma
you are beautiful girl ❤❤❤","我爱你美丽的内心，你给祖母的尊重和善良
你是美丽的女孩❤❤❤"
1535,UgzsO04yrz4rNMXKZyR4AaABAg,0,"liziqi great video as always.
love and respect ❤️
cam on em!!","Liziqi一如既往地很棒的视频。
爱与尊重❤️
cam上的em！"
13412,UgyeWhNy8puBwTgtdkl4AaABAg,0,i respect the photographer,我尊重摄影师
13484,UgyF9tEuMsV68gW_9F14AaABAg.95O4S11kPAl95gVn3itEey,0,"j meng, you are a vegetarian, i respect you, because there are many people in the world different, and there are many differences in the same difference in differences. you can think that your own values ​​are correct, but you can't impose your values ​​on others, saying ky in a video that is not a vegetarian. since you have good publicity with us, we must refute us. the concept of causal cycle retribution is said in the dharma, but did the dharma tell you to respect others? since you talk to me ""peace"", but your speech is ominous at all, it seems to be gentle and sharp. you have eaten vegetarian food for so many years, and you do n’t see that the whole person is full of “peace” atmosphere. if you have “peace”, it will also let you threaten those who do n’t eat vegetarian reimbursement? you have been eating for so many years.",J Meng 你是一个素食者，我尊重你们这个群体，因为世界上跟我们不一样的人很多，要抱有求同存异。你可以认为你自己的价值观是正确的，但你不能把你的价值观强加于别人，在不是素食者的视频下说着ky的话。你既然跟我们宣传素食观念好，就必须做好我们对你的反驳。因果循环报应的理念是佛法里所说的，但佛法有没有跟你讲要尊重别人？你既然跟我讲“祥和”，但你讲话可一点都不祥和，看似温和实则尖锐。你吃了这么多年素食，也没见你整个人充满“祥和”氛围，有“祥和”的话还会让你威胁不食素者会有报应？你这么多年的素也是白吃了。
19756,Ugzfg9JmfkfImNTZQzF4AaABAg,0,in west we throw food and overproduce. we should show respect for each other and nature. thank you for this video! i hope that this will make people wake up soon and fight for the beauty of the nature.,在西部，我们扔了食物和过度生产。我们应该互相尊重和自然。谢谢您的视频！我希望这将使人们尽快醒来并为大自然的美丽而战。
13514,UgzHNkWVevU4lPecncx4AaABAg,0,"this woman is worth gold
my respects and admiration blessings and greetings from los angeles ca.","这个女人值得黄金
我的尊重和钦佩的祝福和问候。"
19727,Ugyit92PLd1_rudO7Lx4AaABAg,0,"hk youngsters should perhaps learn how to sustain from scratch, learn not to take things for granted, to respect the elders and appreciate what mother nature had to offer than just playing too much games, wasting and complaining of no freedom when they had plenty. they may think they are superior than a mainlander but they are more uncivilized",香港香港青少年也许应该学习如何从头开始维持，学会不要把事情视为理所当然，尊重长者和欣赏大自然所提供的东西，而不是玩太多游戏，浪费和抱怨他们有很多自由。他们可能认为他们比大陆优越，但他们更不文明
19706,UgybMtVSAO_-X-W93HB4AaABAg,0,what a woman who deserves all respect,一个应有的尊重的女人
19257,UgzuHthT019U8ZZ-fSV4AaABAg,0,"salute and respect for him, cook anything, how come it's not finished,",敬礼和尊重他，做任何事情，怎么还没有结束，
19185,UgxVI9AnImreZo9YuU54AaABAg,0,how rich you see what they cook sorry that i cannot travel to that place to try their meals and know about their traditions but my respects,您看到他们做什么，他们对他们烹饪的富裕程度，我无法去那个地方尝试他们的饭菜并了解他们的传统，但我的尊重
18666,Ugz-HZvf8Ji8D4NUK8N4AaABAg.92PQwmvpLKf92QGlCrPhcA,0,@peacerespect98 thanks for liking them! she has done a fantastic job that china's government could not do yet. i also hope that more people could get chinese culture better through her videos. by the way i come from china :),@pecerespect98感谢您喜欢它们！她做得非常出色，中国政府还无法做到。我也希望更多的人能够通过她的视频来更好地获得中国文化。顺便说一句，我来自中国:)
17386,UgzpONnO8ysIUopexzB4AaABAg.92knIKq5sJf92rI0Eyzm2C,0,"ta le i cannot put the chinese government as the best, but it is the only government i trust. i love my country and i respect the government.",我不能将中国政府作为最好的，但这是我信任的唯一政府。我爱我的国家，我尊重政府。
17044,UgzXKyxo6-PDTpHTHOJ4AaABAg.92oN4Rgb48S92pQDzPXkW4,0,"however, the mentality of diligent and serious work is worthy of our learning ... hard work is a respectable beauty!",不过勤奋认真的做事心态是值得我们学习…努力工作都是值得尊敬的美人!
16743,UgyoODP6O-kZn2tUhhl4AaABAg,0,respect,尊重
16346,Ugzazl5yt1jvfafBbhV4AaABAg.92wKrwOh9Mm92wb5_CT4n6,0,"i'm a normal person in china, there are many ways to access youtube.
youtube is forbidden in china, the same way huawei is banned in the us. huawei is accused for no evident reasons, however, there are indeed many political forces on ytb expressing biased/fake news about china.
politics are everywhere, i don't like any of them. in politics, nobody represent justice, they only represent interests of respective forces. my choice is to ignore them, searching for happiness and good wills. i found them in li's videos, and dislike those relate them to politics.","我是中国的普通人，有很多访问YouTube的方法。
YouTube在中国被禁止，与美国禁止华为一样。华为被指控没有明显的原因，但是，YTB上确实有许多政治力量对中国表示有偏见/假新闻。
政治无处不在，我不喜欢他们中的任何一个。在政治上，没有人代表正义，他们仅代表各自力量的利益。我的选择是忽略他们，寻找幸福和善意。我在李的视频中找到了它们，并且不喜欢那些将它们与政治联系起来。"
1089,Ugzl4rYjPHgbBj8vkcp4AaABAg,0,"faced with this person's heart more and more corrupted. the world where natural disasters and people are constantly, people have more and more conflicts, and more and more illegal things are. it is mentioned: you will hear the sound of fighting and fighting, don't panic. these things must be available, but the last period has not yet arrived. the people want to attack the people, the country must attack the country; there must be earthquakes and famines in many places. this is the beginning of disaster ...

in the distant past, the world of noah's life was like such corruption today. at that time, god regretted making people (all people thought at that time were all evil), so god wiped out with the floods (only stayed in staying (only stayed in staying because of his ""fear of god""), human ancestor adam, adam, chose to accept the temptation and did not follow god. from then on, he entered the world. today, our world, enjoy the convenience brought by technology, the emergence of the internet , make the world a global village, but people's relationships have become more complicated, violent porn information, etc., constantly seduce the world to sin, we live in a world of deceit happy, no longer respect others. this lifestyle makes us more and more farther away from god. it is also unpleasant to god. many people do not know the god who creates the universe or does not want to know god, does not want to know the gospel. it is superstitious, but the bible tells us that god was the versatile god that was in the past and eternal in the past, and god hated ""sin"". no longer the same, we have lost eternal life, life is limited, and god has set a day to judge the world according to the people (jesus) set up by his (jesus). god loves the world. the only sons jesus became a flesh, nailed to ten, and the life of our sinful life with his innocent life was resurrected three days after his death. sitting on the right of god jehovah, so that we could pardon through jesus, repentance and was baptized. the holy spirit believes that jesus becomes a savior, so that we have a new style, and then live according to the inspiration of the bible. jesus said: you have a lot of love for people, and you have more forgiveness. ; what amount do you use to give you, and what amount to use will be used to give you .. similar teaching bibles are inspired. if we are willing to obey, we will have the opportunity to save.

we live in the scientific era, and people no longer believe in god, but we can't see that it does not mean nothing. the busy life makes us have no time to think. what will we face after death? since the outbreak of the new crown virus, we are becoming more and more feeling the impermanence and fragility of life, jesus told us in lujia gospel: a sinner repent, and he must also happy for him in the sky, and he is more happy than ninety -nine righteous people who do not have to repent. god loves us to be close to him. we are all created in the style of god. we must never be punished because of sin, so the last days have been extended for a long time. they are looking for those who belong to him.
the gospel of john mentioned: jesus said, ""i am the road, truth, and life, and no one can get to the father if she doesn't use me.
dear friend, jesus christ is the grace of god. god's mercy on the world allows us to receive this grace in vain without paying any cost. the choice, please study the bible (with app) to understand god's grace and jesus' teaching of sin, or go to the church to understand the gospel, (there is a fake blessing to confuse the world, we need to distinguish it) family, i wish you peace.","面对这个人心愈来愈败坏ˋ天灾人祸不断的世界,人们冲突愈来愈多,不法的事情也愈来愈多,许多人的爱心渐渐冷淡,这些世界的景况,耶稣在马太福音里就有提到:你们将听见打仗和打仗的风声，不要惊慌。这些事是必须有的，只是末期还没有到。民要攻打民，国要攻打国；多处必有地震、饥荒。这都是灾难的起头..

在遥远的过去,挪亚生活的年代世界就犹如今天这样的败坏,当时神后悔造人(那时的人所思所想尽都是恶),于是神就用大洪水灭绝所有人(只有留下挪亚因为他""敬畏神""),人类祖先亚当ˋ夏娃选择接受诱惑而不顺从上帝,从此罪就入了世界,时至今日我们的世界,享受科技带来的便利性,网路的出现,让世界成为一个地球村,但是人们的关系也变的复杂,暴力ˋ色情资讯等等,不断的在诱惑世人犯罪,我们就生活一个诡诈ˋ谎言ˋ贪婪ˋ欲望无止境的世界里,人们追求自我快乐,不再尊重其他人,这样的生活方式让我们离上帝愈来愈遥远,也是上帝不喜悦的,很多人不清楚创造宇宙的上帝或者不想了解上帝,不想知道福音,认为时代那么进步这都是迷信,但是圣经告诉我们上帝是昔在ˋ今在ˋ以后永在的全能神,并且上帝恨恶""罪"",在亚当ˋ夏娃选择不顺从神的结果,让我们因为罪和圣洁的神属性不再一样,我们也失去永生,生命受到限制,而神已经定了日子，要借着祂所设立的人(耶稣)按公义审判天下,神爱世人.上帝在二千年前差了祂的独生子耶稣道成肉身,钉上十架,以祂无罪的生命代替我们有罪的生命赎罪,死后三天复活,坐在上帝耶和华神的右边,让我们可以借着耶稣罪得赦免,悔改ˋ受洗ˋ领受圣灵ˋ相信耶稣成为救主,让我们有新生的样式,之后按照圣经的启示来生活,耶稣说:您对人付出的爱多,您的赦免就多,你们怎样论断人，也必怎样被论断；你们用什么量器量给人，也必用什么量器量给你们..类似的教导圣经都有启示,如果我们愿意顺服,都有机会得救.

我们活在科学时代,人不再相信有神,,不过看不到不代表没有,忙碌的生活让我们没有时间思考,人死后接下要面对什么?自从新冠病毒爆发以来,我们愈来愈感到生命的无常以及脆弱,耶稣在路加福音告诉我们:一个罪人悔改，在天上也要这样为他欢喜，较比为九十九个不用悔改的义人欢喜更大。神是喜爱我们亲近祂的,我们都是按着神的样式造的,绝对不要我们因为罪而受罚,所以末后的日子延长了很久,(耶稣离开2千年了)神要世人悔改归向祂,天天都在寻找归向祂的人.
约翰福音提到:耶稣说“我就是道路、真理、生命若不借着我，没有人能到父那里。
亲爱的朋友,耶稣基督就是神的恩典,神怜悯世人让我们不用付出什么代价就可以白白的领受这个恩典,末世的征兆愈来愈显明,在有限的生命里尽快的接受福音绝对是您最好的选择,恳请您研读圣经(有app)来了解神的恩典以及耶稣对罪的教导,或是到教会了解福音,(有假福音在迷惑世人,需要明辨)让我们一同进入神国的大家庭,祝平安ˋ喜乐."
15762,UgxK49VoMs3PrmNW7MN4AaABAg.935LFNJXJmY936mPtbJ7XN,0,she is extending her videos to cover not only her hometown but all traditional chinese culture. very well done. much respect !,她正在扩展视频，不仅涵盖了她的家乡，而且涵盖所有传统的中国文化。做得太好了。非常尊重！
15487,UgwXOaZVvr4IyKKdFd14AaABAg,0,we can know she doing everything real or not just look at her hand !!! she didn’t have beutiful hand like her face !! n i’m so respect her n proud with her life she so amazing n beutiful,我们可以知道她做的一切真实，而不仅仅是看着她的手！！！她没有像脸那样美丽的手！我非常尊重她的生活，她为她的生活感到骄傲，她真是太神奇了。
15429,UgxM6M0zpu3k7SD32RR4AaABAg.93FjALA-hss9AdQhael_6Q,0,"strait arrow 
who gave you the self confidence to say “i just made one statement”? do i need to remind you again that making statements require supportive evidence, especially when you are accusing others? look at the random titles and random accusations you made against random targets, none of them have supportive evidence really. don’t copy my words but seeing you biting around i frankly think the metaphor was quite suitable to you. i hate to repeat my word but do pay respect to those who work hard behind the scene, and take responsibility for your own words.","海峡箭头
谁给了您自信地说“我刚刚发表了一句话”？我是否需要再次提醒您，制作陈述需要支持证据，尤其是在指责别人的情况下？查看您针对随机目标的随机标题和随机指控，它们实际上都没有支持证据。不要复制我的话，但是看到你在咬我的话，坦率地认为隐喻非常适合您。我讨厌重复我的话，但请尊重那些在现场努力工作的人，并对自己的话负责。"
15345,UgxnrGXbB957EUtOGhV4AaABAg,0,daymnn i have so much respect for a woman who hugs bamboo shoots,Daymnn我非常尊重一个拥抱竹芽的女人。他们是非常痒的人
15232,Ugz7zi2aPHehxt7yF-t4AaABAg,0,this is some kind of paradise right for those who love to eat a respectable respect,对于那些喜欢吃可敬尊重的人来说，这是某种天堂
14785,UgwdmJRj1DfY6TOiI0d4AaABAg,0,"i am from vancouver island canada and have so enjoyed your videos . i have great respect for your hard work and the beautiful nation of china and the first time i watched a video from your channel it brought tears of joy to my eyes i was quite surprised by that ☺️
we have places on the island that could be great places for a show styled after yours . i am a man and not near as beautiful or graceful as you so i don’t think filming myself would be as popular as if maybe you were to come and do some special episodes here in canada .
well please be careful and keep making these gorgeous videos for the world , it’s truly admirable and does so much good for people it is awesome ! thank you very much","我来自加拿大温哥华岛，非常喜欢您的视频。我非常尊重您的辛勤工作和美丽的中国国家，并且第一次看您的频道视频时，这给我带来了喜悦的眼泪，我对那个☺️
我们在岛上有一个地方，可能是您以您的表演方式进行表演的好地方。我是一个男人，不像你那样美丽或优雅，所以我认为自己拍摄不会像您要来在加拿大做一些特别的情节一样受欢迎。
好吧，请小心，并继续为世界制作这些华丽的视频，它确实令人钦佩，对人的好处真是太棒了！非常感谢"
14498,UgxCH5toeWyW9R_WPKR4AaABAg,0,"this young and pretty woman just makes good food, but also shows how to make solid everyday objects from natural recurs! my respect! greetings from switzerland ...",这个年轻而漂亮的女人只是做好食物，但也展示了如何从自然复发中制成坚固的日常物体！我的尊敬！来自瑞士的问候...
14195,UgyhIxeeyWFxPGzKlJJ4AaABAg.94PwainpyWv94Ql6NkcugN,0,i respect ur opinion but human will be extinct or at least vestigial without eating meat.,我尊重您的意见，但人类将灭绝或至少不吃肉。
14060,UgzGmFl3YIERl4Gh71R4AaABAg,0,clever lady ı respect,聪明的女士尊敬
13911,UgzgNqK7hbt0A3DyOGJ4AaABAg,0,"good, brave, dare to say. that is all i want to tell me and very respect you.",好，勇敢，敢说。这就是我要告诉我的一切，并非常尊重你。
13863,UgwtUIWGzgLnNmNQw7V4AaABAg,0,"i do not believe that ths is an impoverished unfortunate soul. ths woman is of noble means, which is why she able to find & harvest fresh original bamboo shoots ages old for their size & able too harvest fresh river shellfish . but i am not a hater. i appreciate & admire her fortune to be able to share with the global community her blessings and happenstance. it's a relief to those of us less fortunate fighters of presence & human being. i have subscribed to this channel. i am an african-american blk male taking pleasure in viewing this asian woman sharing her story to the world. i know she is much more than she appears...but she holds to her legacy of tradition & privilege by sharing her views to the world. a most beautiful & amazing view from her post. i pray she honors and give respect to the lives of the souls who sustain her privileges that we do not see on you tube!",我不相信Ths是一个贫穷的不幸灵魂。这位女人是高尚的手段，这就是为什么她能够找到并收获新鲜的原始竹芽，因为她们的尺寸是老化的，并且能够收获新鲜的河贝类。但是我不是仇恨者。我感谢并钦佩她的命运，能够与全球社区分享她的祝福和偶然性。这让我们中的那些人不幸的战斗机和人类感到欣慰。我已经订阅了这个频道。我是一名非裔美国人的男性男性，很高兴观看这位亚洲妇女向世界分享她的故事。我知道她比她看起来更重要……但是她通过向世界分享自己的观点来掌握自己的传统和特权。她的帖子中最美丽，最神奇的景色。我祈祷她的荣誉，并尊重灵魂的生活，这些灵魂维持她在你看来没有看到的特权！
13794,UgyesiL07gLcmj0rpg94AaABAg,0,paradise on earth.respect for your courage,地球上的天堂。
13641,UgwhXFPayF9M69j5bIl4AaABAg,0,this video shows why we like and respect china.,该视频显示了我们为什么喜欢和尊重中国。
34401,UgyDNcGMHc0p9n4AzY14AaABAg,0,really respectfull,真的很尊重
