,cid,votes,含hardworking,含hardworking中文翻译
33747,UgxQ4obKp7Mzrv-Mbi54AaABAg.8vAAkm2tSd48vFGectdxIJ,3000,"absolutely. we live in a system created by mankind that is designed for us to become ""successful"". i ask you. being stressed, overworked, depressed is better than this simple, satisfying, honest, hardworking lifestyle?",绝对地。我们生活在人类创建的系统中，该系统旨在使我们变得“成功”。我问你。压力，劳累过度，沮丧比这种简单，令人满意，诚实，勤奋的生活方式更好？
48637,UgxO5xURd6JZzLOpPBN4AaABAg,948,"she's so elegant and hardworking, and there i am, hungry but too lazy to get off the couch to get some snacks",她是如此优雅而勤奋，我在那里，饿了，但是懒得下沙发去吃一些小吃
15625,UgyXRaztSJ9IRryX5hp4AaABAg,499,"she is so hardworking, doing millions of things every day. i feel like i am too lazy...",她是如此努力，每天做数百万件事。我觉得我太懒了...
11562,UgzV9_5Gzc-peiVcKK94AaABAg,195,"thatโ€s the most hardworking girl iโ€ve ever seen. i want to have her talent and sweet, patient temperament.",那是我见过的最勤奋的女孩。我想拥有她的才华和甜美，耐心的气质。
33679,UgzWN181mjwUa1cYTEF4AaABAg,122,"fairy tales type of girl, beautiful hardworking...
you are real cinderella...
your house, garden , forest., utensils , everything is like a fairy tale story...","童话类型的女孩，美丽的勤奋...
你是真正的灰姑娘...
您的房子，花园，森林，餐具，一切都像一个童话故事..."
13223,UgwnJv93RAGgwj5NRf94AaABAg,99,she is a brilliant girl because she knows everything. she is hardworking girl.,她是一个聪明的女孩，因为她知道一切。她是勤奋的女孩。
48934,Ugy_Uy_ejNzufvE5Irx4AaABAg,82,wow. she is a hardworking young lady and beautiful. she was so cute when she went to cover her grandmas ears. then she was the one who jumped. lol.,哇。她是一位勤奋的小姐，很漂亮。当她去遮住祖母耳朵时，她真可爱。然后她是跳跃的人。哈哈。
12556,UgyDYTKXiEQyhi9m2ll4AaABAg,73,this is why i love china. they are very hardworking and very talented. they made for themselves. and so peaceful place it is,这就是为什么我爱中国。他们非常勤奋，很有才华。他们为自己做了。如此和平的地方是
10006,Ugzv1BoF0naJsVmCujl4AaABAg,69,watching hardworking people achieving their goals... suddenly me and my lazy ass thinking i want that life...,看着勤奋的人实现自己的目标...突然我和我懒惰的屁股以为我想要那个生活...
22828,UgxeONDnwrQlHsaOEqd4AaABAg,38,"i'm from china, and i'm proud of liziqi, who presents our culture and civilization, even if who brings back all my old childhood memories in village, wonderful years, also i miss my grandmother so much. chinese always love peace and hardworking from time immemorial . welcome every friends to visit china.^_^",我来自中国，我为利兹奇（Liziqi）感到骄傲，利兹奇（Liziqi）呈现了我们的文化和文明，即使谁带回了我在村里的所有童年记忆，也很想念我的祖母。中国人总是喜欢远古时代的和平与勤奋。欢迎每个朋友访问中国。^_^
11382,UgzwEjcZZMS4bLGJx8d4AaABAg,22,she's the ideal woman : decent clothing; hardworking.......and that place is just awesome... that's where i wanna live ๐’โค๏ธโค๏ธ๐’โค๏ธโค๏ธ,她是理想的女人：体面的衣服；努力工作.......那个地方真是太棒了...那是我想住的地方
11705,Ugxu1Fd_6H0qtWKPL-14AaABAg,19,"i'm really proud of this girl, because she's really clean and very hardworking๐‘๐‘๐‘๐’ช๐๐",我真的为这个女孩感到骄傲，因为她真的很干净而且很努力工作
6728,UgxMlVciFcabTY1N4NR4AaABAg,17,"what a cool, hardworking hostess she is, i especially like how she relates with love to her grandmother, i immediately remember my grandmother",她是一个多么酷，勤奋的女主人，我特别喜欢她与祖母的爱情关系，我立即记得我的祖母
40054,UgygK98eVwoBeT_8F1R4AaABAg,15,"oh what a beautiful video !!!! ... so much peace transmitted to me, and the girl is so beautiful and so hardworking,",哦，多么美丽的视频！
14959,UgzQFZjwbIZbXdm0Jsx4AaABAg,14,"this warms my heart..everything looks delicious and well prepared..
you are hardworking and kind
i want this kind of life..where everything is simple and with nature","这使我的心温暖..一切看起来都很美味，准备充分。
你在努力工作
我想要这种生活。一切都很简单和自然"
25845,UgxCQ5BHKMg5MXGZefF4AaABAg,11,wow she really just inspired me to become more feminine and hardworking at the same time ๐,哇，她真的只是启发了我变得更加女性化和努力工作。
16856,UgxLNW1P3lxL7potNSh4AaABAg,11,we all need a girl like her. so hardworking and talented.,我们都需要一个像她这样的女孩。如此勤奋和才华。
35502,Ugw4KzgbiresLHig9Zh4AaABAg,9,๐‘ory what is a hardworking girl ๐น๐น๐น๐น๐น clever ๐‘๐‘๐‘ hostess ๐น๐น๐น๐น,什么是一个勤奋的女孩
37739,UgzdqA8YfoGbtHSInKx4AaABAg,8,"8:52 nice hiroshima lemon. 
jk nice video, you are very talented and hardworking!","8:52漂亮的广岛柠檬。
JK不错的视频，您非常有才华和勤奋！"
10684,UgwYf20OX6TVJpvU9yN4AaABAg,8,hardworking and economic girl.,勤奋和经济女孩。
46171,UgxkVzleKHYbc5ExVqV4AaABAg,7,stunningly beautiful video !!! what a hardworking girl),令人惊叹的美丽视频！！！多么勤奋的女孩）
27923,UgxNkWh1YYDWI7UZPVB4AaABAg,7,"your such an hardworking ,did you done masters in cooking, ๐๐ great ..",您这么努力的工作，您在烹饪方面做过硕士学位吗？
1430,Ugz0z5fhSnU5jc0fpfx4AaABAg,7,"she is such a lovely girl & very hardworking also. the vibes of her video really attracts those people who are interested to rural area but they can't stay & they missed also the rural area's beauty. so from her everyone can get a sweet taste of it.
love from bangladesh liziqiโค๏ธโค๏ธ","她是一个如此可爱的女孩，也很努力。她的视频的共鸣确实吸引了那些对农村地区感兴趣的人，但他们不能留下来，他们也错过了农村地区的美丽。因此，从她那里，每个人都可以获得甜美的味道。
来自孟加拉国的爱情"
6745,Ugz3E_69007uDPNzX_t4AaABAg,6,every daughter should be hardworking like u,每个女儿都应该像你一样努力工作
27024,UgzLKdrgkLwZ65lu-fh4AaABAg,5,this is very very beautiful place.ur good hardworking girl.i like ur all videos..i m from kerala.๐,这是非常非常美丽的地方，好勤奋的女孩。我喜欢您的所有视频..我来自喀拉拉邦。
11769,Ugw7RZqG7Noxu6iR83J4AaABAg,4,i live in russia. and so like to look at a beautiful and hardworking girl !! the beauty of places does not cease to surprise.,我住在俄罗斯。所以喜欢看一个美丽而勤奋的女孩！地方的美丽并没有停止惊讶。
29150,Ugx5WSC5XCu2dUH3qWp4AaABAg,4,really chinese are the most talented and most hardworking people in the world....,真正的中国人是世界上最有才华，最勤奋的人。
37321,Ugz5YvKEvOxSErPeUil4AaABAg,4,i love how patient and hardworking she is โค๏ธโค๏ธโค๏ธโค๏ธโค๏ธ,我喜欢她的耐心和努力工作。
52431,UgyiGL5i-9LimuB-Hxx4AaABAg,4,"love her hard work 
hope that she will get a husband as hardworking as her","爱她的辛勤工作
希望她能像她一样努力工作"
49401,Ugwc2G9zgVIeMLRaiRB4AaABAg.8qm7ZLnWwLu8qubYsvt_qe,4,"@mick1937 of course it's great editing and phenomenal cinematography, and that's why this channel is so good. but you can't make something out of nothing. you ca see she's so talented and hardworking.",@mick1937当然是很棒的编辑和惊人的摄影，这就是为什么这个频道如此出色的原因。但是你不能一无所有。您看到她是如此有才华和勤奋。
16740,Ugx53dRaunGipg_w8uF4AaABAg,3,"i just love liziqi. she is a modern princess and is just amazing. but... she is not a goddess like all ya’ll think she is. she is human just like us. this video is proof that humans are not perfect, even is they are hardworking and talented. (https://www.youtube.com/watch?v=auw1_2xbywm) watch till the end and you’ll see what i mean.",我只是爱Liziqi。她是一位现代公主，真是太神奇了。但是...她不是像所有人一样的女神。她像我们一样是人类。该视频证明了人类并不完美，即使他们在努力工作和才华横溢。 （https://www.youtube.com/watch?v=AUW1_2XBYWM）直到最后，您就会明白我的意思。
19831,UgyTQdr4ht2C6TjRvft4AaABAg.95I2cr0D_Rv96YHrHIIniX,3,"she does have a team that helps planning and shooting, but she's also experienced and hardworking;-)",她确实有一个团队可以帮助计划和射击，但她也经验丰富且勤奋；-)
42658,UgxnbhWtD8x5eTg19fR4AaABAg,3,"you are one of the best people who could ever exist on this earth :) you are beautiful, so hardworking, so skilled so amazing in everything.....

your videos are like medicine to me.... what a lifestyle","您是地球上有史以来最好的人之一：)您很漂亮，如此勤奋，如此熟练的一切都如此惊人.....

你的视频对我来说就像药一样。"
25509,UgxVoXVd1QT317Nxqp14AaABAg,3,she has to be the most badass hardworking person i have seen in a long time. hereโ€s hoping sheโ€s doing well. having a good life.,她必须是我很长时间以来见过的最糟糕的人。希望她一切都好。有美好的生活。
20152,UgzmAfjrjXsMVSppyzp4AaABAg,3,"she is so beautiful, kind and hardworking. i admire your work you make lots of stuff in a natural way i couldn't imagine. and no preservatives. wish to join you with the dogs and lambโค๏ธ๐๐‘",她是如此美丽，善良和勤奋。我欣赏您的工作，您以我无法想象的自然方式做很多东西。没有防腐剂。希望与狗和lamb❤️
36492,UgyvmxmPJmXATBXTYnV4AaABAg.8uUOtMcYkny8uaeuB8gLtd,3,"it's not talent, she's hardworking",这不是才华，她在努力工作
38003,UgwpW2Riowc9_afPyMZ4AaABAg,3,"cutie)) and hardworking, perfect wife;) b",可爱）和勤奋，完美的妻子;）b
23779,UgxKxPF0sxKk4g9362F4AaABAg,3,she is so hardworking. watching her makes me want to learn all these things. but it also made me realise how much of a useless and lifeless i am.,她是如此努力。看着她让我想学习所有这些东西。但这也使我意识到我有多少无用且毫无生气。
12568,UgyDYTKXiEQyhi9m2ll4AaABAg.9CyVJLQm4YV9EPhoYY728V,3,those from the village working in the farm are hardworking people esp those vwho have farm but vwhat shes doing is to earn more money as a vlogger,那些在农场工作的村庄的人是勤奋的人，尤其
42814,UgxtGrA_lU7Kp75aRHF4AaABAg,3,"love this channel... it's a beautiful place, hardworking life though. i'm watching the videos one after another. :-)",喜欢这个频道...这是一个美丽的地方，勤奋的生活。我接一个地观看视频。 :-)
5769,UgzmNZReRc-yYrAzpv54AaABAg,3,"beautiful and professional videos! every video is a beautiful story, thank you so much for your work, by sharing with us and inspiring so many people! i wish if there would be translation or any english subtitles to the dishes you cook! they look so delicious! what a wonderful place you live in and i admire your strong personality and yet so artistic, hardworking! best wishes for you and your family",美丽而专业的视频！每个视频都是一个美丽的故事，非常感谢您与我们分享并激发了很多人，非常感谢您的工作！我希望您烹饪的菜肴是否会翻译或任何英文字幕！他们看起来很美味！您居住的地方真是一个很棒的地方，我欣赏您强大的个性，但如此艺术，勤奋！祝您和您的家人最良好的祝愿
29633,UgxeKMNZzvgm7jkr7yh4AaABAg,2,such a simple but hardworking women! love from india!! โคโคโค,如此简单但勤奋的女人！来自印度的爱！ ❤❤❤
25779,UgzZmKEUr6WZV62Qqqd4AaABAg,2,i love her videos.i think all women should be just like her hardworking and good skills. watching her makes me want to do more in my life.,我喜欢她的视频。我认为所有女性都应该像她的勤奋和良好的技能一样。看着她让我想在生活中做更多的事情。
6527,UgxqipOQyQ2IvnU0q2F4AaABAg,2,"this is another incredibly good, brilliant, beautiful, and inspiring video from ms. liziqi (who is also beautiful, hardworking, and brilliant.). we over here in los angeles, love your videos so much. the videos are also very therapeutic, soothing, and relaxing. thank you so much for sharing all your videos, and for all your hard work.",这是Liziqi女士的另一个令人难以置信的好，辉煌，美丽，启发性的视频（他也很漂亮，勤奋且出色。）。我们在洛杉矶，非常喜欢您的视频。这些视频也非常治疗，舒缓和放松。非常感谢您分享所有视频，以及您的辛勤工作。
15687,UgxW8d6i9Y_RNtCkwbF4AaABAg,2,"she is so hardworking 
and here i am lying all day in a bed with a mobile","她很努力
在这里，我整天都在躺在床上"
32751,UgyXwsAeYegCw1UAMqd4AaABAg,2,"la, and to eat the sabachki? she herself only dates to throw everything into his mouth, poor dogs. only tears! i look there a closet clogged with food to the ceiling. here you have japan, people are of course insanely smart. even the girl is able to collect a bed of non -hijah! and what i like they live with nature, some kind of roots, bast shoes are edible. i watch a few videos, the first thing that she cares about her mother or grandmother is not important. it is just what kind of upbringing! and the second, how hardworking they are, now i understand why they are in such a small country, an order of magnitude higher than other countries live, their head works like a good swiss watch. surprised their work, and especially the mind",洛杉矶，吃萨巴奇（Sabachki）吗？我看着一个壁橱，上面堵塞了天花板上的食物。在这里，您有日本，人们当然是疯狂的。我喜欢他们与大自然生活在一起，根源，冰棍可以食用。我看了一些视频，她关心的母亲或祖母的第一件事并不重要。这就是什么样的成长！第二，他们的勤奋程度，现在我明白了为什么他们在如此小的国家，比其他国家生活高的数量级，他们的头部像一只好瑞士手表一样工作。使他们的工作感到惊讶，尤其是头脑
20350,Ugz4RS0UNZALxraC1lZ4AaABAg,2,i had never seen such hardworking girl ever......she dont waste anything and use every part of fruit vegetable or anything else๐,我从未见过如此勤奋的女孩……她不浪费任何东西，使用水果蔬菜的每个部分或其他任何东西
2432,UgzCxkeJthWWa25eWER4AaABAg,2,"this woman is very hardworking, good at cooking, and also beautiful
","这个女人非常努力，擅长烹饪，而且很漂亮
"
39112,UgzFi04EyCnEImVTOkl4AaABAg,2,sheโ€s amazing such a hardworking beauty!!,她真是个勤奋的美！
19790,Ugw1YPcuoDS5NBc-fjJ4AaABAg,2,"blessed land, a beautiful hardworking girl taking care of her grandmother.",有福的土地，一个美丽的勤奋女孩照顾祖母。
5530,UgytO-DuiY2p5HTclTJ4AaABAg,1,what a hardworking young blessings of the top for her,对她来说，这是最艰难的年轻祝福
19726,UgxT3YcVAi0yU79t81R4AaABAg,1,i keep on watching this since last year. all i can say is paradise. she is a hardworking and loving princess in this paradise,从去年开始，我一直在观看。我只能说是天堂。在这个天堂中，她是一位勤奋而充满爱心的公主
17858,UgwuVdQ1ichVhgkJcVR4AaABAg,1,oh my god she is so hardworking and creative,哦，天哪，她是如此勤奋和创造力
39971,UgyquGPJlcp831En0KZ4AaABAg,1,"yeah she's talented, hardworking, and her videos are ๐‘๐‘ but yall are missing the point here....were those lemons๐๐๐ฒ??",是的，她很有才华，勤奋，她的视频是
19514,UgxWYh3tKEOvDyMqR1J4AaABAg.95ghD49koAg966cRx3AsU-,1,yet hardworking...,努力工作...
38997,UgwFYYm3w8VKHyDSEbp4AaABAg,1,"i thought this was an excerpt from a movie! so well made and therapeutic, well done! such a hardworking gal! ๐‘๐ผ๐‘๐ผ๐‘๐ผ๐๐‘๐ผ๐‘๐ผ",我认为这是电影的摘录！制作精良，治疗，做得好！如此勤奋的女孩！
8473,UgwkAim0xwhWWDRgjIt4AaABAg,1,what a hardworking sight for sore eyes!,眼睛酸痛的景象非常艰难！
7954,Ugyi5YmZotPqi9EGCTB4AaABAg,1,"she is so hardworking 
i wish i could be like her","她是如此努力
我希望我能像她一样"
37451,Ugx_gHs6-axbG-79wgJ4AaABAg,1,"whereโ€s she live? paradise ? itโ€s such a wonderful ,peaceful in the world that i havenโ€t seen this before. and you are so strong and hardworking and beautiful . im a fan from thailand.",她住在哪里？天堂？在世界上，这是一个很棒，和平的，我以前从未见过。而且您是如此坚强，勤奋和美丽。我是泰国的粉丝。
37936,UgzhasL7Oy4vuLco50x4AaABAg,1,"what a hardworking girl owing the wonderful people, how beautiful, just well done, live in harmony with nature๐ธ",多么勤奋的女孩欠好人，多么美丽，做得好，与自然和谐相处
22193,Ugyzvx4Je3c0NGstp7l4AaABAg,1,"ziyi is hardworking, and the small animals raised are so cute and cute.",子柒勤劳纤巧，养的小动物们也都如此乖巧可爱。
37774,UgxW8BKFwoJzqCk45h54AaABAg,1,such a hardworking girl..,如此勤奋的女孩..
22271,UgwUeevpG3U_TLeUr4B4AaABAg,1,"you're such a hardworking girl!
my eyes shine when i see your every video and things, which you do by yourself","你真是个勤奋的女孩！
当我看到您的每一个视频和事物时，我的眼睛闪耀"
40088,UgymkvrfMZtWtgpSMK54AaABAg,1,such a hardworking young woman! i admire her. and all those food she cooked looked amazing! drooled for the snowflake squares :-p~,如此勤奋的年轻女子！我钦佩她。她煮熟的所有食物看起来很棒！为雪花正方形流口水：-p〜
8669,UgyZKyCS0T7eI0jVGw14AaABAg,1,"this video littery shows me how hardworking she is
and how i am so damn lazy
but life that way is so satisfying","这个视频乱七八糟地向我展示了她有多努力
以及我真该死的
但是生活如此令人满意"
31853,UgzCnEqb5ZzM_uAYjLB4AaABAg,1,you are such a hardworking beautiful woman.,你真是个勤奋的美丽女人。
2687,UgwRRZIzdugiUXNN2pN4AaABAg,1,"you are the most talented that i have met, apart from beautiful you are very intelligent and hardworking, god always takes care of you, you are a love.",您是我遇到的最有才华的人，除了美丽，您非常聪明和勤奋，上帝总是照顾您，您是爱。
12645,UgwT1gDAxj3u5Py3Xn14AaABAg.9Cu4gC8q40r9DFuQmaSwzX,1,"no, i defy hatred. even in ny place, they instill this hatred towards the chinese people but i know where this is heading and why. i love all people, the chinese especially is just too hardworking and causes jealousy among men. keep going, you're great!",不，我无视仇恨。即使在纽约，他们也灌输了对中国人民的这种仇恨，但我知道这在哪里以及原因。我爱所有人，尤其是中国人的工作太勤奋，并引起男人的嫉妒。继续前进，你很棒！
36240,Ugw3qr-9--BZV3PyiBJ4AaABAg.8uWwTpNqXib8ukHmJ0EZRb,1,"they will be jealous with the peace that she is having. but for hardworking rich people (not those ""i got it from my daddy"" type of rich), it will take sometime to adjust to this slow paced life. they are used to a fast paced life, they don't get enough sleep.",他们会嫉妒她的和平。但是对于勤奋的富人（不是那些“我从爸爸那里得到的”富人），需要一些时间才能适应这种缓慢的节奏生活。他们习惯了快节奏的生活，没有足够的睡眠。
30498,UgwdoTcwi3-XRsZg1V94AaABAg,1,"such a hardworking, talented, energetic, beautiful, dog lover...mum i have found your future daughter in law...๐๐",如此勤奋，才华横溢，充满活力，美丽，狗爱好者...妈妈，我找到了您未来的女儿...
36493,UgyvmxmPJmXATBXTYnV4AaABAg.8uUOtMcYkny8ubIQjqry_S,1,chihuahuas didnโ€t you just see what puppies4life22 wrote? also she is talented and hardworking.,奇瓦瓦人，你不只是看到什么puppies4life22写了什么？她也很有才华和勤奋。
14082,UgzgaJfmh8lvLNQG2yR4AaABAg,1,"you are so beautiful and adorable and hardworking too, carry-on little girl ♥️♥️",你是如此美丽，可爱又勤奋，随身携带小女孩♥♥♥佐
26466,Ugz4x9jZf79qtb1MNMB4AaABAg.8zkpfxZ3kEy98qBmQzpLJR,1,"a determined, strong and hardworking young lady leading a healthy life. very capable too.",一位坚定，坚强和勤奋的小姐过着健康的生活。也非常有能力。
37590,UgyVMg3B6HU2aNhmGg14AaABAg,1,the adorable little child inside of her hardworking self made me go so freaking soft uwu,她勤奋的自我的可爱的小孩让我走了
26783,UgxqmnJmPqYuK7A9wrt4AaABAg,1,"what a hardworking, caring and beautiful she is ... !!!",她是多么努力，关怀和美丽... ！！！
31389,UgwjpKvYsnTqikxScl94AaABAg,1,shes 100 times.more hardworking than me,她100次。比我更努力
35352,UgzXrhw-_G5A0supncV4AaABAg,1,"everything is natural, environmentally friendly, everything grows at the side and nothing disappears. the girl is a bee, hardworking.",一切都是自然的，环保的，一切都在侧面生长，没有消失。女孩是蜜蜂，勤奋的。
37059,UgyEGa7S8OEs6vHDGF14AaABAg.8uKAG1ThWGP8vMns7LHrx4,1,this is suppose to show the simple and beautiful also hardworking lifestyle of a village life,这应该表明乡村生活的简单而美丽的生活方式
36592,UgywLK5Gn2ge0HD0_DZ4AaABAg,0,the way how the puppies and lambs follow her is super cute and i love how hardworking she is. people should live this way for a while with no wifi and tv or phones just for a little bit to refresh our brains,幼犬和羔羊跟随她的方式非常可爱，我喜欢她的勤奋。人们应该以这种方式生活一段时间，而没有wifi和电视或电话，只是为了刷新我们的大脑
34600,UgwsmwvcLDkPPQyKcIB4AaABAg.8uzOrtFqjkV9NMpvuuSMlv,0,"such a smart girl, hardworking,!",如此聪明的女孩，勤奋，！
37410,UgwqJKdYEEIJZezwd8d4AaABAg,0,she is very hardworking she,她很努力
35556,UgzLM-NWYJ_XcfIf4L54AaABAg,0,"she is so hardworking and beautiful, i would love a woman like her โค๏ธ",她是如此的努力和美丽，我会爱一个像她这样的女人❤️
37412,Ugy2pbtHoIH2JTJvsit4AaABAg,0,"renjith kerala,u r very talented charming beauty,hardworking mind,good luck& keep going.....",Renjith Kerala，非常有才华的迷人美女，勤奋的头脑，祝您好运和继续前进.....
37080,UgyEGa7S8OEs6vHDGF14AaABAg.8uKAG1ThWGP92PNbWP--YC,0,anna hall wow this is so interesting & sad. but all those hardships made her turn out as an amazing & hardworking woman. thank you for informing us!:),安娜·霍尔（Anna Hall）哇，这是如此有趣和悲伤。但是所有这些困难使她成为了一个了不起的勤奋女人。谢谢您通知我们！:)
36308,Ugya_eNhyXZsYMZEkQJ4AaABAg,0,"beautiful, hardworking she's an asian snow white",美丽，勤奋的她是亚洲白雪公主
35942,Ugxd1sIoWzrESasxyg94AaABAg,0,she must be like a perfect loving wifeโ€” scratch that. sheโ€s so hardworking and independent that she doesnโ€t even need a man to be honest.,她一定像一个完美的爱妻子 - 从头开始​​。她是如此努力和独立，以至于她甚至不需要一个男人。
35234,UgyoQ22FTE7CBFzC4qx4AaABAg.8ukF8x1n6m-9NdAqxdQ0sQ,0,@dolliewigs2415 she's more hardworking than you can prolly imagine.,@drolliewigs2415她比您想象的要努力工作。
35068,UgyoQ22FTE7CBFzC4qx4AaABAg.8ukF8x1n6m-8voLQpcA2PX,0,i feel the same way. this girl knows so many things. she's so smart and hardworking. she looks so happy. i honestly envy people who manage to live so beautifully and peacefully. that place is gorgeous.,我有同样的感觉。这个女孩知道很多事情。她是如此聪明和勤奋。她看起来很高兴。老实说，我羡慕那些设法如此美丽，和平地生活的人。那个地方很漂亮。
36227,Ugx17iBNPAJynjbTSSl4AaABAg,0,"what a hardworking girl, the video is very kind and positive)",一个勤奋的女孩，视频非常友善和积极）
36542,UgyzWftfxsT1zb2rV1l4AaABAg,0,"whar a simple, but very nice lifestyle she has! she is so hardworking ๐๐ค—",她的生活方式很简单，但非常美好！她是如此努力
46485,Ugx24j0g5Xv_oJB6Zd94AaABAg,0,"beautiful i think this chennel is goodest chennel for food video .,everything so pretty so cleeen beautiful place ..and this girl very hardworking",美丽，我认为这个小型唱片是食品视频的最好的Chennel。
52161,UgyQhhzhp9XbiIOu4Xd4AaABAg,0,what a hardworking one,多么勤奋的人
46830,UgxE45yCELdfgGh_vll4AaABAg,0,"very positive video! hardworking girl. it can be seen that good, how dogs love her)) exceptionally pleasant emotions from viewing.",非常积极的视频！勤奋的女孩。可以看出，好，狗如何爱她））从观看中产生了异常愉快的情绪。
44027,UgwgtuwH_Sgu6DJXDnJ4AaABAg,0,"if i had a wife, hardworking",如果我有一个妻子，努力工作
47191,UgybcW1U4kNj5OMsBsl4AaABAg,0,"she is the woman with whom every man dreams, she is beautiful, hardworking, she knows how to cook, home, humble, dominates culinary arts, agriculture, gardening, it is asian, etc. etc .... let's marry. i love you",她是每个人都梦想着她美丽，勤奋的女人，她知道如何做饭，家，谦虚，统治烹饪艺术，农业，园艺，是亚洲人等。我爱你
44259,UgzJqgitS7CF5o1aQ0t4AaABAg,0,"this girl is very hardworking, but i don't like that i hardly caress those beautiful puppies or give them food :(",这个女孩很努力，但是我不喜欢我几乎不爱抚那些美丽的小狗或给他们食物:(
44369,UgynzVYtWiqWg4PAl_N4AaABAg,0,what a well done hardworking,做得很好的努力工作
44371,UgyQORd6UOgqlwjCUg54AaABAg,0,i love her reaction on popcorn scene 's so cute hardworking person,我喜欢她在爆米花场景上的反应
44422,UgznMcsj1qI8pIqykIh4AaABAg,0,she is so strong and hardworking!!!❤,她是如此坚强而勤奋！！！
44796,UgytwOFIq_MIIPmWwiF4AaABAg,0,so hardworking ..,如此努力..
49643,UgxkIlE9bCUqn0-wDed4AaABAg.8qm18_MbC-d8utx4OVs7RS,0,@gla41904 why ?)she is hardworking,@gla41904为什么？）她在努力工作
45006,UgzQYU_Rx8F5M5HJXNR4AaABAg,0,how hardworking she is i am fan of her we can not imagine this type of skills,我对她的粉丝有多努力，我们无法想象这种技能
45034,UgzaldRnZtBbL0eehPl4AaABAg,0,"very hardworking the girl, always very active !!!",非常勤奋的女孩，总是非常活跃！！！
45344,Ugy_0214ictQe0GY0J94AaABAg,0,hardworking))),任劳任怨）））
45365,Ugy3P4dj7a46R2jU9oR4AaABAg,0,what a hardworking girl),多么勤奋的女孩）
45461,UgxgPrqaWeaPtujikht4AaABAg,0,"there is so much work in this light video. it is not a supermarket to go into the supermarket and heat up in the microwave. generate, care, collect, process, and all without modern technology. the hard -working people are hardworking people. ughts.",在这个轻型视频中有太多工作。进入超市并在微波炉中加热不是一家超市。生成，护理，收集，流程以及没有现代技术的所有人。工作艰难的人是勤奋的人。 ughts。
45566,UgxH2yWZOSgaR8ta3jd4AaABAg,0,new subscriber hre..so relaxing n gud atmosphere ...u r hardworking girl...keep it up...love from india,新的订户HRE ..如此放松
43942,UgzIuPHG_UYB1T8yg5J4AaABAg,0,"my new favorite channel. my best wishes for that hardworking girl, you deserve the best.",我最喜欢的频道。我对那个勤奋的女孩的最良好祝愿，你应该得到最好的。
43810,Ugx-CdUm_vE432_eKY54AaABAg,0,"hello good morning, how are you, i love your videos, you are an incredible, very intelligent and very hardworking woman god bless you cordial greetings from costa rica",你好早上好，你好吗，我爱你的视频，你是一个令人难以置信的，非常聪明且非常勤奋的女人，上帝保佑你哥斯达黎加的亲切问候
37791,UgyQ1z1W-O1j3Amvzd94AaABAg,0,"i really love and respect ur liziqi, i am much impressed to see the spirit of ur work...you are too much found of ur work... you are too much much more hardworking girl... i hope my daughter will same like that you in home works and also perfect mangable like that you... we love you and inspired all of urs works.. ๐ ๐ ๐",我真的很喜欢和尊重ur liziqi，看到你的工作精神给我留下了深刻的印象...你对你的工作太多了...你太勤奋的女孩了...我希望我的女儿能一样像您一样，您在家中的作品，也像您一样完美的可操作...我们爱您，并启发了所有Urs的作品。
40667,UgyybdbZI1yxjjgoDel4AaABAg,0,she is such a beautiful pancake .. also hardworking,她是一个美丽的煎饼..也很努力
38619,UgyJ7v5FEa4WOf3KFs14AaABAg,0,the tin is what a hardworking one,锡是一个勤奋的人
38645,UgzHyaB_7UKzG5q_t9N4AaABAg,0,what a hardworking one and even a beauty,多么努力的人，甚至是美女
38777,Ugw-EyMUznR601BQv-x4AaABAg,0,what a hardworking woman and what a great heart she has.. i really like your way of living and your video.,多么勤奋的女人，她拥有多么伟大的心..我真的很喜欢您的生活方式和视频。
46394,UgwujM7QdjRr_EzcFQJ4AaABAg,0,"wow ... what a more talented, hardworking, ingenious and how rich all of you look ... it does not lose any fruit !!! everything takes advantage of nature ... i am admired !!!",哇...多么才华横溢，勤奋，巧妙，你们所有人都多么富有……它不会失去任何水果！！！一切都利用自然...我很钦佩！！！
39946,UgwmcjQqwx9sYKoymQB4AaABAg,0,i like your video your hardworking woman i like your puppy ๐ถ โค๏ธ๐,我喜欢你的视频你勤奋的女人，我喜欢你的小狗
40219,UgzHxOrBdFSa0j8yLCN4AaABAg,0,waaah she is so hardworking lady plus know how to cook,waaah她是如此勤奋的女士加上知道如何做饭
49645,UgyXF6Elf5QVz0shtht4AaABAg,0,if i could give you a thousand likes you are a very hardworking woman that god bless you,如果我能给你一千个喜欢你是一个非常勤奋的女人，上帝保佑你
43629,UgzD3T9LhS-_xblBwxl4AaABAg,0,"incredible, everything he knows how to do, that girl so hardworking, surprising and everything looks delicious",令人难以置信，他知道该怎么做的一切，那个女孩如此努力，令人惊讶，一切看起来都很好吃
40825,UgxEzmqmVPfilaHBxid4AaABAg,0,i m pure vegetarian but watch all vedios because of beautiful views of nature. really she leaves in heaven...i love the background music and of course of her she is beautiful hardworking and cute...,我纯粹是素食主义者，但由于自然的美丽景色，请观看所有的Vedios。她真的留在天堂里...我喜欢背景音乐，当然她是美丽的勤奋和可爱的...
41369,Ugz1Hex1GbP--uLupXJ4AaABAg,0,she is really a kind hardworking beautiful woman.,她真的是一个善良的美丽女人。
41399,UgwAegtzQuiwxDN9vBV4AaABAg,0,"people this girl is very hardworking, beautiful and very smart i'm very fan of her ..",这个女孩非常努力，美丽且非常聪明，我非常喜欢她。
42290,Ugy2sEF_sQ5jGVf08jt4AaABAg,0,"cool #, what a hardworking girl, not like city skins",酷＃，多么勤奋的女孩，不像城市皮肤
42902,UgzgSNo0gozqvMjrHG14AaABAg,0,she is hardworking full of skill and she deserved to release of recipe book.i love the place of surounding.,她的技巧充满了努力，她应该释放食谱书。我喜欢尖锐的地方。
43056,Ugx0Sq7ZtMRafH0Ql1F4AaABAg,0,loved the video and the hardworking you have done to get this to final product.,喜欢视频以及您为将其推向最终产品而做的勤奋。
39757,UgwRqFDbkc5cA_F8Mn54AaABAg,0,"i never see such a talented women..she is really hardworking...ma sha allah
i would like to live with her.her place she and her grandma gives me so much peace ....๐๐๐๐","我从来没有见过这样的才华横溢的女人..她真的很努力...马沙阿拉
我想和她住在一起。"
459,UgxP7nRu9S_X8ogwG7d4AaABAg,0,very hardworking lady..,非常勤奋的女士..
32779,UgwI0NCiKZr653b_2Yt4AaABAg,0,what the-she's too hardworking for me to handle...and her cooking stuff is cool tho.,她对我来说太努力了……而她的烹饪东西很酷。
9552,UgzpbdalWcxl5U9f_aB4AaABAg,0,o god how hardworking shi is,上帝啊，什叶有多努力
10349,UgyS3qRirvk06VNqgwd4AaABAg,0,you are a very hardworking girl,你是一个非常勤奋的女孩
10416,UgxnjMXfZlAB9RCRbPR4AaABAg,0,thumbs up for hardworking,大拇指努力工作
10574,Ugw8Z5EXeMhdO8IHeJZ4AaABAg,0,"i love you hardworking spirit, liziqi you are great โคโคโค๐จ๐ฆ๐จ๐ฆ๐จ๐ฆ๐จ๐ฆ๐จ๐ฆ๐จ๐ฆ๐จ๐ฆ",我爱你勤奋的精神，liziqi你很棒❤❤❤
11116,UgzSt0Ll0q85HVeAa3J4AaABAg,0,korean people are very hardworking like bts,韩国人像BTS一样勤奋
12727,UgylXkqZI0tpVygZ4xN4AaABAg,0,she is so hardworking and she is so cuteeee...pure natural beauty,她是如此勤奋，她真是太可爱了...纯净的自然美女
12806,Ugx-LhB0EyAcmvIp9eV4AaABAg,0,"is there anything that li ziqi cannot do？this amazing, hardworking lady is the embodiment of all things bright and beautiful. you are simply the best ziqi and you deserve nothing but the very best. thank you for everything that your awesome videos bring to all of us.",李齐（Li Ziqi）做不到的事情是，这位神奇而勤奋的女士是万物明亮和美丽的体现。您只是最好的Ziqi，只有最好的东西。感谢您提供的真棒视频带给我们所有人的一切。
13544,Ugz6-dL78JRpIGItwSp4AaABAg,0,wow !! girl u r damn hardworking n so creative... loved it.,哇 ！！女孩，该死的努力工作如此创意...喜欢它。
13859,UgypWBQRWSDAadNoKrZ4AaABAg,0,"love, hardworking woman !!!",爱，勤奋的女人！！！
13871,UgwJp17AhHSrzCd9SKt4AaABAg,0,really you are so hardworking bravo amazing,真的，你真是太努力了
14155,UgypjdK0I6C3dzwv7wZ4AaABAg,0,"i respect the chinese. very hardworking people. they work in the literal sense from sunset to dawn and do not complain of life, on power, about the gods. well done.",我尊重中国人。非常勤奋的人。他们从日落到黎明的字面意义上工作，不要抱怨生命，权力和众神。做得好。
14458,UgwssX4qUxR7qZmu48h4AaABAg,0,"zi yan was like a beautiful and hardworking fairy, and she changed countless food with her magical hands.",子柒像一个美丽又勤劳的仙女，用她那双神奇的手变出无数的美食。
15368,Ugx_wh_ElZyYF7ResaB4AaABAg,0,i wish i were your family member to help you. you are so hardworking. i always feel peace and happy when i ever i watch you. i also want my life just like you. ❤lots of wishes for you and your family ❤,我希望我是您的家人来帮助您。你真努力。当我看着你时，我总是感到安宁与快乐。我也想要像你一样的生活。 ❤祝愿您和您的家人的愿望
15603,UgzOi83gS4ujvedvCOp4AaABAg,0,wah!!!wah!!u r such a hardworking girl,哇！
15631,UgyplJuUMACyK-W8lpZ4AaABAg,0,"the girl is good, hardworking, give her already to marry, otherwise he should be worn, she needs to give birth. i look with great pleasure. thank you.",这个女孩很好，勤奋，让她已经结婚了，否则他应该佩戴，她需要分娩。我很高兴。谢谢。
15745,Ugyq22pPLDJ6KzgClWF4AaABAg,0,hardworking lizqui,努力工作的利兹基
9870,UgyqV8TJvAm4Wj4oqPx4AaABAg,0,she is hardworking,她在努力工作
9406,UgxY31vRNBjgOstCjtx4AaABAg,0,she is so hardworking girl and she peppered the food for selling or keeping for longtime,她是如此勤奋的女孩，她为长期出售或保留食物
17262,Ugyl9wuW2LwLe8vJXwt4AaABAg,0,hardworking girl wow she cooks nice,勤奋的女孩哇，她做得很好
9247,Ugwl8SRqNOGRaTlFKf54AaABAg,0,"you're so hardworking dear,, keep it up....",亲爱的，你真是太努力了，继续努力....
1359,Ugz97QeVaGM4l7Fn6pN4AaABAg,0,so hardworking girl good girl,如此勤奋的女孩好女孩
1369,Ugypa3aNwuolFCAdEB94AaABAg,0,you are so hardworking i love your content so much โค๏ธโค๏ธ๐,你真努力工作，我非常喜欢你的内容❤️❤️
2419,UgxOYFGGadlyEO7M_2h4AaABAg,0,such a hardworking girl....,如此勤奋的女孩...
2831,Ugwv9x_ZFvKCIWUavIl4AaABAg,0,"my respect and admiration, young, beautiful and very hardworking and loving with their mother or grandmother i don't know, but everything is very nice",我的尊重和钦佩，年轻，美丽，非常勤奋，我不知道的母亲或祖母，但一切都很好
3375,UgwwgS39wmLZeW65N3t4AaABAg,0,hardworking women great job looking awesome all,勤奋的女人出色的工作看起来很棒
5868,UgzzPkUqZ5c0zBgLZKh4AaABAg,0,amazing i just love this channel and you hardworking,我只是喜欢这个频道，您努力工作
5933,Ugw40YLjeiOi7h0xeEF4AaABAg,0,very hardworking girl....god bless u ma....,非常勤奋的女孩....上帝保佑你妈。
5976,UgxoEEsfv-s9K_EX9yR4AaABAg,0,"the videos are very peaceful, i always watch. very hardworking and beautiful girl.",视频非常和平，我总是看。非常勤奋和美丽的女孩。
6076,Ugxn1qG3ZyQ1tvK2LBh4AaABAg,0,wow so hardworking girl i m very impressed,哇，这么努力的女孩，我印象深刻
6542,UgxIso-pOYvc3eCP1Dx4AaABAg,0,you are very hardworking,你很努力
6691,UgwFwszKkmph62emXAF4AaABAg,0,ooo pretty women.. ur the most hardworking women i ever seen,哦，漂亮的女人..您见过的最勤奋的女人
7373,UgzQCCRRfW0SpmmDSO94AaABAg,0,hey you are a good cooker and hardworking you have a great skill keep up,嘿，您是一个好的炊具，勤奋工作，您的技能很高
7393,Ugxo8CQm9GLa9se6_Dl4AaABAg,0,"i don't know if you understand my tongue, but i want my daughter to be hardworking and clever like you.",我不知道您是否理解我的舌头，但我希望我的女儿像您一样勤奋而聪明。
8354,UgxPloOPAeAsfekC0OV4AaABAg,0,i don't know how to talk about your language .. but i really like your videos .. you are very hardworking .. safe from veracruz,我不知道该如何谈论您的语言..但是我真的很喜欢您的视频..您非常努力。
8664,UgzlTN0eFL1mbzDkSSV4AaABAg,0,"everyone : you are so hardworking 
me :ok but what about that cute dogs and especially 10:03













thanks for like but kindly visit my channel","大家：你真努力工作
我：好的，但是那只可爱的狗，尤其是10:03呢













感谢您的喜欢，但请访问我的频道"
16272,Ugw8ygialT5WkXvb-CR4AaABAg,0,she is very hardworking woman,她是非常勤奋的女人
17401,Ugy-yqASPsKpKQRwp8l4AaABAg,0,very hardworking girl,非常勤奋的女孩
32509,UgyIxvPyiC8eDoOzRfB4AaABAg.8vpQsjhrFL19YXeJL4IOz8,0,just leave all bad words and see how hardworking she is,只要留下所有坏话，看看她有多努力
25762,Ugy-FOsgGBLoQrY0vx54AaABAg,0,you are very hardworking girl and veryyyy goood sheff ...,你是非常勤奋的女孩和非常努力的sheff ...
469,UgznvIafE-0FNuLtsFJ4AaABAg,0,"the way your videos help me. thank you so much! wish i could live this slow pace of life one day. doesnt have to be in village, city okay too but this kind of slow pace. i will hardworking so i could live this lifestyle :)",视频对我的帮助。太感谢了！希望我有一天能过着这种缓慢的生活节奏。不必在乡村，城市也可以，但是这种缓慢的步伐。我会努力工作，这样我就可以过这种生活方式:)
26840,Ugwq72v29b32ZkpaGsZ4AaABAg,0,"hardworking women are those who have been being surrounded by cruel "" friends"" who just came to her to make her feel being overwhelmed with messy knowledge or messy workloads. liqizi is not the hardworking one as long as she enjoy her jobs and there is no cruel friend around her.",勤奋的女人是那些被残酷的“朋友”包围的女人，她只是来找她，使她感到被凌乱的知识或凌乱的工作量所困扰。只要她喜欢自己的工作，周围没有残酷的朋友，Liqizi就不是一个勤奋的人。
27152,Ugy_ahs4wqqDriMYyLl4AaABAg,0,"cinderella. how much work is it necessary to create such a garden and garden, a beautiful and hardworking woman โฅ",灰姑娘。创建这样的花园和花园，一个美丽而勤奋的女人需要多少工作♥
27539,UgwOqvBZhfTRX1hRsLd4AaABAg,0,"no, no, mashallah in the country, the most hardworking woman i have seen in her life, ๐‘ we are, but let's eat and drink and take a selfie :)",不，不，马沙拉（Mashallah），我一生中见过的最勤奋的女人，
27986,UgxlR5-zEMoJ2_jVeSV4AaABAg,0,a truly hardworking woman,一个真正勤奋的女人
28102,UgyHkTqbL_y7x-aHk_x4AaABAg,0,she is such a hardworking lady. she is so inspiring.,她是一位勤奋的女士。她是如此鼓舞人心。
29148,Ugx0ZQZDUaI-7FDOZSN4AaABAg,0,felix and the man who is lucky to have is a girl to be his wife she is very hardworking and is not too lazy congratulations to this family and may god bless you always,菲利克斯（Felix）和幸运的人是一个女孩，是一个女孩，她是他的妻子，她非常勤奋，对这个家庭不太懒惰，愿上帝保佑你永远
29154,UgyB1NaGPfkmVZrL41d4AaABAg,0,"i want to live your life like you because i love that nature where did you live and you are really very hardworking girl ,and you are looking so cute and humble , and i am from india but i like your place more",我想像你一样过着你的生活，因为我喜欢你住在哪里，你真的很努力地工作，你看起来很可爱和谦虚，我来自印度，但我更喜欢你的地方
29413,Ugxw6PtEfCgCzr-xLTp4AaABAg,0,this woman is so hardworking and talented like-,这个女人是如此勤奋和才华横溢 -
29922,UgzeB0g4lY3-dVA0AcF4AaABAg,0,there was an explosion he was surprised hhaha his femininity there was also hhhhh because his hardworking was so hard to forget the nature of his femininity. amazed,发生了爆炸，他感到惊讶的是，他的女性气质也有HHHHH，因为他的努力工作很难忘记他的女性气质的本质。惊讶
30597,UgyQsTnNz6JRQcVyByl4AaABAg,0,want to marry a girl like this..hardworking..matured and not a feminist fucktard...,想嫁给一个这样的女孩.. hardworking ..整理而不是女权主义的他妈的...
31152,Ugy8mJbfP32S815jOg94AaABAg,0,how hardworking she is,她有多努力
31412,UgwNWf8j4ok0ZFXlnbN4AaABAg,0,i think sheโ€s an angel or something because sheโ€s so kind and hardworking! and she so prettyyyy!!!!,我认为她是天使之类的东西，因为她是如此友善和勤奋！她真漂亮！
31710,UgwIMOyDjGq5PyzmM5Z4AaABAg,0,so hardworking lady very good keep it up,如此勤奋的女士很好地保持
32434,Ugy9hi5y64ph9cFgugN4AaABAg,0,this life is not an easy one.. really she is a hardworking one..oh my god i can't live like this in any single day...hats off to you,这个生活并不容易。
25964,UgwxwBC9ckkGBzF-IPZ4AaABAg,0,"first of all she is naturally beautiful. she has a lot of skills. she is strong too lol she can carry heavy loads of fruits. she has two assistants yes but she directs most of her videos. i just love how she can just cook anything or do anything like make her dye her dress, embroided clothing or pillowcases. and how she handles things with care. people in her town said she is a very hardworking person. intelligent and has talent. she is just amazing. makes me wanna plant and make a beautiful garden. she inspires millions of people around the world. she is a real life amazing princess.",首先，她天生美丽。她有很多技能。她太坚强了，大声笑她可以携带大量的水果。她有两个助手是，但她指导了大多数视频。我只是喜欢她如何做任何东西或做任何事情，例如使她的衣服，绣花衣或枕套染色。以及她如何小心处理事情。她镇上的人说她是一个非常勤奋的人。聪明并且有才华。她真是太神奇了。让我想种植一个美丽的花园。她激发了世界各地数百万的人。她是一个现实生活中令人惊叹的公主。
25133,Ugwg9nINOKcAKkAQMUp4AaABAg,0,liziqi you are a very great person n hardworking when i watched ur videos i feel relax and most important i like u n ur grandma she is so cute god bless you,liziqi你是一个非常伟大的人，当我看你的视频时，我感到放松，最重要的是我喜欢你，她是如此可爱的上帝保佑你
17692,UgwvwstSOeGgS3VTJih4AaABAg,0,"what an amazing girl! beautiful, hardworking, caringova",多么了不起的女孩！美丽，勤奋，Caringova
23857,UgyyDub3EqlNeBKLubZ4AaABAg,0,a wonderful and hardworking woman.!,一个奇妙而勤奋的女人。
17698,UgziWh5b2vlYhaDtHDt4AaABAg,0,"goddess li zi, thank you for your hard work. we want to be your relatives or neighbors. we love to be your relatives or neighbours, thank you. you are like a hardworking angel.","李子柒女神、谢谢辛苦你. 我们想做你的亲戚或邻居。 We love to be your relatives or neighbours, thank you. You are like a hardworking angel."
18040,UgwJplDV45Hu7i5MRVh4AaABAg,0,"sweet, hardworking girl!!!",甜美，勤奋的女孩！！！
18386,Ugwt6E0aLXWnRvXb6-Z4AaABAg,0,i̇ like her very much! bravo she is so hardworking girl. but after korona during all videos i was wared about this two pupis thanks god she dış not cooked tham,我非常喜欢她！她是如此勤奋的女孩。但是在所有视频中，科罗纳之后，我都被这两个小学家警告，感谢上帝，她没有煮过tham
18659,Ugxmmm8sPHevdzkY6Ql4AaABAg,0,what a fraud and very hardworking,多么欺诈和非常勤奋
19610,UgypR4F8PIIa8cpoNjl4AaABAg,0,how do you do this this is freaking fairy land and you are the most hardworking fairy,您如何做到这一点是怪异的童话土地，而您是最勤奋的童话
19975,Ugx9Z7MRxLAu5HG3zX94AaABAg,0,you had became one of my inspirations .thanks a lot .u are very very hardworking and caring girl,您已经成为我的灵感之一。很多.U是非常勤奋和关怀的女孩
19993,Ugz9Y9AsFE3TDfknFIB4AaABAg,0,"she is amazing, hardworking girl she has to come to usa and own a shop she has a lot and unique skills",她是很棒，勤奋的女孩，她必须来美国并拥有一家她拥有很多独特技能的商店
20564,UgwK8UQUMzi6z6_2ZRp4AaABAg,0,she is so hardworking person ๐,她是如此勤奋的人
20746,UgwnSxTrlLN--CWzVL94AaABAg,0,"dear you are very hardworking girl, i want to meet you",亲爱的你是非常勤奋的女孩，我想见你
21472,Ugz6P1B04Tm6En3bRId4AaABAg,0,"wow incredible, i am surprised by everything she does, she is an expert cooking. it shows that she is very hardworking.",哇，令人难以置信，我为她所做的一切感到惊讶，她是一位专家烹饪。这表明她很努力。
21548,UgyIynhxSGOb6dyu5Sd4AaABAg,0,what a well done! a very hardworking girl!,做得好！一个非常勤奋的女孩！
21590,Ugzn-jnH8XvKa7HE1-94AaABAg,0,how deliciously it was removed ..... !!! direct delight !!!! and what a hardworking girl !!! on firewood to cook such a tasty !!!!!,How deliciously it was removed ..... !!! Direct delight !!!! And what a hardworking girl !!! On firewood to cook such a tasty !!!!!
22201,UgwI6L7EUPwilX6f7_V4AaABAg,0,"the cinematography and storyline are amazing to watch. sheโ€s such amazing skill and hardworking to me. i once visited a village area and barely survived. ๐คญ๐คญ so much work to prepare for the food i ate such as plucked the chicken feather before cooking, or chopped the cassava tree to make stem cassava. 

i truly admire her and her work","摄影和故事情节令人惊叹。她对我来说是如此出色的技巧和勤奋。我曾经参观过一个村庄，几乎没有幸存。 

我真的很佩服她和她的工作"
22409,Ugz7WDz2NdI8d-5iF694AaABAg,0,kaash ink ink jaisi hardworking wife sabko mile,Kaash墨水Jaisi勤奋的妻子Sabko Mile
23713,UgwM0dySKx7ZUT-Fned4AaABAg.92EWx_NqxMa92wtmB373wM,0,"what is this? is there a real address? do i have time to go? i really like this girl, i feel that she is very sunny and hardworking",请问这是什么地方？有真正确地址吗？我有时间可以去吗？好喜欢这个女孩，感觉她很阳光和勤劳
52534,Ugzw9b4mO1gXzJwIkRB4AaABAg,0,"omg what a beautiful video , such a hardworking lady .",天哪，多么漂亮的视频，如此勤奋的女士。
